tetra,vertex,x,y,z
1,1,0.0,0.0,0.325585
1,2,0.0,0.0,0.427437
1,3,0.0,0.0,0.223482
1,4,0.0,0.0,0.223482
2,1,0.0,0.0,0.0192852
2,2,0.0,0.0,0.0192852
2,3,0.0,0.0,0.220815
2,4,0.0,0.0,0.120265
3,1,0.0,0.0,0.0168858
3,2,0.0,0.0,-0.0848409
3,3,0.0,0.0,0.0168858
3,4,0.0,0.0,-0.0848409
4,1,0.0,0.0,-0.0872377
4,2,0.0,0.0,-0.189266
4,3,0.0,0.0,-0.0872377
4,4,0.0,0.0,-0.189266
5,1,0.0,0.0,-0.298068
5,2,0.0,0.0,-0.193176
5,3,0.0,0.0,-0.193176
5,4,0.0,0.0,-0.193176
