# Generated by Visualization Toolkit
v 19.763 20.8162 20.3583
v 20.4426 20.4823 19.7051
v 19.9307 21.319 19.5103
v 19.4689 20.4324 19.4829
v 19.6728 21.514 20.4372
v 20.442 21.1886 20.9871
v 20.5936 21.4957 20.0476
v 20.1071 20.6395 20.2214
v 20.8556 18.9558 19.1222
v 21.1527 18.8793 20.0739
v 20.5319 19.6145 19.8014
v 21.4867 19.6305 19.5047
v 21.049 20.1163 18.7843
v 20.248 19.9597 19.3621
v 20.4458 19.3397 18.6028
v 20.1312 20.2709 18.4189
v 18.4053 19.7741 19.9903
v 18.6594 20.1829 20.8668
v 18.802 19.2055 20.7109
v 19.3699 19.876 20.2335
v 20.2172 20.2738 18.6315
v 20.4743 20.2513 19.5977
v 20.7848 21.0023 19.0149
v 21.1638 20.0851 18.8927
v 18.5809 19.2652 19.8
v 19.4099 18.7081 19.752
v 19.2635 19.4447 19.0917
v 19.4649 19.6621 20.0468
v 21.4696 19.6438 19.4463
v 21.5087 20.5454 19.8771
v 20.6815 19.9891 19.9559
v 21.5129 19.7206 20.4425
v 19.3532 18.7763 19.2689
v 20.0843 18.3997 19.8378
v 20.1873 19.3052 19.4261
v 19.5355 19.1661 20.1716
v 19.8398 18.8596 21.1263
v 18.961 18.9616 20.6601
v 19.7073 19.5979 20.465
v 19.2418 19.6293 21.3495
v 18.9399 21.2095 20.0772
v 19.6152 20.4927 20.2503
v 19.5413 21.2711 20.8737
v 19.9138 21.4001 19.9547
v 18.7143 19.5214 19.1561
v 19.623 19.7835 19.4811
v 19.3036 20.0936 18.5856
v 19.5299 19.1302 18.7297
v 21.0558 18.8198 19.71
v 20.3557 19.4291 20.0822
v 20.9169 18.8768 20.6986
v 20.2282 18.438 20.1215
v 18.7381 20.5 20.8646
v 19.4755 20.3937 20.1974
v 19.2236 21.3049 20.5233
v 18.6053 20.801 19.9202
v 19.3068 20.7609 21.2375
v 19.545 20.2035 20.4422
v 19.207 19.7666 21.2758
v 18.5873 20.3099 20.7094
v 18.5555 20.542 19.5376
v 19.4611 20.3848 19.9313
v 19.2995 21.1839 19.3521
v 18.8946 21.1382 20.2653
v 21.0372 20.066 18.7731
v 21.1897 19.2063 19.2605
v 21.5636 20.0598 19.6234
v 20.5772 19.897 19.6448
v 19.5626 20.929 21.2279
v 20.3253 20.3589 21.5331
v 20.5002 21.1743 20.9812
v 20.0674 20.3735 20.5671
v 21.15 20.4137 19.8342
v 21.2885 19.6601 20.4767
v 21.2539 20.6019 20.8108
v 20.4228 20.1607 20.4723
v 20.8774 19.7996 21.3352
v 21.3613 19.6083 20.4812
v 20.4741 20.0693 20.4608
v 21.279 20.5494 20.8093
v 19.1228 20.4409 18.7241
v 18.5507 20.5285 19.5395
v 19.5273 20.3349 19.6325
v 19.2235 21.2358 19.3225
v 21.1729 20.06 18.8988
v 20.5268 20.2485 19.6384
v 20.8277 20.9884 19.0367
v 21.4653 20.589 19.6955
v 20.1739 19.4043 19.6659
v 19.9071 20.3388 19.4301
v 20.724 20.1766 19.9837
v 19.8167 20.0156 20.3721
v 20.837 21.1213 19.2062
v 20.2403 20.3727 19.4952
v 19.8988 21.3126 19.4945
v 20.0698 20.8421 18.6288
v 20.1167 20.661 20.0031
v 20.7774 21.4093 19.9439
v 19.9571 21.4203 19.3721
v 19.8809 21.5654 20.3586
v 19.8487 19.34 18.5384
v 20.0463 18.6097 19.1923
v 20.0884 19.5658 19.4826
v 19.2052 19.1437 19.2782
v 19.6588 18.7122 20.2774
v 18.845 18.9114 19.7315
v 19.4096 19.6601 20.0788
v 18.8539 19.1188 20.7098
v 19.8569 18.576 20.0431
v 20.18 19.3218 19.4605
v 19.4743 19.494 20.1477
v 20.4148 19.3089 20.4324
v 19.8788 21.4899 19.4387
v 19.8563 20.4971 19.5566
v 19.1348 20.9554 19.0376
v 20.0582 20.8896 18.6593
v 18.6728 20.4497 19.2084
v 19.5285 20.0554 18.8733
v 19.3982 20.2083 19.8529
v 18.884 19.4886 19.3864
v 20.1014 19.3831 19.6267
v 19.9018 20.3385 19.4087
v 19.8145 20.0115 20.3498
v 19.1589 19.7161 19.6549
v 19.5931 20.9619 18.7737
v 19.5666 20.3645 19.5751
v 18.9592 20.189 18.8003
v 19.942 20.0268 18.7119
v 20.4457 21.1797 20.9988
v 19.6801 21.5111 20.4474
v 19.9442 20.5474 20.4082
v 19.5101 20.9139 21.2312
v 19.6549 19.6299 21.3765
v 19.455 20.5214 20.97
v 20.2703 20.4017 21.5365
v 20.2238 19.9786 20.6316
v 20.4137 20.8359 20.935
v 20.3417 19.9086 20.5677
v 21.1131 20.1556 21.154
v 20.1958 20.0726 21.5433
v 18.614 20.1503 19.1964
v 18.6422 20.8568 19.9035
v 18.3995 19.9172 20.1448
v 19.3391 20.1399 19.8849
v 20.9371 19.0173 20.0595
v 21.4854 19.7299 20.4972
v 21.4882 19.6378 19.5015
v 20.6726 19.9776 19.9699
v 19.8146 18.7544 21.0041
v 20.1485 19.4616 20.381
v 20.6084 18.5746 20.4232
v 19.6975 18.6467 20.0169
v 18.6035 20.797 19.9304
v 19.352 20.1694 20.1447
v 18.4064 19.8447 20.1631
v 18.7326 20.4744 20.8681
v 20.304 19.4828 19.6699
v 20.0942 18.6551 20.1903
v 20.1538 18.6169 19.1928
v 20.9812 18.7502 19.7384
v 20.7788 19.2364 18.816
v 20.1013 19.5881 19.4619
v 20.0309 18.6491 19.1251
v 19.8435 19.4159 18.5112
v 20.3024 20.4646 19.979
v 19.6302 19.8802 20.4337
v 19.5364 20.0859 19.4595
v 19.3745 20.8011 20.1394
v 21.1865 19.2109 19.2501
v 20.3016 19.3904 18.8203
v 21.0295 20.0743 18.7708
v 20.5705 19.8948 19.6409
v 19.8599 19.6076 21.5525
v 20.7115 19.2115 21.2091
v 20.0633 19.6312 20.5737
v 19.8384 18.7634 21.0169
v 19.7939 20.6522 20.0718
v 20.7372 20.3623 19.91
v 20.4526 20.6508 20.8242
v 20.122 19.7855 20.4474
v 20.4524 21.1976 20.9749
v 20.5962 21.4957 20.0313
v 21.258 20.8878 20.4699
v 20.3513 20.5454 20.2236
v 20.7456 20.3586 20.0537
v 20.4326 19.7477 20.7808
v 21.3575 19.6537 20.4124
v 20.5686 19.3946 19.8552
v 19.9557 20.4153 19.4479
v 20.7648 20.2154 20.0006
v 20.1933 19.4679 19.6619
v 20.758 19.9934 19.0256
v 19.5077 20.4432 19.7723
v 19.9471 21.3193 19.9708
v 18.956 21.2244 20.0645
v 19.3751 21.2199 19.1565
v 20.3047 19.9233 20.5936
v 19.7238 19.5757 21.3296
v 19.5375 20.4716 20.9262
v 19.3659 19.64 20.3981
v 20.4389 19.321 20.6132
v 20.1375 19.3553 19.6603
v 19.639 19.8656 20.3611
v 20.553 20.1609 20.0826
v 20.2433 19.9399 19.3627
v 19.4893 19.5887 18.8075
v 20.4285 19.3073 18.6108
v 20.1359 20.2434 18.416
v 19.8326 18.8582 21.1236
v 19.7004 18.4352 20.2273
v 19.7731 19.4295 20.3051
v 18.9594 18.9593 20.647
v 19.3686 19.8672 20.2375
v 18.8037 19.1923 20.7124
v 19.4819 19.7232 21.2206
v 18.6571 20.1685 20.8723
v 20.8754 20.9773 19.0665
v 21.4858 20.5623 19.7411
v 20.8995 21.3291 20.0023
v 20.497 20.433 19.8152
v 19.3992 19.8545 20.5279
v 19.7918 20.6564 20.0775
v 19.5938 20.6803 21.0574
v 20.3458 20.1184 20.7128
v 20.5176 20.4054 19.8524
v 20.9606 21.291 19.9922
v 21.5052 20.4964 19.724
v 21.1137 20.5472 20.6427
v 19.584 20.8141 21.3124
v 19.2276 21.3129 20.5223
v 19.6214 20.4016 20.4021
v 18.7424 20.5092 20.8666
v 20.7181 18.9294 20.9654
v 20.1818 19.6188 20.4786
v 21.1799 19.6267 20.4173
v 20.7295 19.8808 21.2732
v 20.5048 20.9598 21.1593
v 21.2436 20.8968 20.4884
v 21.1101 20.1638 21.1552
v 20.4495 20.2934 20.4157
v 20.8863 18.7008 19.6557
v 20.7821 19.2362 18.8176
v 20.2648 19.484 19.6367
v 20.0351 18.6511 19.1332
v 20.3568 20.1907 19.2207
v 19.4017 20.3354 19.4792
v 19.6261 19.9868 18.5692
v 19.7557 19.4062 19.373
v 20.8971 21.0677 19.194
v 19.9587 21.2318 19.4979
v 20.3255 20.3016 19.4877
v 20.6589 20.9631 20.1595
v 20.8087 18.9762 20.9434
v 21.3733 19.6315 20.4415
v 21.0642 18.7921 19.9943
v 20.4086 19.5175 20.2039
v 19.8211 18.7551 21.0059
v 20.615 18.5749 20.4251
v 20.6962 19.1967 21.2041
v 20.1693 19.4697 20.3992
v 19.3396 18.8382 19.235
v 20.1923 19.3168 19.4444
v 19.5183 19.1572 20.1657
v 19.3264 19.8171 19.4393
v 20.7564 20.1482 21.4121
v 19.9532 19.5685 21.5496
v 20.227 19.8325 20.6247
v 20.7835 19.1849 21.1452
v 18.7976 19.1857 20.6937
v 19.3986 19.6759 20.0625
v 18.8435 18.9122 19.733
v 18.4064 19.7749 19.9868
v 20.0153 20.2654 19.3752
v 19.6046 20.914 18.7345
v 19.8826 20.0069 18.4183
v 20.5754 20.6858 18.6615
v 19.3497 19.897 19.8143
v 18.6299 20.1555 19.1701
v 18.3957 19.9195 20.1132
v 18.7052 19.2084 19.4819
v 20.015649795532227 20.005294799804688 21.60381507873535
v 20.015649795532227 20.005294799804688 18.38153648376465
v 20.145292282104492 20.005294799804688 21.598590850830078
v 20.27409553527832 20.005294799804688 21.58295249938965
v 20.401220321655273 20.005294799804688 21.55699920654297
v 20.525846481323242 20.005294799804688 21.52090072631836
v 20.64716339111328 20.005294799804688 21.474891662597656
v 20.76438331604004 20.005294799804688 21.419269561767578
v 20.87674903869629 20.005294799804688 21.354394912719727
v 20.983530044555664 20.005294799804688 21.280689239501953
v 21.084033966064453 20.005294799804688 21.198631286621094
v 21.177608489990234 20.005294799804688 21.10875129699707
v 21.263647079467773 20.005294799804688 21.011634826660156
v 21.34159278869629 20.005294799804688 20.907907485961914
v 21.410938262939453 20.005294799804688 20.798246383666992
v 21.471235275268555 20.005294799804688 20.683359146118164
v 21.522090911865234 20.005294799804688 20.563993453979492
v 21.56317901611328 20.005294799804688 20.4409236907959
v 21.59423065185547 20.005294799804688 20.314945220947266
v 21.61504364013672 20.005294799804688 20.186878204345703
v 21.6254825592041 20.005294799804688 20.05755043029785
v 21.6254825592041 20.005294799804688 19.92780113220215
v 21.61504364013672 20.005294799804688 19.798473358154297
v 21.59423065185547 20.005294799804688 19.670406341552734
v 21.56317901611328 20.005294799804688 19.5444278717041
v 21.522090911865234 20.005294799804688 19.421358108520508
v 21.471235275268555 20.005294799804688 19.301992416381836
v 21.410938262939453 20.005294799804688 19.187105178833008
v 21.34159278869629 20.005294799804688 19.077444076538086
v 21.263647079467773 20.005294799804688 18.973716735839844
v 21.177608489990234 20.005294799804688 18.87660026550293
v 21.084033966064453 20.005294799804688 18.786720275878906
v 20.983530044555664 20.005294799804688 18.704662322998047
v 20.87674903869629 20.005294799804688 18.630956649780273
v 20.76438331604004 20.005294799804688 18.566082000732422
v 20.64716339111328 20.005294799804688 18.510459899902344
v 20.525846481323242 20.005294799804688 18.46445083618164
v 20.401220321655273 20.005294799804688 18.42835235595703
v 20.27409553527832 20.005294799804688 18.40239906311035
v 20.145292282104492 20.005294799804688 18.386760711669922
v 20.143695831298828 20.025575637817383 21.598590850830078
v 20.270912170410156 20.045724868774414 21.58295249938965
v 20.396472930908203 20.065610885620117 21.55699920654297
v 20.51956558227539 20.085107803344727 21.52090072631836
v 20.639387130737305 20.10408592224121 21.474891662597656
v 20.755165100097656 20.12242317199707 21.419269561767578
v 20.866147994995117 20.14000129699707 21.354394912719727
v 20.97161293029785 20.15670394897461 21.280689239501953
v 21.070878982543945 20.172426223754883 21.198631286621094
v 21.163301467895508 20.18706512451172 21.10875129699707
v 21.248281478881836 20.200525283813477 21.011634826660156
v 21.325267791748047 20.212717056274414 20.907907485961914
v 21.39375877380371 20.22356605529785 20.798246383666992
v 21.45331382751465 20.23299789428711 20.683359146118164
v 21.5035457611084 20.24095344543457 20.563993453979492
v 21.544126510620117 20.24738121032715 20.4409236907959
v 21.57479476928711 20.252239227294922 20.314945220947266
v 21.595352172851562 20.255495071411133 20.186878204345703
v 21.605663299560547 20.25712776184082 20.05755043029785
v 21.605663299560547 20.25712776184082 19.92780113220215
v 21.595352172851562 20.255495071411133 19.798473358154297
v 21.57479476928711 20.252239227294922 19.670406341552734
v 21.544126510620117 20.24738121032715 19.5444278717041
v 21.5035457611084 20.24095344543457 19.421358108520508
v 21.45331382751465 20.23299789428711 19.301992416381836
v 21.39375877380371 20.22356605529785 19.187105178833008
v 21.325267791748047 20.212717056274414 19.077444076538086
v 21.248281478881836 20.200525283813477 18.973716735839844
v 21.163301467895508 20.18706512451172 18.87660026550293
v 21.070878982543945 20.172426223754883 18.786720275878906
v 20.97161293029785 20.15670394897461 18.704662322998047
v 20.866147994995117 20.14000129699707 18.630956649780273
v 20.755165100097656 20.12242317199707 18.566082000732422
v 20.639387130737305 20.10408592224121 18.510459899902344
v 20.51956558227539 20.085107803344727 18.46445083618164
v 20.396472930908203 20.065610885620117 18.42835235595703
v 20.270912170410156 20.045724868774414 18.40239906311035
v 20.143695831298828 20.025575637817383 18.386760711669922
v 20.138948440551758 20.04535675048828 21.598590850830078
v 20.261445999145508 20.085159301757812 21.58295249938965
v 20.382349014282227 20.12444305419922 21.55699920654297
v 20.50087547302246 20.162954330444336 21.52090072631836
v 20.616254806518555 20.200443267822266 21.474891662597656
v 20.727737426757812 20.236665725708008 21.419269561767578
v 20.834604263305664 20.27138900756836 21.354394912719727
v 20.936159133911133 20.304386138916016 21.280689239501953
v 21.031742095947266 20.3354434967041 21.198631286621094
v 21.120737075805664 20.36435890197754 21.10875129699707
v 21.202566146850586 20.390947341918945 21.011634826660156
v 21.276695251464844 20.4150333404541 20.907907485961914
v 21.342647552490234 20.43646240234375 20.798246383666992
v 21.399993896484375 20.455095291137695 20.683359146118164
v 21.448360443115234 20.47081184387207 20.563993453979492
v 21.487438201904297 20.48350715637207 20.4409236907959
v 21.5169677734375 20.49310302734375 20.314945220947266
v 21.536762237548828 20.499534606933594 20.186878204345703
v 21.54669189453125 20.50275993347168 20.05755043029785
v 21.54669189453125 20.50275993347168 19.92780113220215
v 21.536762237548828 20.499534606933594 19.798473358154297
v 21.5169677734375 20.49310302734375 19.670406341552734
v 21.487438201904297 20.48350715637207 19.5444278717041
v 21.448360443115234 20.47081184387207 19.421358108520508
v 21.399993896484375 20.455095291137695 19.301992416381836
v 21.342647552490234 20.43646240234375 19.187105178833008
v 21.276695251464844 20.4150333404541 19.077444076538086
v 21.202566146850586 20.390947341918945 18.973716735839844
v 21.120737075805664 20.36435890197754 18.87660026550293
v 21.031742095947266 20.3354434967041 18.786720275878906
v 20.936159133911133 20.304386138916016 18.704662322998047
v 20.834604263305664 20.27138900756836 18.630956649780273
v 20.727737426757812 20.236665725708008 18.566082000732422
v 20.616254806518555 20.200443267822266 18.510459899902344
v 20.50087547302246 20.162954330444336 18.46445083618164
v 20.382349014282227 20.12444305419922 18.42835235595703
v 20.261445999145508 20.085159301757812 18.40239906311035
v 20.138948440551758 20.04535675048828 18.386760711669922
v 20.131162643432617 20.064151763916016 21.598590850830078
v 20.245925903320312 20.12262725830078 21.58295249938965
v 20.359195709228516 20.180339813232422 21.55699920654297
v 20.470237731933594 20.236919403076172 21.52090072631836
v 20.578332901000977 20.291996002197266 21.474891662597656
v 20.682777404785156 20.345212936401367 21.419269561767578
v 20.782894134521484 20.396224975585938 21.354394912719727
v 20.878036499023438 20.4447021484375 21.280689239501953
v 20.967586517333984 20.490331649780273 21.198631286621094
v 21.050962448120117 20.532812118530273 21.10875129699707
v 21.127622604370117 20.57187271118164 21.011634826660156
v 21.197072982788086 20.60725975036621 20.907907485961914
v 21.258861541748047 20.638742446899414 20.798246383666992
v 21.312585830688477 20.66611671447754 20.683359146118164
v 21.357898712158203 20.689205169677734 20.563993453979492
v 21.394508361816406 20.70785903930664 20.4409236907959
v 21.42217445373535 20.721954345703125 20.314945220947266
v 21.440719604492188 20.731403350830078 20.186878204345703
v 21.450021743774414 20.736143112182617 20.05755043029785
v 21.450021743774414 20.736143112182617 19.92780113220215
v 21.440719604492188 20.731403350830078 19.798473358154297
v 21.42217445373535 20.721954345703125 19.670406341552734
v 21.394508361816406 20.70785903930664 19.5444278717041
v 21.357898712158203 20.689205169677734 19.421358108520508
v 21.312585830688477 20.66611671447754 19.301992416381836
v 21.258861541748047 20.638742446899414 19.187105178833008
v 21.197072982788086 20.60725975036621 19.077444076538086
v 21.127622604370117 20.57187271118164 18.973716735839844
v 21.050962448120117 20.532812118530273 18.87660026550293
v 20.967586517333984 20.490331649780273 18.786720275878906
v 20.878036499023438 20.4447021484375 18.704662322998047
v 20.782894134521484 20.396224975585938 18.630956649780273
v 20.682777404785156 20.345212936401367 18.566082000732422
v 20.578332901000977 20.291996002197266 18.510459899902344
v 20.470237731933594 20.236919403076172 18.46445083618164
v 20.359195709228516 20.180339813232422 18.42835235595703
v 20.245925903320312 20.12262725830078 18.40239906311035
v 20.131162643432617 20.064151763916016 18.386760711669922
v 20.120532989501953 20.081497192382812 21.598590850830078
v 20.224735260009766 20.15720558166504 21.58295249938965
v 20.32758331298828 20.2319278717041 21.55699920654297
v 20.428407669067383 20.3051815032959 21.52090072631836
v 20.526554107666016 20.376489639282227 21.474891662597656
v 20.621387481689453 20.445388793945312 21.419269561767578
v 20.71229362487793 20.511436462402344 21.354394912719727
v 20.798681259155273 20.574199676513672 21.280689239501953
v 20.879989624023438 20.63327407836914 21.198631286621094
v 20.9556941986084 20.688276290893555 21.10875129699707
v 21.025300979614258 20.738849639892578 21.011634826660156
v 21.088359832763672 20.784664154052734 20.907907485961914
v 21.14446258544922 20.825424194335938 20.798246383666992
v 21.1932430267334 20.86086654663086 20.683359146118164
v 21.234386444091797 20.890758514404297 20.563993453979492
v 21.267627716064453 20.91490936279297 20.4409236907959
v 21.292747497558594 20.93316078186035 20.314945220947266
v 21.309585571289062 20.94539451599121 20.186878204345703
v 21.31803321838379 20.95153045654297 20.05755043029785
v 21.31803321838379 20.95153045654297 19.92780113220215
v 21.309585571289062 20.94539451599121 19.798473358154297
v 21.292747497558594 20.93316078186035 19.670406341552734
v 21.267627716064453 20.91490936279297 19.5444278717041
v 21.234386444091797 20.890758514404297 19.421358108520508
v 21.1932430267334 20.86086654663086 19.301992416381836
v 21.14446258544922 20.825424194335938 19.187105178833008
v 21.088359832763672 20.784664154052734 19.077444076538086
v 21.025300979614258 20.738849639892578 18.973716735839844
v 20.9556941986084 20.688276290893555 18.87660026550293
v 20.879989624023438 20.63327407836914 18.786720275878906
v 20.798681259155273 20.574199676513672 18.704662322998047
v 20.71229362487793 20.511436462402344 18.630956649780273
v 20.621387481689453 20.445388793945312 18.566082000732422
v 20.526554107666016 20.376489639282227 18.510459899902344
v 20.428407669067383 20.3051815032959 18.46445083618164
v 20.32758331298828 20.2319278717041 18.42835235595703
v 20.224735260009766 20.15720558166504 18.40239906311035
v 20.120532989501953 20.081497192382812 18.386760711669922
v 20.10732078552246 20.096965789794922 21.598590850830078
v 20.19839859008789 20.18804359436035 21.58295249938965
v 20.28829002380371 20.277935028076172 21.55699920654297
v 20.376413345336914 20.366058349609375 21.52090072631836
v 20.462196350097656 20.451841354370117 21.474891662597656
v 20.54508399963379 20.53472900390625 21.419269561767578
v 20.62453842163086 20.61418342590332 21.354394912719727
v 20.700044631958008 20.68968963623047 21.280689239501953
v 20.77111053466797 20.76075553894043 21.198631286621094
v 20.837278366088867 20.826923370361328 21.10875129699707
v 20.898117065429688 20.88776206970215 21.011634826660156
v 20.953231811523438 20.9428768157959 20.907907485961914
v 21.002267837524414 20.991912841796875 20.798246383666992
v 21.044904708862305 21.034549713134766 20.683359146118164
v 21.08086585998535 21.070510864257812 20.563993453979492
v 21.10991859436035 21.099563598632812 20.4409236907959
v 21.131874084472656 21.121519088745117 20.314945220947266
v 21.146591186523438 21.1362361907959 20.186878204345703
v 21.153974533081055 21.143619537353516 20.05755043029785
v 21.153974533081055 21.143619537353516 19.92780113220215
v 21.146591186523438 21.1362361907959 19.798473358154297
v 21.131874084472656 21.121519088745117 19.670406341552734
v 21.10991859436035 21.099563598632812 19.5444278717041
v 21.08086585998535 21.070510864257812 19.421358108520508
v 21.044904708862305 21.034549713134766 19.301992416381836
v 21.002267837524414 20.991912841796875 19.187105178833008
v 20.953231811523438 20.9428768157959 19.077444076538086
v 20.898117065429688 20.88776206970215 18.973716735839844
v 20.837278366088867 20.826923370361328 18.87660026550293
v 20.77111053466797 20.76075553894043 18.786720275878906
v 20.700044631958008 20.68968963623047 18.704662322998047
v 20.62453842163086 20.61418342590332 18.630956649780273
v 20.54508399963379 20.53472900390625 18.566082000732422
v 20.462196350097656 20.451841354370117 18.510459899902344
v 20.376413345336914 20.366058349609375 18.46445083618164
v 20.28829002380371 20.277935028076172 18.42835235595703
v 20.19839859008789 20.18804359436035 18.40239906311035
v 20.10732078552246 20.096965789794922 18.386760711669922
v 20.09185218811035 20.110177993774414 21.598590850830078
v 20.167560577392578 20.21438217163086 21.58295249938965
v 20.24228286743164 20.317228317260742 21.55699920654297
v 20.315536499023438 20.418052673339844 21.52090072631836
v 20.386844635009766 20.516199111938477 21.474891662597656
v 20.45574378967285 20.611032485961914 21.419269561767578
v 20.521791458129883 20.70193862915039 21.354394912719727
v 20.58455467224121 20.788326263427734 21.280689239501953
v 20.64362907409668 20.8696346282959 21.198631286621094
v 20.698631286621094 20.94533920288086 21.10875129699707
v 20.749204635620117 21.01494598388672 21.011634826660156
v 20.795019149780273 21.078004837036133 20.907907485961914
v 20.835779190063477 21.134105682373047 20.798246383666992
v 20.8712215423584 21.18288803100586 20.683359146118164
v 20.901113510131836 21.224031448364258 20.563993453979492
v 20.925264358520508 21.257272720336914 20.4409236907959
v 20.94351577758789 21.282392501831055 20.314945220947266
v 20.95574951171875 21.299230575561523 20.186878204345703
v 20.961885452270508 21.30767822265625 20.05755043029785
v 20.961885452270508 21.30767822265625 19.92780113220215
v 20.95574951171875 21.299230575561523 19.798473358154297
v 20.94351577758789 21.282392501831055 19.670406341552734
v 20.925264358520508 21.257272720336914 19.5444278717041
v 20.901113510131836 21.224031448364258 19.421358108520508
v 20.8712215423584 21.18288803100586 19.301992416381836
v 20.835779190063477 21.134105682373047 19.187105178833008
v 20.795019149780273 21.078004837036133 19.077444076538086
v 20.749204635620117 21.01494598388672 18.973716735839844
v 20.698631286621094 20.94533920288086 18.87660026550293
v 20.64362907409668 20.8696346282959 18.786720275878906
v 20.58455467224121 20.788326263427734 18.704662322998047
v 20.521791458129883 20.70193862915039 18.630956649780273
v 20.45574378967285 20.611032485961914 18.566082000732422
v 20.386844635009766 20.516199111938477 18.510459899902344
v 20.315536499023438 20.418052673339844 18.46445083618164
v 20.24228286743164 20.317228317260742 18.42835235595703
v 20.167560577392578 20.21438217163086 18.40239906311035
v 20.09185218811035 20.110177993774414 18.386760711669922
v 20.074506759643555 20.120807647705078 21.598590850830078
v 20.13298225402832 20.235570907592773 21.58295249938965
v 20.19069480895996 20.348840713500977 21.55699920654297
v 20.24727439880371 20.459882736206055 21.52090072631836
v 20.302350997924805 20.567977905273438 21.474891662597656
v 20.355567932128906 20.672422409057617 21.419269561767578
v 20.406579971313477 20.772539138793945 21.354394912719727
v 20.45505714416504 20.8676815032959 21.280689239501953
v 20.500686645507812 20.957231521606445 21.198631286621094
v 20.543167114257812 21.040607452392578 21.10875129699707
v 20.58222770690918 21.117267608642578 21.011634826660156
v 20.61761474609375 21.186717987060547 20.907907485961914
v 20.649097442626953 21.248506546020508 20.798246383666992
v 20.676471710205078 21.302230834960938 20.683359146118164
v 20.699560165405273 21.347543716430664 20.563993453979492
v 20.71821403503418 21.384153366088867 20.4409236907959
v 20.732309341430664 21.411819458007812 20.314945220947266
v 20.741758346557617 21.43036460876465 20.186878204345703
v 20.746498107910156 21.439666748046875 20.05755043029785
v 20.746498107910156 21.439666748046875 19.92780113220215
v 20.741758346557617 21.43036460876465 19.798473358154297
v 20.732309341430664 21.411819458007812 19.670406341552734
v 20.71821403503418 21.384153366088867 19.5444278717041
v 20.699560165405273 21.347543716430664 19.421358108520508
v 20.676471710205078 21.302230834960938 19.301992416381836
v 20.649097442626953 21.248506546020508 19.187105178833008
v 20.61761474609375 21.186717987060547 19.077444076538086
v 20.58222770690918 21.117267608642578 18.973716735839844
v 20.543167114257812 21.040607452392578 18.87660026550293
v 20.500686645507812 20.957231521606445 18.786720275878906
v 20.45505714416504 20.8676815032959 18.704662322998047
v 20.406579971313477 20.772539138793945 18.630956649780273
v 20.355567932128906 20.672422409057617 18.566082000732422
v 20.302350997924805 20.567977905273438 18.510459899902344
v 20.24727439880371 20.459882736206055 18.46445083618164
v 20.19069480895996 20.348840713500977 18.42835235595703
v 20.13298225402832 20.235570907592773 18.40239906311035
v 20.074506759643555 20.120807647705078 18.386760711669922
v 20.05571174621582 20.12859344482422 21.598590850830078
v 20.09551429748535 20.25109100341797 21.58295249938965
v 20.134798049926758 20.371994018554688 21.55699920654297
v 20.173309326171875 20.490520477294922 21.52090072631836
v 20.210798263549805 20.605899810791016 21.474891662597656
v 20.247020721435547 20.717382431030273 21.419269561767578
v 20.2817440032959 20.824249267578125 21.354394912719727
v 20.314741134643555 20.925804138183594 21.280689239501953
v 20.34579849243164 21.021387100219727 21.198631286621094
v 20.374713897705078 21.110382080078125 21.10875129699707
v 20.401302337646484 21.192211151123047 21.011634826660156
v 20.42538833618164 21.266340255737305 20.907907485961914
v 20.44681739807129 21.332292556762695 20.798246383666992
v 20.465450286865234 21.389638900756836 20.683359146118164
v 20.48116683959961 21.438007354736328 20.563993453979492
v 20.49386215209961 21.477083206176758 20.4409236907959
v 20.50345802307129 21.50661277770996 20.314945220947266
v 20.509889602661133 21.52640724182129 20.186878204345703
v 20.51311492919922 21.53633689880371 20.05755043029785
v 20.51311492919922 21.53633689880371 19.92780113220215
v 20.509889602661133 21.52640724182129 19.798473358154297
v 20.50345802307129 21.50661277770996 19.670406341552734
v 20.49386215209961 21.477083206176758 19.5444278717041
v 20.48116683959961 21.438007354736328 19.421358108520508
v 20.465450286865234 21.389638900756836 19.301992416381836
v 20.44681739807129 21.332292556762695 19.187105178833008
v 20.42538833618164 21.266340255737305 19.077444076538086
v 20.401302337646484 21.192211151123047 18.973716735839844
v 20.374713897705078 21.110382080078125 18.87660026550293
v 20.34579849243164 21.021387100219727 18.786720275878906
v 20.314741134643555 20.925804138183594 18.704662322998047
v 20.2817440032959 20.824249267578125 18.630956649780273
v 20.247020721435547 20.717382431030273 18.566082000732422
v 20.210798263549805 20.605899810791016 18.510459899902344
v 20.173309326171875 20.490520477294922 18.46445083618164
v 20.134798049926758 20.371994018554688 18.42835235595703
v 20.09551429748535 20.25109100341797 18.40239906311035
v 20.05571174621582 20.12859344482422 18.386760711669922
v 20.035930633544922 20.13334083557129 21.598590850830078
v 20.056079864501953 20.260557174682617 21.58295249938965
v 20.075965881347656 20.386117935180664 21.55699920654297
v 20.095462799072266 20.50921058654785 21.52090072631836
v 20.11444091796875 20.629032135009766 21.474891662597656
v 20.13277816772461 20.744810104370117 21.419269561767578
v 20.15035629272461 20.855792999267578 21.354394912719727
v 20.16705894470215 20.961257934570312 21.280689239501953
v 20.182781219482422 21.060523986816406 21.198631286621094
v 20.197420120239258 21.15294647216797 21.10875129699707
v 20.210880279541016 21.237926483154297 21.011634826660156
v 20.223072052001953 21.314912796020508 20.907907485961914
v 20.23392105102539 21.383403778076172 20.798246383666992
v 20.24335289001465 21.44295883178711 20.683359146118164
v 20.25130844116211 21.49319076538086 20.563993453979492
v 20.257736206054688 21.533771514892578 20.4409236907959
v 20.26259422302246 21.56443977355957 20.314945220947266
v 20.265850067138672 21.584997177124023 20.186878204345703
v 20.26748275756836 21.595308303833008 20.05755043029785
v 20.26748275756836 21.595308303833008 19.92780113220215
v 20.265850067138672 21.584997177124023 19.798473358154297
v 20.26259422302246 21.56443977355957 19.670406341552734
v 20.257736206054688 21.533771514892578 19.5444278717041
v 20.25130844116211 21.49319076538086 19.421358108520508
v 20.24335289001465 21.44295883178711 19.301992416381836
v 20.23392105102539 21.383403778076172 19.187105178833008
v 20.223072052001953 21.314912796020508 19.077444076538086
v 20.210880279541016 21.237926483154297 18.973716735839844
v 20.197420120239258 21.15294647216797 18.87660026550293
v 20.182781219482422 21.060523986816406 18.786720275878906
v 20.16705894470215 20.961257934570312 18.704662322998047
v 20.15035629272461 20.855792999267578 18.630956649780273
v 20.13277816772461 20.744810104370117 18.566082000732422
v 20.11444091796875 20.629032135009766 18.510459899902344
v 20.095462799072266 20.50921058654785 18.46445083618164
v 20.075965881347656 20.386117935180664 18.42835235595703
v 20.056079864501953 20.260557174682617 18.40239906311035
v 20.035930633544922 20.13334083557129 18.386760711669922
v 20.015649795532227 20.134937286376953 21.598590850830078
v 20.015649795532227 20.26374053955078 21.58295249938965
v 20.015649795532227 20.390865325927734 21.55699920654297
v 20.015649795532227 20.515491485595703 21.52090072631836
v 20.015649795532227 20.636808395385742 21.474891662597656
v 20.015649795532227 20.7540283203125 21.419269561767578
v 20.015649795532227 20.86639404296875 21.354394912719727
v 20.015649795532227 20.973175048828125 21.280689239501953
v 20.015649795532227 21.073678970336914 21.198631286621094
v 20.015649795532227 21.167253494262695 21.10875129699707
v 20.015649795532227 21.253292083740234 21.011634826660156
v 20.015649795532227 21.33123779296875 20.907907485961914
v 20.015649795532227 21.400583267211914 20.798246383666992
v 20.015649795532227 21.460880279541016 20.683359146118164
v 20.015649795532227 21.511737823486328 20.563993453979492
v 20.015649795532227 21.552824020385742 20.4409236907959
v 20.015649795532227 21.583873748779297 20.314945220947266
v 20.015649795532227 21.60468864440918 20.186878204345703
v 20.015649795532227 21.615127563476562 20.05755043029785
v 20.015649795532227 21.615127563476562 19.92780113220215
v 20.015649795532227 21.60468864440918 19.798473358154297
v 20.015649795532227 21.583873748779297 19.670406341552734
v 20.015649795532227 21.552824020385742 19.5444278717041
v 20.015649795532227 21.511737823486328 19.421358108520508
v 20.015649795532227 21.460880279541016 19.301992416381836
v 20.015649795532227 21.400583267211914 19.187105178833008
v 20.015649795532227 21.33123779296875 19.077444076538086
v 20.015649795532227 21.253292083740234 18.973716735839844
v 20.015649795532227 21.167253494262695 18.87660026550293
v 20.015649795532227 21.073678970336914 18.786720275878906
v 20.015649795532227 20.973175048828125 18.704662322998047
v 20.015649795532227 20.86639404296875 18.630956649780273
v 20.015649795532227 20.7540283203125 18.566082000732422
v 20.015649795532227 20.636808395385742 18.510459899902344
v 20.015649795532227 20.515491485595703 18.46445083618164
v 20.015649795532227 20.390865325927734 18.42835235595703
v 20.015649795532227 20.26374053955078 18.40239906311035
v 20.015649795532227 20.134937286376953 18.386760711669922
v 19.99536895751953 20.13334083557129 21.598590850830078
v 19.9752197265625 20.260557174682617 21.58295249938965
v 19.955333709716797 20.386117935180664 21.55699920654297
v 19.935836791992188 20.50921058654785 21.52090072631836
v 19.916858673095703 20.629032135009766 21.474891662597656
v 19.898521423339844 20.744810104370117 21.419269561767578
v 19.880943298339844 20.855792999267578 21.354394912719727
v 19.864240646362305 20.961257934570312 21.280689239501953
v 19.84851837158203 21.060523986816406 21.198631286621094
v 19.833879470825195 21.15294647216797 21.10875129699707
v 19.820419311523438 21.237926483154297 21.011634826660156
v 19.8082275390625 21.314912796020508 20.907907485961914
v 19.797378540039062 21.383403778076172 20.798246383666992
v 19.787946701049805 21.44295883178711 20.683359146118164
v 19.779991149902344 21.49319076538086 20.563993453979492
v 19.773563385009766 21.533771514892578 20.4409236907959
v 19.768705368041992 21.56443977355957 20.314945220947266
v 19.76544952392578 21.584997177124023 20.186878204345703
v 19.763816833496094 21.595308303833008 20.05755043029785
v 19.763816833496094 21.595308303833008 19.92780113220215
v 19.76544952392578 21.584997177124023 19.798473358154297
v 19.768705368041992 21.56443977355957 19.670406341552734
v 19.773563385009766 21.533771514892578 19.5444278717041
v 19.779991149902344 21.49319076538086 19.421358108520508
v 19.787946701049805 21.44295883178711 19.301992416381836
v 19.797378540039062 21.383403778076172 19.187105178833008
v 19.8082275390625 21.314912796020508 19.077444076538086
v 19.820419311523438 21.237926483154297 18.973716735839844
v 19.833879470825195 21.15294647216797 18.87660026550293
v 19.84851837158203 21.060523986816406 18.786720275878906
v 19.864240646362305 20.961257934570312 18.704662322998047
v 19.880943298339844 20.855792999267578 18.630956649780273
v 19.898521423339844 20.744810104370117 18.566082000732422
v 19.916858673095703 20.629032135009766 18.510459899902344
v 19.935836791992188 20.50921058654785 18.46445083618164
v 19.955333709716797 20.386117935180664 18.42835235595703
v 19.9752197265625 20.260557174682617 18.40239906311035
v 19.99536895751953 20.13334083557129 18.386760711669922
v 19.975587844848633 20.12859344482422 21.598590850830078
v 19.9357852935791 20.25109100341797 21.58295249938965
v 19.896501541137695 20.371994018554688 21.55699920654297
v 19.857990264892578 20.490520477294922 21.52090072631836
v 19.82050132751465 20.605899810791016 21.474891662597656
v 19.784278869628906 20.717382431030273 21.419269561767578
v 19.749555587768555 20.824249267578125 21.354394912719727
v 19.7165584564209 20.925804138183594 21.280689239501953
v 19.685501098632812 21.021387100219727 21.198631286621094
v 19.656585693359375 21.110382080078125 21.10875129699707
v 19.62999725341797 21.192211151123047 21.011634826660156
v 19.605911254882812 21.266340255737305 20.907907485961914
v 19.584482192993164 21.332292556762695 20.798246383666992
v 19.56584930419922 21.389638900756836 20.683359146118164
v 19.550132751464844 21.438007354736328 20.563993453979492
v 19.537437438964844 21.477083206176758 20.4409236907959
v 19.527841567993164 21.50661277770996 20.314945220947266
v 19.52140998840332 21.52640724182129 20.186878204345703
v 19.518184661865234 21.53633689880371 20.05755043029785
v 19.518184661865234 21.53633689880371 19.92780113220215
v 19.52140998840332 21.52640724182129 19.798473358154297
v 19.527841567993164 21.50661277770996 19.670406341552734
v 19.537437438964844 21.477083206176758 19.5444278717041
v 19.550132751464844 21.438007354736328 19.421358108520508
v 19.56584930419922 21.389638900756836 19.301992416381836
v 19.584482192993164 21.332292556762695 19.187105178833008
v 19.605911254882812 21.266340255737305 19.077444076538086
v 19.62999725341797 21.192211151123047 18.973716735839844
v 19.656585693359375 21.110382080078125 18.87660026550293
v 19.685501098632812 21.021387100219727 18.786720275878906
v 19.7165584564209 20.925804138183594 18.704662322998047
v 19.749555587768555 20.824249267578125 18.630956649780273
v 19.784278869628906 20.717382431030273 18.566082000732422
v 19.82050132751465 20.605899810791016 18.510459899902344
v 19.857990264892578 20.490520477294922 18.46445083618164
v 19.896501541137695 20.371994018554688 18.42835235595703
v 19.9357852935791 20.25109100341797 18.40239906311035
v 19.975587844848633 20.12859344482422 18.386760711669922
v 19.9567928314209 20.120807647705078 21.598590850830078
v 19.898317337036133 20.235570907592773 21.58295249938965
v 19.840604782104492 20.348840713500977 21.55699920654297
v 19.784025192260742 20.459882736206055 21.52090072631836
v 19.72894859313965 20.567977905273438 21.474891662597656
v 19.675731658935547 20.672422409057617 21.419269561767578
v 19.624719619750977 20.772539138793945 21.354394912719727
v 19.576242446899414 20.8676815032959 21.280689239501953
v 19.53061294555664 20.957231521606445 21.198631286621094
v 19.48813247680664 21.040607452392578 21.10875129699707
v 19.449071884155273 21.117267608642578 21.011634826660156
v 19.413684844970703 21.186717987060547 20.907907485961914
v 19.3822021484375 21.248506546020508 20.798246383666992
v 19.354827880859375 21.302230834960938 20.683359146118164
v 19.33173942565918 21.347543716430664 20.563993453979492
v 19.313085556030273 21.384153366088867 20.4409236907959
v 19.29899024963379 21.411819458007812 20.314945220947266
v 19.289541244506836 21.43036460876465 20.186878204345703
v 19.284801483154297 21.439666748046875 20.05755043029785
v 19.284801483154297 21.439666748046875 19.92780113220215
v 19.289541244506836 21.43036460876465 19.798473358154297
v 19.29899024963379 21.411819458007812 19.670406341552734
v 19.313085556030273 21.384153366088867 19.5444278717041
v 19.33173942565918 21.347543716430664 19.421358108520508
v 19.354827880859375 21.302230834960938 19.301992416381836
v 19.3822021484375 21.248506546020508 19.187105178833008
v 19.413684844970703 21.186717987060547 19.077444076538086
v 19.449071884155273 21.117267608642578 18.973716735839844
v 19.48813247680664 21.040607452392578 18.87660026550293
v 19.53061294555664 20.957231521606445 18.786720275878906
v 19.576242446899414 20.8676815032959 18.704662322998047
v 19.624719619750977 20.772539138793945 18.630956649780273
v 19.675731658935547 20.672422409057617 18.566082000732422
v 19.72894859313965 20.567977905273438 18.510459899902344
v 19.784025192260742 20.459882736206055 18.46445083618164
v 19.840604782104492 20.348840713500977 18.42835235595703
v 19.898317337036133 20.235570907592773 18.40239906311035
v 19.9567928314209 20.120807647705078 18.386760711669922
v 19.9394474029541 20.110177993774414 21.598590850830078
v 19.863739013671875 20.21438217163086 21.58295249938965
v 19.789016723632812 20.317228317260742 21.55699920654297
v 19.715763092041016 20.418052673339844 21.52090072631836
v 19.644454956054688 20.516199111938477 21.474891662597656
v 19.5755558013916 20.611032485961914 21.419269561767578
v 19.50950813293457 20.70193862915039 21.354394912719727
v 19.446744918823242 20.788326263427734 21.280689239501953
v 19.387670516967773 20.8696346282959 21.198631286621094
v 19.33266830444336 20.94533920288086 21.10875129699707
v 19.282094955444336 21.01494598388672 21.011634826660156
v 19.23628044128418 21.078004837036133 20.907907485961914
v 19.195520401000977 21.134105682373047 20.798246383666992
v 19.160078048706055 21.18288803100586 20.683359146118164
v 19.130186080932617 21.224031448364258 20.563993453979492
v 19.106035232543945 21.257272720336914 20.4409236907959
v 19.087783813476562 21.282392501831055 20.314945220947266
v 19.075550079345703 21.299230575561523 20.186878204345703
v 19.069414138793945 21.30767822265625 20.05755043029785
v 19.069414138793945 21.30767822265625 19.92780113220215
v 19.075550079345703 21.299230575561523 19.798473358154297
v 19.087783813476562 21.282392501831055 19.670406341552734
v 19.106035232543945 21.257272720336914 19.5444278717041
v 19.130186080932617 21.224031448364258 19.421358108520508
v 19.160078048706055 21.18288803100586 19.301992416381836
v 19.195520401000977 21.134105682373047 19.187105178833008
v 19.23628044128418 21.078004837036133 19.077444076538086
v 19.282094955444336 21.01494598388672 18.973716735839844
v 19.33266830444336 20.94533920288086 18.87660026550293
v 19.387670516967773 20.8696346282959 18.786720275878906
v 19.446744918823242 20.788326263427734 18.704662322998047
v 19.50950813293457 20.70193862915039 18.630956649780273
v 19.5755558013916 20.611032485961914 18.566082000732422
v 19.644454956054688 20.516199111938477 18.510459899902344
v 19.715763092041016 20.418052673339844 18.46445083618164
v 19.789016723632812 20.317228317260742 18.42835235595703
v 19.863739013671875 20.21438217163086 18.40239906311035
v 19.9394474029541 20.110177993774414 18.386760711669922
v 19.923978805541992 20.096965789794922 21.598590850830078
v 19.832901000976562 20.18804359436035 21.58295249938965
v 19.743009567260742 20.277935028076172 21.55699920654297
v 19.65488624572754 20.366058349609375 21.52090072631836
v 19.569103240966797 20.451841354370117 21.474891662597656
v 19.486215591430664 20.53472900390625 21.419269561767578
v 19.406761169433594 20.61418342590332 21.354394912719727
v 19.331254959106445 20.68968963623047 21.280689239501953
v 19.260189056396484 20.76075553894043 21.198631286621094
v 19.194021224975586 20.826923370361328 21.10875129699707
v 19.133182525634766 20.88776206970215 21.011634826660156
v 19.078067779541016 20.9428768157959 20.907907485961914
v 19.02903175354004 20.991912841796875 20.798246383666992
v 18.98639488220215 21.034549713134766 20.683359146118164
v 18.9504337310791 21.070510864257812 20.563993453979492
v 18.9213809967041 21.099563598632812 20.4409236907959
v 18.899425506591797 21.121519088745117 20.314945220947266
v 18.884708404541016 21.1362361907959 20.186878204345703
v 18.8773250579834 21.143619537353516 20.05755043029785
v 18.8773250579834 21.143619537353516 19.92780113220215
v 18.884708404541016 21.1362361907959 19.798473358154297
v 18.899425506591797 21.121519088745117 19.670406341552734
v 18.9213809967041 21.099563598632812 19.5444278717041
v 18.9504337310791 21.070510864257812 19.421358108520508
v 18.98639488220215 21.034549713134766 19.301992416381836
v 19.02903175354004 20.991912841796875 19.187105178833008
v 19.078067779541016 20.9428768157959 19.077444076538086
v 19.133182525634766 20.88776206970215 18.973716735839844
v 19.194021224975586 20.826923370361328 18.87660026550293
v 19.260189056396484 20.76075553894043 18.786720275878906
v 19.331254959106445 20.68968963623047 18.704662322998047
v 19.406761169433594 20.61418342590332 18.630956649780273
v 19.486215591430664 20.53472900390625 18.566082000732422
v 19.569103240966797 20.451841354370117 18.510459899902344
v 19.65488624572754 20.366058349609375 18.46445083618164
v 19.743009567260742 20.277935028076172 18.42835235595703
v 19.832901000976562 20.18804359436035 18.40239906311035
v 19.923978805541992 20.096965789794922 18.386760711669922
v 19.9107666015625 20.081497192382812 21.598590850830078
v 19.806564331054688 20.15720558166504 21.58295249938965
v 19.703716278076172 20.2319278717041 21.55699920654297
v 19.60289192199707 20.3051815032959 21.52090072631836
v 19.504745483398438 20.376489639282227 21.474891662597656
v 19.409912109375 20.445388793945312 21.419269561767578
v 19.319005966186523 20.511436462402344 21.354394912719727
v 19.23261833190918 20.574199676513672 21.280689239501953
v 19.151309967041016 20.63327407836914 21.198631286621094
v 19.075605392456055 20.688276290893555 21.10875129699707
v 19.005998611450195 20.738849639892578 21.011634826660156
v 18.94293975830078 20.784664154052734 20.907907485961914
v 18.886837005615234 20.825424194335938 20.798246383666992
v 18.838056564331055 20.86086654663086 20.683359146118164
v 18.796913146972656 20.890758514404297 20.563993453979492
v 18.763671875 20.91490936279297 20.4409236907959
v 18.73855209350586 20.93316078186035 20.314945220947266
v 18.72171401977539 20.94539451599121 20.186878204345703
v 18.713266372680664 20.95153045654297 20.05755043029785
v 18.713266372680664 20.95153045654297 19.92780113220215
v 18.72171401977539 20.94539451599121 19.798473358154297
v 18.73855209350586 20.93316078186035 19.670406341552734
v 18.763671875 20.91490936279297 19.5444278717041
v 18.796913146972656 20.890758514404297 19.421358108520508
v 18.838056564331055 20.86086654663086 19.301992416381836
v 18.886837005615234 20.825424194335938 19.187105178833008
v 18.94293975830078 20.784664154052734 19.077444076538086
v 19.005998611450195 20.738849639892578 18.973716735839844
v 19.075605392456055 20.688276290893555 18.87660026550293
v 19.151309967041016 20.63327407836914 18.786720275878906
v 19.23261833190918 20.574199676513672 18.704662322998047
v 19.319005966186523 20.511436462402344 18.630956649780273
v 19.409912109375 20.445388793945312 18.566082000732422
v 19.504745483398438 20.376489639282227 18.510459899902344
v 19.60289192199707 20.3051815032959 18.46445083618164
v 19.703716278076172 20.2319278717041 18.42835235595703
v 19.806564331054688 20.15720558166504 18.40239906311035
v 19.9107666015625 20.081497192382812 18.386760711669922
v 19.900136947631836 20.064151763916016 21.598590850830078
v 19.78537368774414 20.12262725830078 21.58295249938965
v 19.672103881835938 20.180339813232422 21.55699920654297
v 19.56106185913086 20.236919403076172 21.52090072631836
v 19.452966690063477 20.291996002197266 21.474891662597656
v 19.348522186279297 20.345212936401367 21.419269561767578
v 19.24840545654297 20.396224975585938 21.354394912719727
v 19.153263092041016 20.4447021484375 21.280689239501953
v 19.06371307373047 20.490331649780273 21.198631286621094
v 18.980337142944336 20.532812118530273 21.10875129699707
v 18.903676986694336 20.57187271118164 21.011634826660156
v 18.834226608276367 20.60725975036621 20.907907485961914
v 18.772438049316406 20.638742446899414 20.798246383666992
v 18.718713760375977 20.66611671447754 20.683359146118164
v 18.67340087890625 20.689205169677734 20.563993453979492
v 18.636791229248047 20.70785903930664 20.4409236907959
v 18.6091251373291 20.721954345703125 20.314945220947266
v 18.590579986572266 20.731403350830078 20.186878204345703
v 18.58127784729004 20.736143112182617 20.05755043029785
v 18.58127784729004 20.736143112182617 19.92780113220215
v 18.590579986572266 20.731403350830078 19.798473358154297
v 18.6091251373291 20.721954345703125 19.670406341552734
v 18.636791229248047 20.70785903930664 19.5444278717041
v 18.67340087890625 20.689205169677734 19.421358108520508
v 18.718713760375977 20.66611671447754 19.301992416381836
v 18.772438049316406 20.638742446899414 19.187105178833008
v 18.834226608276367 20.60725975036621 19.077444076538086
v 18.903676986694336 20.57187271118164 18.973716735839844
v 18.980337142944336 20.532812118530273 18.87660026550293
v 19.06371307373047 20.490331649780273 18.786720275878906
v 19.153263092041016 20.4447021484375 18.704662322998047
v 19.24840545654297 20.396224975585938 18.630956649780273
v 19.348522186279297 20.345212936401367 18.566082000732422
v 19.452966690063477 20.291996002197266 18.510459899902344
v 19.56106185913086 20.236919403076172 18.46445083618164
v 19.672103881835938 20.180339813232422 18.42835235595703
v 19.78537368774414 20.12262725830078 18.40239906311035
v 19.900136947631836 20.064151763916016 18.386760711669922
v 19.892351150512695 20.04535675048828 21.598590850830078
v 19.769853591918945 20.085159301757812 21.58295249938965
v 19.648950576782227 20.12444305419922 21.55699920654297
v 19.530424118041992 20.162954330444336 21.52090072631836
v 19.4150447845459 20.200443267822266 21.474891662597656
v 19.30356216430664 20.236665725708008 21.419269561767578
v 19.19669532775879 20.27138900756836 21.354394912719727
v 19.09514045715332 20.304386138916016 21.280689239501953
v 18.999557495117188 20.3354434967041 21.198631286621094
v 18.91056251525879 20.36435890197754 21.10875129699707
v 18.828733444213867 20.390947341918945 21.011634826660156
v 18.75460433959961 20.4150333404541 20.907907485961914
v 18.68865203857422 20.43646240234375 20.798246383666992
v 18.631305694580078 20.455095291137695 20.683359146118164
v 18.58293914794922 20.47081184387207 20.563993453979492
v 18.543861389160156 20.48350715637207 20.4409236907959
v 18.514331817626953 20.49310302734375 20.314945220947266
v 18.494537353515625 20.499534606933594 20.186878204345703
v 18.484607696533203 20.50275993347168 20.05755043029785
v 18.484607696533203 20.50275993347168 19.92780113220215
v 18.494537353515625 20.499534606933594 19.798473358154297
v 18.514331817626953 20.49310302734375 19.670406341552734
v 18.543861389160156 20.48350715637207 19.5444278717041
v 18.58293914794922 20.47081184387207 19.421358108520508
v 18.631305694580078 20.455095291137695 19.301992416381836
v 18.68865203857422 20.43646240234375 19.187105178833008
v 18.75460433959961 20.4150333404541 19.077444076538086
v 18.828733444213867 20.390947341918945 18.973716735839844
v 18.91056251525879 20.36435890197754 18.87660026550293
v 18.999557495117188 20.3354434967041 18.786720275878906
v 19.09514045715332 20.304386138916016 18.704662322998047
v 19.19669532775879 20.27138900756836 18.630956649780273
v 19.30356216430664 20.236665725708008 18.566082000732422
v 19.4150447845459 20.200443267822266 18.510459899902344
v 19.530424118041992 20.162954330444336 18.46445083618164
v 19.648950576782227 20.12444305419922 18.42835235595703
v 19.769853591918945 20.085159301757812 18.40239906311035
v 19.892351150512695 20.04535675048828 18.386760711669922
v 19.887603759765625 20.025575637817383 21.598590850830078
v 19.760387420654297 20.045724868774414 21.58295249938965
v 19.63482666015625 20.065610885620117 21.55699920654297
v 19.511734008789062 20.085107803344727 21.52090072631836
v 19.39191246032715 20.10408592224121 21.474891662597656
v 19.276134490966797 20.12242317199707 21.419269561767578
v 19.165151596069336 20.14000129699707 21.354394912719727
v 19.0596866607666 20.15670394897461 21.280689239501953
v 18.960420608520508 20.172426223754883 21.198631286621094
v 18.867998123168945 20.18706512451172 21.10875129699707
v 18.783018112182617 20.200525283813477 21.011634826660156
v 18.706031799316406 20.212717056274414 20.907907485961914
v 18.637540817260742 20.22356605529785 20.798246383666992
v 18.577985763549805 20.23299789428711 20.683359146118164
v 18.527753829956055 20.24095344543457 20.563993453979492
v 18.487173080444336 20.24738121032715 20.4409236907959
v 18.456504821777344 20.252239227294922 20.314945220947266
v 18.43594741821289 20.255495071411133 20.186878204345703
v 18.425636291503906 20.25712776184082 20.05755043029785
v 18.425636291503906 20.25712776184082 19.92780113220215
v 18.43594741821289 20.255495071411133 19.798473358154297
v 18.456504821777344 20.252239227294922 19.670406341552734
v 18.487173080444336 20.24738121032715 19.5444278717041
v 18.527753829956055 20.24095344543457 19.421358108520508
v 18.577985763549805 20.23299789428711 19.301992416381836
v 18.637540817260742 20.22356605529785 19.187105178833008
v 18.706031799316406 20.212717056274414 19.077444076538086
v 18.783018112182617 20.200525283813477 18.973716735839844
v 18.867998123168945 20.18706512451172 18.87660026550293
v 18.960420608520508 20.172426223754883 18.786720275878906
v 19.0596866607666 20.15670394897461 18.704662322998047
v 19.165151596069336 20.14000129699707 18.630956649780273
v 19.276134490966797 20.12242317199707 18.566082000732422
v 19.39191246032715 20.10408592224121 18.510459899902344
v 19.511734008789062 20.085107803344727 18.46445083618164
v 19.63482666015625 20.065610885620117 18.42835235595703
v 19.760387420654297 20.045724868774414 18.40239906311035
v 19.887603759765625 20.025575637817383 18.386760711669922
v 19.88600730895996 20.005294799804688 21.598590850830078
v 19.757204055786133 20.005294799804688 21.58295249938965
v 19.63007926940918 20.005294799804688 21.55699920654297
v 19.50545310974121 20.005294799804688 21.52090072631836
v 19.384136199951172 20.005294799804688 21.474891662597656
v 19.266916275024414 20.005294799804688 21.419269561767578
v 19.154550552368164 20.005294799804688 21.354394912719727
v 19.04776954650879 20.005294799804688 21.280689239501953
v 18.947265625 20.005294799804688 21.198631286621094
v 18.85369110107422 20.005294799804688 21.10875129699707
v 18.76765251159668 20.005294799804688 21.011634826660156
v 18.689706802368164 20.005294799804688 20.907907485961914
v 18.620361328125 20.005294799804688 20.798246383666992
v 18.5600643157959 20.005294799804688 20.683359146118164
v 18.50920867919922 20.005294799804688 20.563993453979492
v 18.468120574951172 20.005294799804688 20.4409236907959
v 18.437068939208984 20.005294799804688 20.314945220947266
v 18.416255950927734 20.005294799804688 20.186878204345703
v 18.40581703186035 20.005294799804688 20.05755043029785
v 18.40581703186035 20.005294799804688 19.92780113220215
v 18.416255950927734 20.005294799804688 19.798473358154297
v 18.437068939208984 20.005294799804688 19.670406341552734
v 18.468120574951172 20.005294799804688 19.5444278717041
v 18.50920867919922 20.005294799804688 19.421358108520508
v 18.5600643157959 20.005294799804688 19.301992416381836
v 18.620361328125 20.005294799804688 19.187105178833008
v 18.689706802368164 20.005294799804688 19.077444076538086
v 18.76765251159668 20.005294799804688 18.973716735839844
v 18.85369110107422 20.005294799804688 18.87660026550293
v 18.947265625 20.005294799804688 18.786720275878906
v 19.04776954650879 20.005294799804688 18.704662322998047
v 19.154550552368164 20.005294799804688 18.630956649780273
v 19.266916275024414 20.005294799804688 18.566082000732422
v 19.384136199951172 20.005294799804688 18.510459899902344
v 19.50545310974121 20.005294799804688 18.46445083618164
v 19.63007926940918 20.005294799804688 18.42835235595703
v 19.757204055786133 20.005294799804688 18.40239906311035
v 19.88600730895996 20.005294799804688 18.386760711669922
v 19.887603759765625 19.985013961791992 21.598590850830078
v 19.760387420654297 19.96486473083496 21.58295249938965
v 19.63482666015625 19.944978713989258 21.55699920654297
v 19.511734008789062 19.92548179626465 21.52090072631836
v 19.39191246032715 19.906503677368164 21.474891662597656
v 19.276134490966797 19.888166427612305 21.419269561767578
v 19.165151596069336 19.870588302612305 21.354394912719727
v 19.0596866607666 19.853885650634766 21.280689239501953
v 18.960420608520508 19.838163375854492 21.198631286621094
v 18.867998123168945 19.823524475097656 21.10875129699707
v 18.783018112182617 19.8100643157959 21.011634826660156
v 18.706031799316406 19.79787254333496 20.907907485961914
v 18.637540817260742 19.787023544311523 20.798246383666992
v 18.577985763549805 19.777591705322266 20.683359146118164
v 18.527753829956055 19.769636154174805 20.563993453979492
v 18.487173080444336 19.763208389282227 20.4409236907959
v 18.456504821777344 19.758350372314453 20.314945220947266
v 18.43594741821289 19.755094528198242 20.186878204345703
v 18.425636291503906 19.753461837768555 20.05755043029785
v 18.425636291503906 19.753461837768555 19.92780113220215
v 18.43594741821289 19.755094528198242 19.798473358154297
v 18.456504821777344 19.758350372314453 19.670406341552734
v 18.487173080444336 19.763208389282227 19.5444278717041
v 18.527753829956055 19.769636154174805 19.421358108520508
v 18.577985763549805 19.777591705322266 19.301992416381836
v 18.637540817260742 19.787023544311523 19.187105178833008
v 18.706031799316406 19.79787254333496 19.077444076538086
v 18.783018112182617 19.8100643157959 18.973716735839844
v 18.867998123168945 19.823524475097656 18.87660026550293
v 18.960420608520508 19.838163375854492 18.786720275878906
v 19.0596866607666 19.853885650634766 18.704662322998047
v 19.165151596069336 19.870588302612305 18.630956649780273
v 19.276134490966797 19.888166427612305 18.566082000732422
v 19.39191246032715 19.906503677368164 18.510459899902344
v 19.511734008789062 19.92548179626465 18.46445083618164
v 19.63482666015625 19.944978713989258 18.42835235595703
v 19.760387420654297 19.96486473083496 18.40239906311035
v 19.887603759765625 19.985013961791992 18.386760711669922
v 19.892351150512695 19.965232849121094 21.598590850830078
v 19.769853591918945 19.925430297851562 21.58295249938965
v 19.648950576782227 19.886146545410156 21.55699920654297
v 19.530424118041992 19.84763526916504 21.52090072631836
v 19.4150447845459 19.81014633178711 21.474891662597656
v 19.30356216430664 19.773923873901367 21.419269561767578
v 19.19669532775879 19.739200592041016 21.354394912719727
v 19.09514045715332 19.70620346069336 21.280689239501953
v 18.999557495117188 19.675146102905273 21.198631286621094
v 18.91056251525879 19.646230697631836 21.10875129699707
v 18.828733444213867 19.61964225769043 21.011634826660156
v 18.75460433959961 19.595556259155273 20.907907485961914
v 18.68865203857422 19.574127197265625 20.798246383666992
v 18.631305694580078 19.55549430847168 20.683359146118164
v 18.58293914794922 19.539777755737305 20.563993453979492
v 18.543861389160156 19.527082443237305 20.4409236907959
v 18.514331817626953 19.517486572265625 20.314945220947266
v 18.494537353515625 19.51105499267578 20.186878204345703
v 18.484607696533203 19.507829666137695 20.05755043029785
v 18.484607696533203 19.507829666137695 19.92780113220215
v 18.494537353515625 19.51105499267578 19.798473358154297
v 18.514331817626953 19.517486572265625 19.670406341552734
v 18.543861389160156 19.527082443237305 19.5444278717041
v 18.58293914794922 19.539777755737305 19.421358108520508
v 18.631305694580078 19.55549430847168 19.301992416381836
v 18.68865203857422 19.574127197265625 19.187105178833008
v 18.75460433959961 19.595556259155273 19.077444076538086
v 18.828733444213867 19.61964225769043 18.973716735839844
v 18.91056251525879 19.646230697631836 18.87660026550293
v 18.999557495117188 19.675146102905273 18.786720275878906
v 19.09514045715332 19.70620346069336 18.704662322998047
v 19.19669532775879 19.739200592041016 18.630956649780273
v 19.30356216430664 19.773923873901367 18.566082000732422
v 19.4150447845459 19.81014633178711 18.510459899902344
v 19.530424118041992 19.84763526916504 18.46445083618164
v 19.648950576782227 19.886146545410156 18.42835235595703
v 19.769853591918945 19.925430297851562 18.40239906311035
v 19.892351150512695 19.965232849121094 18.386760711669922
v 19.900136947631836 19.94643783569336 21.598590850830078
v 19.78537368774414 19.887962341308594 21.58295249938965
v 19.672103881835938 19.830249786376953 21.55699920654297
v 19.56106185913086 19.773670196533203 21.52090072631836
v 19.452966690063477 19.71859359741211 21.474891662597656
v 19.348522186279297 19.665376663208008 21.419269561767578
v 19.24840545654297 19.614364624023438 21.354394912719727
v 19.153263092041016 19.565887451171875 21.280689239501953
v 19.06371307373047 19.5202579498291 21.198631286621094
v 18.980337142944336 19.4777774810791 21.10875129699707
v 18.903676986694336 19.438716888427734 21.011634826660156
v 18.834226608276367 19.403329849243164 20.907907485961914
v 18.772438049316406 19.37184715270996 20.798246383666992
v 18.718713760375977 19.344472885131836 20.683359146118164
v 18.67340087890625 19.32138442993164 20.563993453979492
v 18.636791229248047 19.302730560302734 20.4409236907959
v 18.6091251373291 19.28863525390625 20.314945220947266
v 18.590579986572266 19.279186248779297 20.186878204345703
v 18.58127784729004 19.274446487426758 20.05755043029785
v 18.58127784729004 19.274446487426758 19.92780113220215
v 18.590579986572266 19.279186248779297 19.798473358154297
v 18.6091251373291 19.28863525390625 19.670406341552734
v 18.636791229248047 19.302730560302734 19.5444278717041
v 18.67340087890625 19.32138442993164 19.421358108520508
v 18.718713760375977 19.344472885131836 19.301992416381836
v 18.772438049316406 19.37184715270996 19.187105178833008
v 18.834226608276367 19.403329849243164 19.077444076538086
v 18.903676986694336 19.438716888427734 18.973716735839844
v 18.980337142944336 19.4777774810791 18.87660026550293
v 19.06371307373047 19.5202579498291 18.786720275878906
v 19.153263092041016 19.565887451171875 18.704662322998047
v 19.24840545654297 19.614364624023438 18.630956649780273
v 19.348522186279297 19.665376663208008 18.566082000732422
v 19.452966690063477 19.71859359741211 18.510459899902344
v 19.56106185913086 19.773670196533203 18.46445083618164
v 19.672103881835938 19.830249786376953 18.42835235595703
v 19.78537368774414 19.887962341308594 18.40239906311035
v 19.900136947631836 19.94643783569336 18.386760711669922
v 19.9107666015625 19.929092407226562 21.598590850830078
v 19.806564331054688 19.853384017944336 21.58295249938965
v 19.703716278076172 19.778661727905273 21.55699920654297
v 19.60289192199707 19.705408096313477 21.52090072631836
v 19.504745483398438 19.63409996032715 21.474891662597656
v 19.409912109375 19.565200805664062 21.419269561767578
v 19.319005966186523 19.49915313720703 21.354394912719727
v 19.23261833190918 19.436389923095703 21.280689239501953
v 19.151309967041016 19.377315521240234 21.198631286621094
v 19.075605392456055 19.32231330871582 21.10875129699707
v 19.005998611450195 19.271739959716797 21.011634826660156
v 18.94293975830078 19.22592544555664 20.907907485961914
v 18.886837005615234 19.185165405273438 20.798246383666992
v 18.838056564331055 19.149723052978516 20.683359146118164
v 18.796913146972656 19.119831085205078 20.563993453979492
v 18.763671875 19.095680236816406 20.4409236907959
v 18.73855209350586 19.077428817749023 20.314945220947266
v 18.72171401977539 19.065195083618164 20.186878204345703
v 18.713266372680664 19.059059143066406 20.05755043029785
v 18.713266372680664 19.059059143066406 19.92780113220215
v 18.72171401977539 19.065195083618164 19.798473358154297
v 18.73855209350586 19.077428817749023 19.670406341552734
v 18.763671875 19.095680236816406 19.5444278717041
v 18.796913146972656 19.119831085205078 19.421358108520508
v 18.838056564331055 19.149723052978516 19.301992416381836
v 18.886837005615234 19.185165405273438 19.187105178833008
v 18.94293975830078 19.22592544555664 19.077444076538086
v 19.005998611450195 19.271739959716797 18.973716735839844
v 19.075605392456055 19.32231330871582 18.87660026550293
v 19.151309967041016 19.377315521240234 18.786720275878906
v 19.23261833190918 19.436389923095703 18.704662322998047
v 19.319005966186523 19.49915313720703 18.630956649780273
v 19.409912109375 19.565200805664062 18.566082000732422
v 19.504745483398438 19.63409996032715 18.510459899902344
v 19.60289192199707 19.705408096313477 18.46445083618164
v 19.703716278076172 19.778661727905273 18.42835235595703
v 19.806564331054688 19.853384017944336 18.40239906311035
v 19.9107666015625 19.929092407226562 18.386760711669922
v 19.923978805541992 19.913623809814453 21.598590850830078
v 19.832901000976562 19.822546005249023 21.58295249938965
v 19.743009567260742 19.732654571533203 21.55699920654297
v 19.65488624572754 19.64453125 21.52090072631836
v 19.569103240966797 19.558748245239258 21.474891662597656
v 19.486215591430664 19.475860595703125 21.419269561767578
v 19.406761169433594 19.396406173706055 21.354394912719727
v 19.331254959106445 19.320899963378906 21.280689239501953
v 19.260189056396484 19.249834060668945 21.198631286621094
v 19.194021224975586 19.183666229248047 21.10875129699707
v 19.133182525634766 19.122827529907227 21.011634826660156
v 19.078067779541016 19.067712783813477 20.907907485961914
v 19.02903175354004 19.0186767578125 20.798246383666992
v 18.98639488220215 18.97603988647461 20.683359146118164
v 18.9504337310791 18.940078735351562 20.563993453979492
v 18.9213809967041 18.911026000976562 20.4409236907959
v 18.899425506591797 18.889070510864258 20.314945220947266
v 18.884708404541016 18.874353408813477 20.186878204345703
v 18.8773250579834 18.86697006225586 20.05755043029785
v 18.8773250579834 18.86697006225586 19.92780113220215
v 18.884708404541016 18.874353408813477 19.798473358154297
v 18.899425506591797 18.889070510864258 19.670406341552734
v 18.9213809967041 18.911026000976562 19.5444278717041
v 18.9504337310791 18.940078735351562 19.421358108520508
v 18.98639488220215 18.97603988647461 19.301992416381836
v 19.02903175354004 19.0186767578125 19.187105178833008
v 19.078067779541016 19.067712783813477 19.077444076538086
v 19.133182525634766 19.122827529907227 18.973716735839844
v 19.194021224975586 19.183666229248047 18.87660026550293
v 19.260189056396484 19.249834060668945 18.786720275878906
v 19.331254959106445 19.320899963378906 18.704662322998047
v 19.406761169433594 19.396406173706055 18.630956649780273
v 19.486215591430664 19.475860595703125 18.566082000732422
v 19.569103240966797 19.558748245239258 18.510459899902344
v 19.65488624572754 19.64453125 18.46445083618164
v 19.743009567260742 19.732654571533203 18.42835235595703
v 19.832901000976562 19.822546005249023 18.40239906311035
v 19.923978805541992 19.913623809814453 18.386760711669922
v 19.9394474029541 19.90041160583496 21.598590850830078
v 19.863739013671875 19.796207427978516 21.58295249938965
v 19.789016723632812 19.693361282348633 21.55699920654297
v 19.715763092041016 19.59253692626953 21.52090072631836
v 19.644454956054688 19.4943904876709 21.474891662597656
v 19.5755558013916 19.39955711364746 21.419269561767578
v 19.50950813293457 19.308650970458984 21.354394912719727
v 19.446744918823242 19.22226333618164 21.280689239501953
v 19.387670516967773 19.140954971313477 21.198631286621094
v 19.33266830444336 19.065250396728516 21.10875129699707
v 19.282094955444336 18.995643615722656 21.011634826660156
v 19.23628044128418 18.932584762573242 20.907907485961914
v 19.195520401000977 18.876483917236328 20.798246383666992
v 19.160078048706055 18.827701568603516 20.683359146118164
v 19.130186080932617 18.786558151245117 20.563993453979492
v 19.106035232543945 18.75331687927246 20.4409236907959
v 19.087783813476562 18.72819709777832 20.314945220947266
v 19.075550079345703 18.71135902404785 20.186878204345703
v 19.069414138793945 18.702911376953125 20.05755043029785
v 19.069414138793945 18.702911376953125 19.92780113220215
v 19.075550079345703 18.71135902404785 19.798473358154297
v 19.087783813476562 18.72819709777832 19.670406341552734
v 19.106035232543945 18.75331687927246 19.5444278717041
v 19.130186080932617 18.786558151245117 19.421358108520508
v 19.160078048706055 18.827701568603516 19.301992416381836
v 19.195520401000977 18.876483917236328 19.187105178833008
v 19.23628044128418 18.932584762573242 19.077444076538086
v 19.282094955444336 18.995643615722656 18.973716735839844
v 19.33266830444336 19.065250396728516 18.87660026550293
v 19.387670516967773 19.140954971313477 18.786720275878906
v 19.446744918823242 19.22226333618164 18.704662322998047
v 19.50950813293457 19.308650970458984 18.630956649780273
v 19.5755558013916 19.39955711364746 18.566082000732422
v 19.644454956054688 19.4943904876709 18.510459899902344
v 19.715763092041016 19.59253692626953 18.46445083618164
v 19.789016723632812 19.693361282348633 18.42835235595703
v 19.863739013671875 19.796207427978516 18.40239906311035
v 19.9394474029541 19.90041160583496 18.386760711669922
v 19.9567928314209 19.889781951904297 21.598590850830078
v 19.898317337036133 19.7750186920166 21.58295249938965
v 19.840604782104492 19.6617488861084 21.55699920654297
v 19.784025192260742 19.55070686340332 21.52090072631836
v 19.72894859313965 19.442611694335938 21.474891662597656
v 19.675731658935547 19.338167190551758 21.419269561767578
v 19.624719619750977 19.23805046081543 21.354394912719727
v 19.576242446899414 19.142908096313477 21.280689239501953
v 19.53061294555664 19.05335807800293 21.198631286621094
v 19.48813247680664 18.969982147216797 21.10875129699707
v 19.449071884155273 18.893321990966797 21.011634826660156
v 19.413684844970703 18.823871612548828 20.907907485961914
v 19.3822021484375 18.762083053588867 20.798246383666992
v 19.354827880859375 18.708358764648438 20.683359146118164
v 19.33173942565918 18.66304588317871 20.563993453979492
v 19.313085556030273 18.626436233520508 20.4409236907959
v 19.29899024963379 18.598770141601562 20.314945220947266
v 19.289541244506836 18.580224990844727 20.186878204345703
v 19.284801483154297 18.5709228515625 20.05755043029785
v 19.284801483154297 18.5709228515625 19.92780113220215
v 19.289541244506836 18.580224990844727 19.798473358154297
v 19.29899024963379 18.598770141601562 19.670406341552734
v 19.313085556030273 18.626436233520508 19.5444278717041
v 19.33173942565918 18.66304588317871 19.421358108520508
v 19.354827880859375 18.708358764648438 19.301992416381836
v 19.3822021484375 18.762083053588867 19.187105178833008
v 19.413684844970703 18.823871612548828 19.077444076538086
v 19.449071884155273 18.893321990966797 18.973716735839844
v 19.48813247680664 18.969982147216797 18.87660026550293
v 19.53061294555664 19.05335807800293 18.786720275878906
v 19.576242446899414 19.142908096313477 18.704662322998047
v 19.624719619750977 19.23805046081543 18.630956649780273
v 19.675731658935547 19.338167190551758 18.566082000732422
v 19.72894859313965 19.442611694335938 18.510459899902344
v 19.784025192260742 19.55070686340332 18.46445083618164
v 19.840604782104492 19.6617488861084 18.42835235595703
v 19.898317337036133 19.7750186920166 18.40239906311035
v 19.9567928314209 19.889781951904297 18.386760711669922
v 19.975587844848633 19.881996154785156 21.598590850830078
v 19.9357852935791 19.759498596191406 21.58295249938965
v 19.896501541137695 19.638595581054688 21.55699920654297
v 19.857990264892578 19.520069122314453 21.52090072631836
v 19.82050132751465 19.40468978881836 21.474891662597656
v 19.784278869628906 19.2932071685791 21.419269561767578
v 19.749555587768555 19.18634033203125 21.354394912719727
v 19.7165584564209 19.08478546142578 21.280689239501953
v 19.685501098632812 18.98920249938965 21.198631286621094
v 19.656585693359375 18.90020751953125 21.10875129699707
v 19.62999725341797 18.818378448486328 21.011634826660156
v 19.605911254882812 18.74424934387207 20.907907485961914
v 19.584482192993164 18.67829704284668 20.798246383666992
v 19.56584930419922 18.62095069885254 20.683359146118164
v 19.550132751464844 18.572582244873047 20.563993453979492
v 19.537437438964844 18.533506393432617 20.4409236907959
v 19.527841567993164 18.503976821899414 20.314945220947266
v 19.52140998840332 18.484182357788086 20.186878204345703
v 19.518184661865234 18.474252700805664 20.05755043029785
v 19.518184661865234 18.474252700805664 19.92780113220215
v 19.52140998840332 18.484182357788086 19.798473358154297
v 19.527841567993164 18.503976821899414 19.670406341552734
v 19.537437438964844 18.533506393432617 19.5444278717041
v 19.550132751464844 18.572582244873047 19.421358108520508
v 19.56584930419922 18.62095069885254 19.301992416381836
v 19.584482192993164 18.67829704284668 19.187105178833008
v 19.605911254882812 18.74424934387207 19.077444076538086
v 19.62999725341797 18.818378448486328 18.973716735839844
v 19.656585693359375 18.90020751953125 18.87660026550293
v 19.685501098632812 18.98920249938965 18.786720275878906
v 19.7165584564209 19.08478546142578 18.704662322998047
v 19.749555587768555 19.18634033203125 18.630956649780273
v 19.784278869628906 19.2932071685791 18.566082000732422
v 19.82050132751465 19.40468978881836 18.510459899902344
v 19.857990264892578 19.520069122314453 18.46445083618164
v 19.896501541137695 19.638595581054688 18.42835235595703
v 19.9357852935791 19.759498596191406 18.40239906311035
v 19.975587844848633 19.881996154785156 18.386760711669922
v 19.99536895751953 19.877248764038086 21.598590850830078
v 19.9752197265625 19.750032424926758 21.58295249938965
v 19.955333709716797 19.62447166442871 21.55699920654297
v 19.935836791992188 19.501379013061523 21.52090072631836
v 19.916858673095703 19.38155746459961 21.474891662597656
v 19.898521423339844 19.265779495239258 21.419269561767578
v 19.880943298339844 19.154796600341797 21.354394912719727
v 19.864240646362305 19.049331665039062 21.280689239501953
v 19.84851837158203 18.95006561279297 21.198631286621094
v 19.833879470825195 18.857643127441406 21.10875129699707
v 19.820419311523438 18.772663116455078 21.011634826660156
v 19.8082275390625 18.695676803588867 20.907907485961914
v 19.797378540039062 18.627185821533203 20.798246383666992
v 19.787946701049805 18.567630767822266 20.683359146118164
v 19.779991149902344 18.517398834228516 20.563993453979492
v 19.773563385009766 18.476818084716797 20.4409236907959
v 19.768705368041992 18.446149826049805 20.314945220947266
v 19.76544952392578 18.42559242248535 20.186878204345703
v 19.763816833496094 18.415281295776367 20.05755043029785
v 19.763816833496094 18.415281295776367 19.92780113220215
v 19.76544952392578 18.42559242248535 19.798473358154297
v 19.768705368041992 18.446149826049805 19.670406341552734
v 19.773563385009766 18.476818084716797 19.5444278717041
v 19.779991149902344 18.517398834228516 19.421358108520508
v 19.787946701049805 18.567630767822266 19.301992416381836
v 19.797378540039062 18.627185821533203 19.187105178833008
v 19.8082275390625 18.695676803588867 19.077444076538086
v 19.820419311523438 18.772663116455078 18.973716735839844
v 19.833879470825195 18.857643127441406 18.87660026550293
v 19.84851837158203 18.95006561279297 18.786720275878906
v 19.864240646362305 19.049331665039062 18.704662322998047
v 19.880943298339844 19.154796600341797 18.630956649780273
v 19.898521423339844 19.265779495239258 18.566082000732422
v 19.916858673095703 19.38155746459961 18.510459899902344
v 19.935836791992188 19.501379013061523 18.46445083618164
v 19.955333709716797 19.62447166442871 18.42835235595703
v 19.9752197265625 19.750032424926758 18.40239906311035
v 19.99536895751953 19.877248764038086 18.386760711669922
v 20.015649795532227 19.875652313232422 21.598590850830078
v 20.015649795532227 19.746849060058594 21.58295249938965
v 20.015649795532227 19.61972427368164 21.55699920654297
v 20.015649795532227 19.495098114013672 21.52090072631836
v 20.015649795532227 19.373781204223633 21.474891662597656
v 20.015649795532227 19.256561279296875 21.419269561767578
v 20.015649795532227 19.144195556640625 21.354394912719727
v 20.015649795532227 19.03741455078125 21.280689239501953
v 20.015649795532227 18.93691062927246 21.198631286621094
v 20.015649795532227 18.84333610534668 21.10875129699707
v 20.015649795532227 18.75729751586914 21.011634826660156
v 20.015649795532227 18.679351806640625 20.907907485961914
v 20.015649795532227 18.61000633239746 20.798246383666992
v 20.015649795532227 18.54970932006836 20.683359146118164
v 20.015649795532227 18.498851776123047 20.563993453979492
v 20.015649795532227 18.457765579223633 20.4409236907959
v 20.015649795532227 18.426715850830078 20.314945220947266
v 20.015649795532227 18.405900955200195 20.186878204345703
v 20.015649795532227 18.395462036132812 20.05755043029785
v 20.015649795532227 18.395462036132812 19.92780113220215
v 20.015649795532227 18.405900955200195 19.798473358154297
v 20.015649795532227 18.426715850830078 19.670406341552734
v 20.015649795532227 18.457765579223633 19.5444278717041
v 20.015649795532227 18.498851776123047 19.421358108520508
v 20.015649795532227 18.54970932006836 19.301992416381836
v 20.015649795532227 18.61000633239746 19.187105178833008
v 20.015649795532227 18.679351806640625 19.077444076538086
v 20.015649795532227 18.75729751586914 18.973716735839844
v 20.015649795532227 18.84333610534668 18.87660026550293
v 20.015649795532227 18.93691062927246 18.786720275878906
v 20.015649795532227 19.03741455078125 18.704662322998047
v 20.015649795532227 19.144195556640625 18.630956649780273
v 20.015649795532227 19.256561279296875 18.566082000732422
v 20.015649795532227 19.373781204223633 18.510459899902344
v 20.015649795532227 19.495098114013672 18.46445083618164
v 20.015649795532227 19.61972427368164 18.42835235595703
v 20.015649795532227 19.746849060058594 18.40239906311035
v 20.015649795532227 19.875652313232422 18.386760711669922
v 20.035930633544922 19.877248764038086 21.598590850830078
v 20.056079864501953 19.750032424926758 21.58295249938965
v 20.075965881347656 19.62447166442871 21.55699920654297
v 20.095462799072266 19.501379013061523 21.52090072631836
v 20.11444091796875 19.38155746459961 21.474891662597656
v 20.13277816772461 19.265779495239258 21.419269561767578
v 20.15035629272461 19.154796600341797 21.354394912719727
v 20.16705894470215 19.049331665039062 21.280689239501953
v 20.182781219482422 18.95006561279297 21.198631286621094
v 20.197420120239258 18.857643127441406 21.10875129699707
v 20.210880279541016 18.772663116455078 21.011634826660156
v 20.223072052001953 18.695676803588867 20.907907485961914
v 20.23392105102539 18.627185821533203 20.798246383666992
v 20.24335289001465 18.567630767822266 20.683359146118164
v 20.25130844116211 18.517398834228516 20.563993453979492
v 20.257736206054688 18.476818084716797 20.4409236907959
v 20.26259422302246 18.446149826049805 20.314945220947266
v 20.265850067138672 18.42559242248535 20.186878204345703
v 20.26748275756836 18.415281295776367 20.05755043029785
v 20.26748275756836 18.415281295776367 19.92780113220215
v 20.265850067138672 18.42559242248535 19.798473358154297
v 20.26259422302246 18.446149826049805 19.670406341552734
v 20.257736206054688 18.476818084716797 19.5444278717041
v 20.25130844116211 18.517398834228516 19.421358108520508
v 20.24335289001465 18.567630767822266 19.301992416381836
v 20.23392105102539 18.627185821533203 19.187105178833008
v 20.223072052001953 18.695676803588867 19.077444076538086
v 20.210880279541016 18.772663116455078 18.973716735839844
v 20.197420120239258 18.857643127441406 18.87660026550293
v 20.182781219482422 18.95006561279297 18.786720275878906
v 20.16705894470215 19.049331665039062 18.704662322998047
v 20.15035629272461 19.154796600341797 18.630956649780273
v 20.13277816772461 19.265779495239258 18.566082000732422
v 20.11444091796875 19.38155746459961 18.510459899902344
v 20.095462799072266 19.501379013061523 18.46445083618164
v 20.075965881347656 19.62447166442871 18.42835235595703
v 20.056079864501953 19.750032424926758 18.40239906311035
v 20.035930633544922 19.877248764038086 18.386760711669922
v 20.05571174621582 19.881996154785156 21.598590850830078
v 20.09551429748535 19.759498596191406 21.58295249938965
v 20.134798049926758 19.638595581054688 21.55699920654297
v 20.173309326171875 19.520069122314453 21.52090072631836
v 20.210798263549805 19.40468978881836 21.474891662597656
v 20.247020721435547 19.2932071685791 21.419269561767578
v 20.2817440032959 19.18634033203125 21.354394912719727
v 20.314741134643555 19.08478546142578 21.280689239501953
v 20.34579849243164 18.98920249938965 21.198631286621094
v 20.374713897705078 18.90020751953125 21.10875129699707
v 20.401302337646484 18.818378448486328 21.011634826660156
v 20.42538833618164 18.74424934387207 20.907907485961914
v 20.44681739807129 18.67829704284668 20.798246383666992
v 20.465450286865234 18.62095069885254 20.683359146118164
v 20.48116683959961 18.572582244873047 20.563993453979492
v 20.49386215209961 18.533506393432617 20.4409236907959
v 20.50345802307129 18.503976821899414 20.314945220947266
v 20.509889602661133 18.484182357788086 20.186878204345703
v 20.51311492919922 18.474252700805664 20.05755043029785
v 20.51311492919922 18.474252700805664 19.92780113220215
v 20.509889602661133 18.484182357788086 19.798473358154297
v 20.50345802307129 18.503976821899414 19.670406341552734
v 20.49386215209961 18.533506393432617 19.5444278717041
v 20.48116683959961 18.572582244873047 19.421358108520508
v 20.465450286865234 18.62095069885254 19.301992416381836
v 20.44681739807129 18.67829704284668 19.187105178833008
v 20.42538833618164 18.74424934387207 19.077444076538086
v 20.401302337646484 18.818378448486328 18.973716735839844
v 20.374713897705078 18.90020751953125 18.87660026550293
v 20.34579849243164 18.98920249938965 18.786720275878906
v 20.314741134643555 19.08478546142578 18.704662322998047
v 20.2817440032959 19.18634033203125 18.630956649780273
v 20.247020721435547 19.2932071685791 18.566082000732422
v 20.210798263549805 19.40468978881836 18.510459899902344
v 20.173309326171875 19.520069122314453 18.46445083618164
v 20.134798049926758 19.638595581054688 18.42835235595703
v 20.09551429748535 19.759498596191406 18.40239906311035
v 20.05571174621582 19.881996154785156 18.386760711669922
v 20.074506759643555 19.889781951904297 21.598590850830078
v 20.13298225402832 19.7750186920166 21.58295249938965
v 20.19069480895996 19.6617488861084 21.55699920654297
v 20.24727439880371 19.55070686340332 21.52090072631836
v 20.302350997924805 19.442611694335938 21.474891662597656
v 20.355567932128906 19.338167190551758 21.419269561767578
v 20.406579971313477 19.23805046081543 21.354394912719727
v 20.45505714416504 19.142908096313477 21.280689239501953
v 20.500686645507812 19.05335807800293 21.198631286621094
v 20.543167114257812 18.969982147216797 21.10875129699707
v 20.58222770690918 18.893321990966797 21.011634826660156
v 20.61761474609375 18.823871612548828 20.907907485961914
v 20.649097442626953 18.762083053588867 20.798246383666992
v 20.676471710205078 18.708358764648438 20.683359146118164
v 20.699560165405273 18.66304588317871 20.563993453979492
v 20.71821403503418 18.626436233520508 20.4409236907959
v 20.732309341430664 18.598770141601562 20.314945220947266
v 20.741758346557617 18.580224990844727 20.186878204345703
v 20.746498107910156 18.5709228515625 20.05755043029785
v 20.746498107910156 18.5709228515625 19.92780113220215
v 20.741758346557617 18.580224990844727 19.798473358154297
v 20.732309341430664 18.598770141601562 19.670406341552734
v 20.71821403503418 18.626436233520508 19.5444278717041
v 20.699560165405273 18.66304588317871 19.421358108520508
v 20.676471710205078 18.708358764648438 19.301992416381836
v 20.649097442626953 18.762083053588867 19.187105178833008
v 20.61761474609375 18.823871612548828 19.077444076538086
v 20.58222770690918 18.893321990966797 18.973716735839844
v 20.543167114257812 18.969982147216797 18.87660026550293
v 20.500686645507812 19.05335807800293 18.786720275878906
v 20.45505714416504 19.142908096313477 18.704662322998047
v 20.406579971313477 19.23805046081543 18.630956649780273
v 20.355567932128906 19.338167190551758 18.566082000732422
v 20.302350997924805 19.442611694335938 18.510459899902344
v 20.24727439880371 19.55070686340332 18.46445083618164
v 20.19069480895996 19.6617488861084 18.42835235595703
v 20.13298225402832 19.7750186920166 18.40239906311035
v 20.074506759643555 19.889781951904297 18.386760711669922
v 20.09185218811035 19.90041160583496 21.598590850830078
v 20.167560577392578 19.796207427978516 21.58295249938965
v 20.24228286743164 19.693361282348633 21.55699920654297
v 20.315536499023438 19.59253692626953 21.52090072631836
v 20.386844635009766 19.4943904876709 21.474891662597656
v 20.45574378967285 19.39955711364746 21.419269561767578
v 20.521791458129883 19.308650970458984 21.354394912719727
v 20.58455467224121 19.22226333618164 21.280689239501953
v 20.64362907409668 19.140954971313477 21.198631286621094
v 20.698631286621094 19.065250396728516 21.10875129699707
v 20.749204635620117 18.995643615722656 21.011634826660156
v 20.795019149780273 18.932584762573242 20.907907485961914
v 20.835779190063477 18.876483917236328 20.798246383666992
v 20.8712215423584 18.827701568603516 20.683359146118164
v 20.901113510131836 18.786558151245117 20.563993453979492
v 20.925264358520508 18.75331687927246 20.4409236907959
v 20.94351577758789 18.72819709777832 20.314945220947266
v 20.95574951171875 18.71135902404785 20.186878204345703
v 20.961885452270508 18.702911376953125 20.05755043029785
v 20.961885452270508 18.702911376953125 19.92780113220215
v 20.95574951171875 18.71135902404785 19.798473358154297
v 20.94351577758789 18.72819709777832 19.670406341552734
v 20.925264358520508 18.75331687927246 19.5444278717041
v 20.901113510131836 18.786558151245117 19.421358108520508
v 20.8712215423584 18.827701568603516 19.301992416381836
v 20.835779190063477 18.876483917236328 19.187105178833008
v 20.795019149780273 18.932584762573242 19.077444076538086
v 20.749204635620117 18.995643615722656 18.973716735839844
v 20.698631286621094 19.065250396728516 18.87660026550293
v 20.64362907409668 19.140954971313477 18.786720275878906
v 20.58455467224121 19.22226333618164 18.704662322998047
v 20.521791458129883 19.308650970458984 18.630956649780273
v 20.45574378967285 19.39955711364746 18.566082000732422
v 20.386844635009766 19.4943904876709 18.510459899902344
v 20.315536499023438 19.59253692626953 18.46445083618164
v 20.24228286743164 19.693361282348633 18.42835235595703
v 20.167560577392578 19.796207427978516 18.40239906311035
v 20.09185218811035 19.90041160583496 18.386760711669922
v 20.10732078552246 19.913623809814453 21.598590850830078
v 20.19839859008789 19.822546005249023 21.58295249938965
v 20.28829002380371 19.732654571533203 21.55699920654297
v 20.376413345336914 19.64453125 21.52090072631836
v 20.462196350097656 19.558748245239258 21.474891662597656
v 20.54508399963379 19.475860595703125 21.419269561767578
v 20.62453842163086 19.396406173706055 21.354394912719727
v 20.700044631958008 19.320899963378906 21.280689239501953
v 20.77111053466797 19.249834060668945 21.198631286621094
v 20.837278366088867 19.183666229248047 21.10875129699707
v 20.898117065429688 19.122827529907227 21.011634826660156
v 20.953231811523438 19.067712783813477 20.907907485961914
v 21.002267837524414 19.0186767578125 20.798246383666992
v 21.044904708862305 18.97603988647461 20.683359146118164
v 21.08086585998535 18.940078735351562 20.563993453979492
v 21.10991859436035 18.911026000976562 20.4409236907959
v 21.131874084472656 18.889070510864258 20.314945220947266
v 21.146591186523438 18.874353408813477 20.186878204345703
v 21.153974533081055 18.86697006225586 20.05755043029785
v 21.153974533081055 18.86697006225586 19.92780113220215
v 21.146591186523438 18.874353408813477 19.798473358154297
v 21.131874084472656 18.889070510864258 19.670406341552734
v 21.10991859436035 18.911026000976562 19.5444278717041
v 21.08086585998535 18.940078735351562 19.421358108520508
v 21.044904708862305 18.97603988647461 19.301992416381836
v 21.002267837524414 19.0186767578125 19.187105178833008
v 20.953231811523438 19.067712783813477 19.077444076538086
v 20.898117065429688 19.122827529907227 18.973716735839844
v 20.837278366088867 19.183666229248047 18.87660026550293
v 20.77111053466797 19.249834060668945 18.786720275878906
v 20.700044631958008 19.320899963378906 18.704662322998047
v 20.62453842163086 19.396406173706055 18.630956649780273
v 20.54508399963379 19.475860595703125 18.566082000732422
v 20.462196350097656 19.558748245239258 18.510459899902344
v 20.376413345336914 19.64453125 18.46445083618164
v 20.28829002380371 19.732654571533203 18.42835235595703
v 20.19839859008789 19.822546005249023 18.40239906311035
v 20.10732078552246 19.913623809814453 18.386760711669922
v 20.120532989501953 19.929092407226562 21.598590850830078
v 20.224735260009766 19.853384017944336 21.58295249938965
v 20.32758331298828 19.778661727905273 21.55699920654297
v 20.428407669067383 19.705408096313477 21.52090072631836
v 20.526554107666016 19.63409996032715 21.474891662597656
v 20.621387481689453 19.565200805664062 21.419269561767578
v 20.71229362487793 19.49915313720703 21.354394912719727
v 20.798681259155273 19.436389923095703 21.280689239501953
v 20.879989624023438 19.377315521240234 21.198631286621094
v 20.9556941986084 19.32231330871582 21.10875129699707
v 21.025300979614258 19.271739959716797 21.011634826660156
v 21.088359832763672 19.22592544555664 20.907907485961914
v 21.14446258544922 19.185165405273438 20.798246383666992
v 21.1932430267334 19.149723052978516 20.683359146118164
v 21.234386444091797 19.119831085205078 20.563993453979492
v 21.267627716064453 19.095680236816406 20.4409236907959
v 21.292747497558594 19.077428817749023 20.314945220947266
v 21.309585571289062 19.065195083618164 20.186878204345703
v 21.31803321838379 19.059059143066406 20.05755043029785
v 21.31803321838379 19.059059143066406 19.92780113220215
v 21.309585571289062 19.065195083618164 19.798473358154297
v 21.292747497558594 19.077428817749023 19.670406341552734
v 21.267627716064453 19.095680236816406 19.5444278717041
v 21.234386444091797 19.119831085205078 19.421358108520508
v 21.1932430267334 19.149723052978516 19.301992416381836
v 21.14446258544922 19.185165405273438 19.187105178833008
v 21.088359832763672 19.22592544555664 19.077444076538086
v 21.025300979614258 19.271739959716797 18.973716735839844
v 20.9556941986084 19.32231330871582 18.87660026550293
v 20.879989624023438 19.377315521240234 18.786720275878906
v 20.798681259155273 19.436389923095703 18.704662322998047
v 20.71229362487793 19.49915313720703 18.630956649780273
v 20.621387481689453 19.565200805664062 18.566082000732422
v 20.526554107666016 19.63409996032715 18.510459899902344
v 20.428407669067383 19.705408096313477 18.46445083618164
v 20.32758331298828 19.778661727905273 18.42835235595703
v 20.224735260009766 19.853384017944336 18.40239906311035
v 20.120532989501953 19.929092407226562 18.386760711669922
v 20.131162643432617 19.94643783569336 21.598590850830078
v 20.245925903320312 19.887962341308594 21.58295249938965
v 20.359195709228516 19.830249786376953 21.55699920654297
v 20.470237731933594 19.773670196533203 21.52090072631836
v 20.578332901000977 19.71859359741211 21.474891662597656
v 20.682777404785156 19.665376663208008 21.419269561767578
v 20.782894134521484 19.614364624023438 21.354394912719727
v 20.878036499023438 19.565887451171875 21.280689239501953
v 20.967586517333984 19.5202579498291 21.198631286621094
v 21.050962448120117 19.4777774810791 21.10875129699707
v 21.127622604370117 19.438716888427734 21.011634826660156
v 21.197072982788086 19.403329849243164 20.907907485961914
v 21.258861541748047 19.37184715270996 20.798246383666992
v 21.312585830688477 19.344472885131836 20.683359146118164
v 21.357898712158203 19.32138442993164 20.563993453979492
v 21.394508361816406 19.302730560302734 20.4409236907959
v 21.42217445373535 19.28863525390625 20.314945220947266
v 21.440719604492188 19.279186248779297 20.186878204345703
v 21.450021743774414 19.274446487426758 20.05755043029785
v 21.450021743774414 19.274446487426758 19.92780113220215
v 21.440719604492188 19.279186248779297 19.798473358154297
v 21.42217445373535 19.28863525390625 19.670406341552734
v 21.394508361816406 19.302730560302734 19.5444278717041
v 21.357898712158203 19.32138442993164 19.421358108520508
v 21.312585830688477 19.344472885131836 19.301992416381836
v 21.258861541748047 19.37184715270996 19.187105178833008
v 21.197072982788086 19.403329849243164 19.077444076538086
v 21.127622604370117 19.438716888427734 18.973716735839844
v 21.050962448120117 19.4777774810791 18.87660026550293
v 20.967586517333984 19.5202579498291 18.786720275878906
v 20.878036499023438 19.565887451171875 18.704662322998047
v 20.782894134521484 19.614364624023438 18.630956649780273
v 20.682777404785156 19.665376663208008 18.566082000732422
v 20.578332901000977 19.71859359741211 18.510459899902344
v 20.470237731933594 19.773670196533203 18.46445083618164
v 20.359195709228516 19.830249786376953 18.42835235595703
v 20.245925903320312 19.887962341308594 18.40239906311035
v 20.131162643432617 19.94643783569336 18.386760711669922
v 20.138948440551758 19.965232849121094 21.598590850830078
v 20.261445999145508 19.925430297851562 21.58295249938965
v 20.382349014282227 19.886146545410156 21.55699920654297
v 20.50087547302246 19.84763526916504 21.52090072631836
v 20.616254806518555 19.81014633178711 21.474891662597656
v 20.727737426757812 19.773923873901367 21.419269561767578
v 20.834604263305664 19.739200592041016 21.354394912719727
v 20.936159133911133 19.70620346069336 21.280689239501953
v 21.031742095947266 19.675146102905273 21.198631286621094
v 21.120737075805664 19.646230697631836 21.10875129699707
v 21.202566146850586 19.61964225769043 21.011634826660156
v 21.276695251464844 19.595556259155273 20.907907485961914
v 21.342647552490234 19.574127197265625 20.798246383666992
v 21.399993896484375 19.55549430847168 20.683359146118164
v 21.448360443115234 19.539777755737305 20.563993453979492
v 21.487438201904297 19.527082443237305 20.4409236907959
v 21.5169677734375 19.517486572265625 20.314945220947266
v 21.536762237548828 19.51105499267578 20.186878204345703
v 21.54669189453125 19.507829666137695 20.05755043029785
v 21.54669189453125 19.507829666137695 19.92780113220215
v 21.536762237548828 19.51105499267578 19.798473358154297
v 21.5169677734375 19.517486572265625 19.670406341552734
v 21.487438201904297 19.527082443237305 19.5444278717041
v 21.448360443115234 19.539777755737305 19.421358108520508
v 21.399993896484375 19.55549430847168 19.301992416381836
v 21.342647552490234 19.574127197265625 19.187105178833008
v 21.276695251464844 19.595556259155273 19.077444076538086
v 21.202566146850586 19.61964225769043 18.973716735839844
v 21.120737075805664 19.646230697631836 18.87660026550293
v 21.031742095947266 19.675146102905273 18.786720275878906
v 20.936159133911133 19.70620346069336 18.704662322998047
v 20.834604263305664 19.739200592041016 18.630956649780273
v 20.727737426757812 19.773923873901367 18.566082000732422
v 20.616254806518555 19.81014633178711 18.510459899902344
v 20.50087547302246 19.84763526916504 18.46445083618164
v 20.382349014282227 19.886146545410156 18.42835235595703
v 20.261445999145508 19.925430297851562 18.40239906311035
v 20.138948440551758 19.965232849121094 18.386760711669922
v 20.143695831298828 19.985013961791992 21.598590850830078
v 20.270912170410156 19.96486473083496 21.58295249938965
v 20.396472930908203 19.944978713989258 21.55699920654297
v 20.51956558227539 19.92548179626465 21.52090072631836
v 20.639387130737305 19.906503677368164 21.474891662597656
v 20.755165100097656 19.888166427612305 21.419269561767578
v 20.866147994995117 19.870588302612305 21.354394912719727
v 20.97161293029785 19.853885650634766 21.280689239501953
v 21.070878982543945 19.838163375854492 21.198631286621094
v 21.163301467895508 19.823524475097656 21.10875129699707
v 21.248281478881836 19.8100643157959 21.011634826660156
v 21.325267791748047 19.79787254333496 20.907907485961914
v 21.39375877380371 19.787023544311523 20.798246383666992
v 21.45331382751465 19.777591705322266 20.683359146118164
v 21.5035457611084 19.769636154174805 20.563993453979492
v 21.544126510620117 19.763208389282227 20.4409236907959
v 21.57479476928711 19.758350372314453 20.314945220947266
v 21.595352172851562 19.755094528198242 20.186878204345703
v 21.605663299560547 19.753461837768555 20.05755043029785
v 21.605663299560547 19.753461837768555 19.92780113220215
v 21.595352172851562 19.755094528198242 19.798473358154297
v 21.57479476928711 19.758350372314453 19.670406341552734
v 21.544126510620117 19.763208389282227 19.5444278717041
v 21.5035457611084 19.769636154174805 19.421358108520508
v 21.45331382751465 19.777591705322266 19.301992416381836
v 21.39375877380371 19.787023544311523 19.187105178833008
v 21.325267791748047 19.79787254333496 19.077444076538086
v 21.248281478881836 19.8100643157959 18.973716735839844
v 21.163301467895508 19.823524475097656 18.87660026550293
v 21.070878982543945 19.838163375854492 18.786720275878906
v 20.97161293029785 19.853885650634766 18.704662322998047
v 20.866147994995117 19.870588302612305 18.630956649780273
v 20.755165100097656 19.888166427612305 18.566082000732422
v 20.639387130737305 19.906503677368164 18.510459899902344
v 20.51956558227539 19.92548179626465 18.46445083618164
v 20.396472930908203 19.944978713989258 18.42835235595703
v 20.270912170410156 19.96486473083496 18.40239906311035
v 20.143695831298828 19.985013961791992 18.386760711669922
f 1 2 3
f 1 4 2
f 1 3 4
f 2 4 3
f 5 6 7
f 5 8 6
f 5 7 8
f 6 8 7
f 9 10 11
f 9 12 10
f 9 11 12
f 10 12 11
f 13 14 15
f 13 16 14
f 13 15 16
f 14 16 15
f 17 18 19
f 17 20 18
f 17 19 20
f 18 20 19
f 21 22 23
f 21 24 22
f 21 23 24
f 22 24 23
f 25 26 27
f 25 28 26
f 25 27 28
f 26 28 27
f 29 30 31
f 29 32 30
f 29 31 32
f 30 32 31
f 33 34 35
f 33 36 34
f 33 35 36
f 34 36 35
f 37 38 39
f 37 40 38
f 37 39 40
f 38 40 39
f 41 42 43
f 41 44 42
f 41 43 44
f 42 44 43
f 45 46 47
f 45 48 46
f 45 47 48
f 46 48 47
f 49 50 51
f 49 52 50
f 49 51 52
f 50 52 51
f 53 54 55
f 53 56 54
f 53 55 56
f 54 56 55
f 57 58 59
f 57 60 58
f 57 59 60
f 58 60 59
f 61 62 63
f 61 64 62
f 61 63 64
f 62 64 63
f 65 66 67
f 65 68 66
f 65 67 68
f 66 68 67
f 69 70 71
f 69 72 70
f 69 71 72
f 70 72 71
f 73 74 75
f 73 76 74
f 73 75 76
f 74 76 75
f 77 78 79
f 77 80 78
f 77 79 80
f 78 80 79
f 81 82 83
f 81 84 82
f 81 83 84
f 82 84 83
f 85 86 87
f 85 88 86
f 85 87 88
f 86 88 87
f 89 90 91
f 89 92 90
f 89 91 92
f 90 92 91
f 93 94 95
f 93 96 94
f 93 95 96
f 94 96 95
f 97 98 99
f 97 100 98
f 97 99 100
f 98 100 99
f 101 102 103
f 101 104 102
f 101 103 104
f 102 104 103
f 105 106 107
f 105 108 106
f 105 107 108
f 106 108 107
f 109 110 111
f 109 112 110
f 109 111 112
f 110 112 111
f 113 114 115
f 113 116 114
f 113 115 116
f 114 116 115
f 117 118 119
f 117 120 118
f 117 119 120
f 118 120 119
f 121 122 123
f 121 124 122
f 121 123 124
f 122 124 123
f 125 126 127
f 125 128 126
f 125 127 128
f 126 128 127
f 129 130 131
f 129 132 130
f 129 131 132
f 130 132 131
f 133 134 135
f 133 136 134
f 133 135 136
f 134 136 135
f 137 138 139
f 137 140 138
f 137 139 140
f 138 140 139
f 141 142 143
f 141 144 142
f 141 143 144
f 142 144 143
f 145 146 147
f 145 148 146
f 145 147 148
f 146 148 147
f 149 150 151
f 149 152 150
f 149 151 152
f 150 152 151
f 153 154 155
f 153 156 154
f 153 155 156
f 154 156 155
f 157 158 159
f 157 160 158
f 157 159 160
f 158 160 159
f 161 162 163
f 161 164 162
f 161 163 164
f 162 164 163
f 165 166 167
f 165 168 166
f 165 167 168
f 166 168 167
f 169 170 171
f 169 172 170
f 169 171 172
f 170 172 171
f 173 174 175
f 173 176 174
f 173 175 176
f 174 176 175
f 177 178 179
f 177 180 178
f 177 179 180
f 178 180 179
f 181 182 183
f 181 184 182
f 181 183 184
f 182 184 183
f 185 186 187
f 185 188 186
f 185 187 188
f 186 188 187
f 189 190 191
f 189 192 190
f 189 191 192
f 190 192 191
f 193 194 195
f 193 196 194
f 193 195 196
f 194 196 195
f 197 198 199
f 197 200 198
f 197 199 200
f 198 200 199
f 201 202 203
f 201 204 202
f 201 203 204
f 202 204 203
f 205 206 207
f 205 208 206
f 205 207 208
f 206 208 207
f 209 210 211
f 209 212 210
f 209 211 212
f 210 212 211
f 213 214 215
f 213 216 214
f 213 215 216
f 214 216 215
f 217 218 219
f 217 220 218
f 217 219 220
f 218 220 219
f 221 222 223
f 221 224 222
f 221 223 224
f 222 224 223
f 225 226 227
f 225 228 226
f 225 227 228
f 226 228 227
f 229 230 231
f 229 232 230
f 229 231 232
f 230 232 231
f 233 234 235
f 233 236 234
f 233 235 236
f 234 236 235
f 237 238 239
f 237 240 238
f 237 239 240
f 238 240 239
f 241 242 243
f 241 244 242
f 241 243 244
f 242 244 243
f 245 246 247
f 245 248 246
f 245 247 248
f 246 248 247
f 249 250 251
f 249 252 250
f 249 251 252
f 250 252 251
f 253 254 255
f 253 256 254
f 253 255 256
f 254 256 255
f 257 258 259
f 257 260 258
f 257 259 260
f 258 260 259
f 261 262 263
f 261 264 262
f 261 263 264
f 262 264 263
f 265 266 267
f 265 268 266
f 265 267 268
f 266 268 267
f 269 270 271
f 269 272 270
f 269 271 272
f 270 272 271
f 273 274 275
f 273 276 274
f 273 275 276
f 274 276 275
f 277 278 279
f 277 280 278
f 277 279 280
f 278 280 279
f 283 321 281
f 321 359 281
f 359 397 281
f 397 435 281
f 435 473 281
f 473 511 281
f 511 549 281
f 549 587 281
f 587 625 281
f 625 663 281
f 663 701 281
f 701 739 281
f 739 777 281
f 777 815 281
f 815 853 281
f 853 891 281
f 891 929 281
f 929 967 281
f 967 1005 281
f 1005 1043 281
f 1043 1081 281
f 1081 1119 281
f 1119 1157 281
f 1157 1195 281
f 1195 1233 281
f 1233 1271 281
f 1271 1309 281
f 1309 1347 281
f 1347 1385 281
f 1385 1423 281
f 1423 1461 281
f 1461 1499 281
f 1499 1537 281
f 1537 1575 281
f 1575 1613 281
f 1613 1651 281
f 1651 1689 281
f 1689 1727 281
f 1727 1765 281
f 1765 283 281
f 320 282 358
f 358 282 396
f 396 282 434
f 434 282 472
f 472 282 510
f 510 282 548
f 548 282 586
f 586 282 624
f 624 282 662
f 662 282 700
f 700 282 738
f 738 282 776
f 776 282 814
f 814 282 852
f 852 282 890
f 890 282 928
f 928 282 966
f 966 282 1004
f 1004 282 1042
f 1042 282 1080
f 1080 282 1118
f 1118 282 1156
f 1156 282 1194
f 1194 282 1232
f 1232 282 1270
f 1270 282 1308
f 1308 282 1346
f 1346 282 1384
f 1384 282 1422
f 1422 282 1460
f 1460 282 1498
f 1498 282 1536
f 1536 282 1574
f 1574 282 1612
f 1612 282 1650
f 1650 282 1688
f 1688 282 1726
f 1726 282 1764
f 1764 282 1802
f 1802 282 320
f 283 284 322
f 283 322 321
f 284 285 323
f 284 323 322
f 285 286 324
f 285 324 323
f 286 287 325
f 286 325 324
f 287 288 326
f 287 326 325
f 288 289 327
f 288 327 326
f 289 290 328
f 289 328 327
f 290 291 329
f 290 329 328
f 291 292 330
f 291 330 329
f 292 293 331
f 292 331 330
f 293 294 332
f 293 332 331
f 294 295 333
f 294 333 332
f 295 296 334
f 295 334 333
f 296 297 335
f 296 335 334
f 297 298 336
f 297 336 335
f 298 299 337
f 298 337 336
f 299 300 338
f 299 338 337
f 300 301 339
f 300 339 338
f 301 302 340
f 301 340 339
f 302 303 341
f 302 341 340
f 303 304 342
f 303 342 341
f 304 305 343
f 304 343 342
f 305 306 344
f 305 344 343
f 306 307 345
f 306 345 344
f 307 308 346
f 307 346 345
f 308 309 347
f 308 347 346
f 309 310 348
f 309 348 347
f 310 311 349
f 310 349 348
f 311 312 350
f 311 350 349
f 312 313 351
f 312 351 350
f 313 314 352
f 313 352 351
f 314 315 353
f 314 353 352
f 315 316 354
f 315 354 353
f 316 317 355
f 316 355 354
f 317 318 356
f 317 356 355
f 318 319 357
f 318 357 356
f 319 320 358
f 319 358 357
f 321 322 360
f 321 360 359
f 322 323 361
f 322 361 360
f 323 324 362
f 323 362 361
f 324 325 363
f 324 363 362
f 325 326 364
f 325 364 363
f 326 327 365
f 326 365 364
f 327 328 366
f 327 366 365
f 328 329 367
f 328 367 366
f 329 330 368
f 329 368 367
f 330 331 369
f 330 369 368
f 331 332 370
f 331 370 369
f 332 333 371
f 332 371 370
f 333 334 372
f 333 372 371
f 334 335 373
f 334 373 372
f 335 336 374
f 335 374 373
f 336 337 375
f 336 375 374
f 337 338 376
f 337 376 375
f 338 339 377
f 338 377 376
f 339 340 378
f 339 378 377
f 340 341 379
f 340 379 378
f 341 342 380
f 341 380 379
f 342 343 381
f 342 381 380
f 343 344 382
f 343 382 381
f 344 345 383
f 344 383 382
f 345 346 384
f 345 384 383
f 346 347 385
f 346 385 384
f 347 348 386
f 347 386 385
f 348 349 387
f 348 387 386
f 349 350 388
f 349 388 387
f 350 351 389
f 350 389 388
f 351 352 390
f 351 390 389
f 352 353 391
f 352 391 390
f 353 354 392
f 353 392 391
f 354 355 393
f 354 393 392
f 355 356 394
f 355 394 393
f 356 357 395
f 356 395 394
f 357 358 396
f 357 396 395
f 359 360 398
f 359 398 397
f 360 361 399
f 360 399 398
f 361 362 400
f 361 400 399
f 362 363 401
f 362 401 400
f 363 364 402
f 363 402 401
f 364 365 403
f 364 403 402
f 365 366 404
f 365 404 403
f 366 367 405
f 366 405 404
f 367 368 406
f 367 406 405
f 368 369 407
f 368 407 406
f 369 370 408
f 369 408 407
f 370 371 409
f 370 409 408
f 371 372 410
f 371 410 409
f 372 373 411
f 372 411 410
f 373 374 412
f 373 412 411
f 374 375 413
f 374 413 412
f 375 376 414
f 375 414 413
f 376 377 415
f 376 415 414
f 377 378 416
f 377 416 415
f 378 379 417
f 378 417 416
f 379 380 418
f 379 418 417
f 380 381 419
f 380 419 418
f 381 382 420
f 381 420 419
f 382 383 421
f 382 421 420
f 383 384 422
f 383 422 421
f 384 385 423
f 384 423 422
f 385 386 424
f 385 424 423
f 386 387 425
f 386 425 424
f 387 388 426
f 387 426 425
f 388 389 427
f 388 427 426
f 389 390 428
f 389 428 427
f 390 391 429
f 390 429 428
f 391 392 430
f 391 430 429
f 392 393 431
f 392 431 430
f 393 394 432
f 393 432 431
f 394 395 433
f 394 433 432
f 395 396 434
f 395 434 433
f 397 398 436
f 397 436 435
f 398 399 437
f 398 437 436
f 399 400 438
f 399 438 437
f 400 401 439
f 400 439 438
f 401 402 440
f 401 440 439
f 402 403 441
f 402 441 440
f 403 404 442
f 403 442 441
f 404 405 443
f 404 443 442
f 405 406 444
f 405 444 443
f 406 407 445
f 406 445 444
f 407 408 446
f 407 446 445
f 408 409 447
f 408 447 446
f 409 410 448
f 409 448 447
f 410 411 449
f 410 449 448
f 411 412 450
f 411 450 449
f 412 413 451
f 412 451 450
f 413 414 452
f 413 452 451
f 414 415 453
f 414 453 452
f 415 416 454
f 415 454 453
f 416 417 455
f 416 455 454
f 417 418 456
f 417 456 455
f 418 419 457
f 418 457 456
f 419 420 458
f 419 458 457
f 420 421 459
f 420 459 458
f 421 422 460
f 421 460 459
f 422 423 461
f 422 461 460
f 423 424 462
f 423 462 461
f 424 425 463
f 424 463 462
f 425 426 464
f 425 464 463
f 426 427 465
f 426 465 464
f 427 428 466
f 427 466 465
f 428 429 467
f 428 467 466
f 429 430 468
f 429 468 467
f 430 431 469
f 430 469 468
f 431 432 470
f 431 470 469
f 432 433 471
f 432 471 470
f 433 434 472
f 433 472 471
f 435 436 474
f 435 474 473
f 436 437 475
f 436 475 474
f 437 438 476
f 437 476 475
f 438 439 477
f 438 477 476
f 439 440 478
f 439 478 477
f 440 441 479
f 440 479 478
f 441 442 480
f 441 480 479
f 442 443 481
f 442 481 480
f 443 444 482
f 443 482 481
f 444 445 483
f 444 483 482
f 445 446 484
f 445 484 483
f 446 447 485
f 446 485 484
f 447 448 486
f 447 486 485
f 448 449 487
f 448 487 486
f 449 450 488
f 449 488 487
f 450 451 489
f 450 489 488
f 451 452 490
f 451 490 489
f 452 453 491
f 452 491 490
f 453 454 492
f 453 492 491
f 454 455 493
f 454 493 492
f 455 456 494
f 455 494 493
f 456 457 495
f 456 495 494
f 457 458 496
f 457 496 495
f 458 459 497
f 458 497 496
f 459 460 498
f 459 498 497
f 460 461 499
f 460 499 498
f 461 462 500
f 461 500 499
f 462 463 501
f 462 501 500
f 463 464 502
f 463 502 501
f 464 465 503
f 464 503 502
f 465 466 504
f 465 504 503
f 466 467 505
f 466 505 504
f 467 468 506
f 467 506 505
f 468 469 507
f 468 507 506
f 469 470 508
f 469 508 507
f 470 471 509
f 470 509 508
f 471 472 510
f 471 510 509
f 473 474 512
f 473 512 511
f 474 475 513
f 474 513 512
f 475 476 514
f 475 514 513
f 476 477 515
f 476 515 514
f 477 478 516
f 477 516 515
f 478 479 517
f 478 517 516
f 479 480 518
f 479 518 517
f 480 481 519
f 480 519 518
f 481 482 520
f 481 520 519
f 482 483 521
f 482 521 520
f 483 484 522
f 483 522 521
f 484 485 523
f 484 523 522
f 485 486 524
f 485 524 523
f 486 487 525
f 486 525 524
f 487 488 526
f 487 526 525
f 488 489 527
f 488 527 526
f 489 490 528
f 489 528 527
f 490 491 529
f 490 529 528
f 491 492 530
f 491 530 529
f 492 493 531
f 492 531 530
f 493 494 532
f 493 532 531
f 494 495 533
f 494 533 532
f 495 496 534
f 495 534 533
f 496 497 535
f 496 535 534
f 497 498 536
f 497 536 535
f 498 499 537
f 498 537 536
f 499 500 538
f 499 538 537
f 500 501 539
f 500 539 538
f 501 502 540
f 501 540 539
f 502 503 541
f 502 541 540
f 503 504 542
f 503 542 541
f 504 505 543
f 504 543 542
f 505 506 544
f 505 544 543
f 506 507 545
f 506 545 544
f 507 508 546
f 507 546 545
f 508 509 547
f 508 547 546
f 509 510 548
f 509 548 547
f 511 512 550
f 511 550 549
f 512 513 551
f 512 551 550
f 513 514 552
f 513 552 551
f 514 515 553
f 514 553 552
f 515 516 554
f 515 554 553
f 516 517 555
f 516 555 554
f 517 518 556
f 517 556 555
f 518 519 557
f 518 557 556
f 519 520 558
f 519 558 557
f 520 521 559
f 520 559 558
f 521 522 560
f 521 560 559
f 522 523 561
f 522 561 560
f 523 524 562
f 523 562 561
f 524 525 563
f 524 563 562
f 525 526 564
f 525 564 563
f 526 527 565
f 526 565 564
f 527 528 566
f 527 566 565
f 528 529 567
f 528 567 566
f 529 530 568
f 529 568 567
f 530 531 569
f 530 569 568
f 531 532 570
f 531 570 569
f 532 533 571
f 532 571 570
f 533 534 572
f 533 572 571
f 534 535 573
f 534 573 572
f 535 536 574
f 535 574 573
f 536 537 575
f 536 575 574
f 537 538 576
f 537 576 575
f 538 539 577
f 538 577 576
f 539 540 578
f 539 578 577
f 540 541 579
f 540 579 578
f 541 542 580
f 541 580 579
f 542 543 581
f 542 581 580
f 543 544 582
f 543 582 581
f 544 545 583
f 544 583 582
f 545 546 584
f 545 584 583
f 546 547 585
f 546 585 584
f 547 548 586
f 547 586 585
f 549 550 588
f 549 588 587
f 550 551 589
f 550 589 588
f 551 552 590
f 551 590 589
f 552 553 591
f 552 591 590
f 553 554 592
f 553 592 591
f 554 555 593
f 554 593 592
f 555 556 594
f 555 594 593
f 556 557 595
f 556 595 594
f 557 558 596
f 557 596 595
f 558 559 597
f 558 597 596
f 559 560 598
f 559 598 597
f 560 561 599
f 560 599 598
f 561 562 600
f 561 600 599
f 562 563 601
f 562 601 600
f 563 564 602
f 563 602 601
f 564 565 603
f 564 603 602
f 565 566 604
f 565 604 603
f 566 567 605
f 566 605 604
f 567 568 606
f 567 606 605
f 568 569 607
f 568 607 606
f 569 570 608
f 569 608 607
f 570 571 609
f 570 609 608
f 571 572 610
f 571 610 609
f 572 573 611
f 572 611 610
f 573 574 612
f 573 612 611
f 574 575 613
f 574 613 612
f 575 576 614
f 575 614 613
f 576 577 615
f 576 615 614
f 577 578 616
f 577 616 615
f 578 579 617
f 578 617 616
f 579 580 618
f 579 618 617
f 580 581 619
f 580 619 618
f 581 582 620
f 581 620 619
f 582 583 621
f 582 621 620
f 583 584 622
f 583 622 621
f 584 585 623
f 584 623 622
f 585 586 624
f 585 624 623
f 587 588 626
f 587 626 625
f 588 589 627
f 588 627 626
f 589 590 628
f 589 628 627
f 590 591 629
f 590 629 628
f 591 592 630
f 591 630 629
f 592 593 631
f 592 631 630
f 593 594 632
f 593 632 631
f 594 595 633
f 594 633 632
f 595 596 634
f 595 634 633
f 596 597 635
f 596 635 634
f 597 598 636
f 597 636 635
f 598 599 637
f 598 637 636
f 599 600 638
f 599 638 637
f 600 601 639
f 600 639 638
f 601 602 640
f 601 640 639
f 602 603 641
f 602 641 640
f 603 604 642
f 603 642 641
f 604 605 643
f 604 643 642
f 605 606 644
f 605 644 643
f 606 607 645
f 606 645 644
f 607 608 646
f 607 646 645
f 608 609 647
f 608 647 646
f 609 610 648
f 609 648 647
f 610 611 649
f 610 649 648
f 611 612 650
f 611 650 649
f 612 613 651
f 612 651 650
f 613 614 652
f 613 652 651
f 614 615 653
f 614 653 652
f 615 616 654
f 615 654 653
f 616 617 655
f 616 655 654
f 617 618 656
f 617 656 655
f 618 619 657
f 618 657 656
f 619 620 658
f 619 658 657
f 620 621 659
f 620 659 658
f 621 622 660
f 621 660 659
f 622 623 661
f 622 661 660
f 623 624 662
f 623 662 661
f 625 626 664
f 625 664 663
f 626 627 665
f 626 665 664
f 627 628 666
f 627 666 665
f 628 629 667
f 628 667 666
f 629 630 668
f 629 668 667
f 630 631 669
f 630 669 668
f 631 632 670
f 631 670 669
f 632 633 671
f 632 671 670
f 633 634 672
f 633 672 671
f 634 635 673
f 634 673 672
f 635 636 674
f 635 674 673
f 636 637 675
f 636 675 674
f 637 638 676
f 637 676 675
f 638 639 677
f 638 677 676
f 639 640 678
f 639 678 677
f 640 641 679
f 640 679 678
f 641 642 680
f 641 680 679
f 642 643 681
f 642 681 680
f 643 644 682
f 643 682 681
f 644 645 683
f 644 683 682
f 645 646 684
f 645 684 683
f 646 647 685
f 646 685 684
f 647 648 686
f 647 686 685
f 648 649 687
f 648 687 686
f 649 650 688
f 649 688 687
f 650 651 689
f 650 689 688
f 651 652 690
f 651 690 689
f 652 653 691
f 652 691 690
f 653 654 692
f 653 692 691
f 654 655 693
f 654 693 692
f 655 656 694
f 655 694 693
f 656 657 695
f 656 695 694
f 657 658 696
f 657 696 695
f 658 659 697
f 658 697 696
f 659 660 698
f 659 698 697
f 660 661 699
f 660 699 698
f 661 662 700
f 661 700 699
f 663 664 702
f 663 702 701
f 664 665 703
f 664 703 702
f 665 666 704
f 665 704 703
f 666 667 705
f 666 705 704
f 667 668 706
f 667 706 705
f 668 669 707
f 668 707 706
f 669 670 708
f 669 708 707
f 670 671 709
f 670 709 708
f 671 672 710
f 671 710 709
f 672 673 711
f 672 711 710
f 673 674 712
f 673 712 711
f 674 675 713
f 674 713 712
f 675 676 714
f 675 714 713
f 676 677 715
f 676 715 714
f 677 678 716
f 677 716 715
f 678 679 717
f 678 717 716
f 679 680 718
f 679 718 717
f 680 681 719
f 680 719 718
f 681 682 720
f 681 720 719
f 682 683 721
f 682 721 720
f 683 684 722
f 683 722 721
f 684 685 723
f 684 723 722
f 685 686 724
f 685 724 723
f 686 687 725
f 686 725 724
f 687 688 726
f 687 726 725
f 688 689 727
f 688 727 726
f 689 690 728
f 689 728 727
f 690 691 729
f 690 729 728
f 691 692 730
f 691 730 729
f 692 693 731
f 692 731 730
f 693 694 732
f 693 732 731
f 694 695 733
f 694 733 732
f 695 696 734
f 695 734 733
f 696 697 735
f 696 735 734
f 697 698 736
f 697 736 735
f 698 699 737
f 698 737 736
f 699 700 738
f 699 738 737
f 701 702 740
f 701 740 739
f 702 703 741
f 702 741 740
f 703 704 742
f 703 742 741
f 704 705 743
f 704 743 742
f 705 706 744
f 705 744 743
f 706 707 745
f 706 745 744
f 707 708 746
f 707 746 745
f 708 709 747
f 708 747 746
f 709 710 748
f 709 748 747
f 710 711 749
f 710 749 748
f 711 712 750
f 711 750 749
f 712 713 751
f 712 751 750
f 713 714 752
f 713 752 751
f 714 715 753
f 714 753 752
f 715 716 754
f 715 754 753
f 716 717 755
f 716 755 754
f 717 718 756
f 717 756 755
f 718 719 757
f 718 757 756
f 719 720 758
f 719 758 757
f 720 721 759
f 720 759 758
f 721 722 760
f 721 760 759
f 722 723 761
f 722 761 760
f 723 724 762
f 723 762 761
f 724 725 763
f 724 763 762
f 725 726 764
f 725 764 763
f 726 727 765
f 726 765 764
f 727 728 766
f 727 766 765
f 728 729 767
f 728 767 766
f 729 730 768
f 729 768 767
f 730 731 769
f 730 769 768
f 731 732 770
f 731 770 769
f 732 733 771
f 732 771 770
f 733 734 772
f 733 772 771
f 734 735 773
f 734 773 772
f 735 736 774
f 735 774 773
f 736 737 775
f 736 775 774
f 737 738 776
f 737 776 775
f 739 740 778
f 739 778 777
f 740 741 779
f 740 779 778
f 741 742 780
f 741 780 779
f 742 743 781
f 742 781 780
f 743 744 782
f 743 782 781
f 744 745 783
f 744 783 782
f 745 746 784
f 745 784 783
f 746 747 785
f 746 785 784
f 747 748 786
f 747 786 785
f 748 749 787
f 748 787 786
f 749 750 788
f 749 788 787
f 750 751 789
f 750 789 788
f 751 752 790
f 751 790 789
f 752 753 791
f 752 791 790
f 753 754 792
f 753 792 791
f 754 755 793
f 754 793 792
f 755 756 794
f 755 794 793
f 756 757 795
f 756 795 794
f 757 758 796
f 757 796 795
f 758 759 797
f 758 797 796
f 759 760 798
f 759 798 797
f 760 761 799
f 760 799 798
f 761 762 800
f 761 800 799
f 762 763 801
f 762 801 800
f 763 764 802
f 763 802 801
f 764 765 803
f 764 803 802
f 765 766 804
f 765 804 803
f 766 767 805
f 766 805 804
f 767 768 806
f 767 806 805
f 768 769 807
f 768 807 806
f 769 770 808
f 769 808 807
f 770 771 809
f 770 809 808
f 771 772 810
f 771 810 809
f 772 773 811
f 772 811 810
f 773 774 812
f 773 812 811
f 774 775 813
f 774 813 812
f 775 776 814
f 775 814 813
f 777 778 816
f 777 816 815
f 778 779 817
f 778 817 816
f 779 780 818
f 779 818 817
f 780 781 819
f 780 819 818
f 781 782 820
f 781 820 819
f 782 783 821
f 782 821 820
f 783 784 822
f 783 822 821
f 784 785 823
f 784 823 822
f 785 786 824
f 785 824 823
f 786 787 825
f 786 825 824
f 787 788 826
f 787 826 825
f 788 789 827
f 788 827 826
f 789 790 828
f 789 828 827
f 790 791 829
f 790 829 828
f 791 792 830
f 791 830 829
f 792 793 831
f 792 831 830
f 793 794 832
f 793 832 831
f 794 795 833
f 794 833 832
f 795 796 834
f 795 834 833
f 796 797 835
f 796 835 834
f 797 798 836
f 797 836 835
f 798 799 837
f 798 837 836
f 799 800 838
f 799 838 837
f 800 801 839
f 800 839 838
f 801 802 840
f 801 840 839
f 802 803 841
f 802 841 840
f 803 804 842
f 803 842 841
f 804 805 843
f 804 843 842
f 805 806 844
f 805 844 843
f 806 807 845
f 806 845 844
f 807 808 846
f 807 846 845
f 808 809 847
f 808 847 846
f 809 810 848
f 809 848 847
f 810 811 849
f 810 849 848
f 811 812 850
f 811 850 849
f 812 813 851
f 812 851 850
f 813 814 852
f 813 852 851
f 815 816 854
f 815 854 853
f 816 817 855
f 816 855 854
f 817 818 856
f 817 856 855
f 818 819 857
f 818 857 856
f 819 820 858
f 819 858 857
f 820 821 859
f 820 859 858
f 821 822 860
f 821 860 859
f 822 823 861
f 822 861 860
f 823 824 862
f 823 862 861
f 824 825 863
f 824 863 862
f 825 826 864
f 825 864 863
f 826 827 865
f 826 865 864
f 827 828 866
f 827 866 865
f 828 829 867
f 828 867 866
f 829 830 868
f 829 868 867
f 830 831 869
f 830 869 868
f 831 832 870
f 831 870 869
f 832 833 871
f 832 871 870
f 833 834 872
f 833 872 871
f 834 835 873
f 834 873 872
f 835 836 874
f 835 874 873
f 836 837 875
f 836 875 874
f 837 838 876
f 837 876 875
f 838 839 877
f 838 877 876
f 839 840 878
f 839 878 877
f 840 841 879
f 840 879 878
f 841 842 880
f 841 880 879
f 842 843 881
f 842 881 880
f 843 844 882
f 843 882 881
f 844 845 883
f 844 883 882
f 845 846 884
f 845 884 883
f 846 847 885
f 846 885 884
f 847 848 886
f 847 886 885
f 848 849 887
f 848 887 886
f 849 850 888
f 849 888 887
f 850 851 889
f 850 889 888
f 851 852 890
f 851 890 889
f 853 854 892
f 853 892 891
f 854 855 893
f 854 893 892
f 855 856 894
f 855 894 893
f 856 857 895
f 856 895 894
f 857 858 896
f 857 896 895
f 858 859 897
f 858 897 896
f 859 860 898
f 859 898 897
f 860 861 899
f 860 899 898
f 861 862 900
f 861 900 899
f 862 863 901
f 862 901 900
f 863 864 902
f 863 902 901
f 864 865 903
f 864 903 902
f 865 866 904
f 865 904 903
f 866 867 905
f 866 905 904
f 867 868 906
f 867 906 905
f 868 869 907
f 868 907 906
f 869 870 908
f 869 908 907
f 870 871 909
f 870 909 908
f 871 872 910
f 871 910 909
f 872 873 911
f 872 911 910
f 873 874 912
f 873 912 911
f 874 875 913
f 874 913 912
f 875 876 914
f 875 914 913
f 876 877 915
f 876 915 914
f 877 878 916
f 877 916 915
f 878 879 917
f 878 917 916
f 879 880 918
f 879 918 917
f 880 881 919
f 880 919 918
f 881 882 920
f 881 920 919
f 882 883 921
f 882 921 920
f 883 884 922
f 883 922 921
f 884 885 923
f 884 923 922
f 885 886 924
f 885 924 923
f 886 887 925
f 886 925 924
f 887 888 926
f 887 926 925
f 888 889 927
f 888 927 926
f 889 890 928
f 889 928 927
f 891 892 930
f 891 930 929
f 892 893 931
f 892 931 930
f 893 894 932
f 893 932 931
f 894 895 933
f 894 933 932
f 895 896 934
f 895 934 933
f 896 897 935
f 896 935 934
f 897 898 936
f 897 936 935
f 898 899 937
f 898 937 936
f 899 900 938
f 899 938 937
f 900 901 939
f 900 939 938
f 901 902 940
f 901 940 939
f 902 903 941
f 902 941 940
f 903 904 942
f 903 942 941
f 904 905 943
f 904 943 942
f 905 906 944
f 905 944 943
f 906 907 945
f 906 945 944
f 907 908 946
f 907 946 945
f 908 909 947
f 908 947 946
f 909 910 948
f 909 948 947
f 910 911 949
f 910 949 948
f 911 912 950
f 911 950 949
f 912 913 951
f 912 951 950
f 913 914 952
f 913 952 951
f 914 915 953
f 914 953 952
f 915 916 954
f 915 954 953
f 916 917 955
f 916 955 954
f 917 918 956
f 917 956 955
f 918 919 957
f 918 957 956
f 919 920 958
f 919 958 957
f 920 921 959
f 920 959 958
f 921 922 960
f 921 960 959
f 922 923 961
f 922 961 960
f 923 924 962
f 923 962 961
f 924 925 963
f 924 963 962
f 925 926 964
f 925 964 963
f 926 927 965
f 926 965 964
f 927 928 966
f 927 966 965
f 929 930 968
f 929 968 967
f 930 931 969
f 930 969 968
f 931 932 970
f 931 970 969
f 932 933 971
f 932 971 970
f 933 934 972
f 933 972 971
f 934 935 973
f 934 973 972
f 935 936 974
f 935 974 973
f 936 937 975
f 936 975 974
f 937 938 976
f 937 976 975
f 938 939 977
f 938 977 976
f 939 940 978
f 939 978 977
f 940 941 979
f 940 979 978
f 941 942 980
f 941 980 979
f 942 943 981
f 942 981 980
f 943 944 982
f 943 982 981
f 944 945 983
f 944 983 982
f 945 946 984
f 945 984 983
f 946 947 985
f 946 985 984
f 947 948 986
f 947 986 985
f 948 949 987
f 948 987 986
f 949 950 988
f 949 988 987
f 950 951 989
f 950 989 988
f 951 952 990
f 951 990 989
f 952 953 991
f 952 991 990
f 953 954 992
f 953 992 991
f 954 955 993
f 954 993 992
f 955 956 994
f 955 994 993
f 956 957 995
f 956 995 994
f 957 958 996
f 957 996 995
f 958 959 997
f 958 997 996
f 959 960 998
f 959 998 997
f 960 961 999
f 960 999 998
f 961 962 1000
f 961 1000 999
f 962 963 1001
f 962 1001 1000
f 963 964 1002
f 963 1002 1001
f 964 965 1003
f 964 1003 1002
f 965 966 1004
f 965 1004 1003
f 967 968 1006
f 967 1006 1005
f 968 969 1007
f 968 1007 1006
f 969 970 1008
f 969 1008 1007
f 970 971 1009
f 970 1009 1008
f 971 972 1010
f 971 1010 1009
f 972 973 1011
f 972 1011 1010
f 973 974 1012
f 973 1012 1011
f 974 975 1013
f 974 1013 1012
f 975 976 1014
f 975 1014 1013
f 976 977 1015
f 976 1015 1014
f 977 978 1016
f 977 1016 1015
f 978 979 1017
f 978 1017 1016
f 979 980 1018
f 979 1018 1017
f 980 981 1019
f 980 1019 1018
f 981 982 1020
f 981 1020 1019
f 982 983 1021
f 982 1021 1020
f 983 984 1022
f 983 1022 1021
f 984 985 1023
f 984 1023 1022
f 985 986 1024
f 985 1024 1023
f 986 987 1025
f 986 1025 1024
f 987 988 1026
f 987 1026 1025
f 988 989 1027
f 988 1027 1026
f 989 990 1028
f 989 1028 1027
f 990 991 1029
f 990 1029 1028
f 991 992 1030
f 991 1030 1029
f 992 993 1031
f 992 1031 1030
f 993 994 1032
f 993 1032 1031
f 994 995 1033
f 994 1033 1032
f 995 996 1034
f 995 1034 1033
f 996 997 1035
f 996 1035 1034
f 997 998 1036
f 997 1036 1035
f 998 999 1037
f 998 1037 1036
f 999 1000 1038
f 999 1038 1037
f 1000 1001 1039
f 1000 1039 1038
f 1001 1002 1040
f 1001 1040 1039
f 1002 1003 1041
f 1002 1041 1040
f 1003 1004 1042
f 1003 1042 1041
f 1005 1006 1044
f 1005 1044 1043
f 1006 1007 1045
f 1006 1045 1044
f 1007 1008 1046
f 1007 1046 1045
f 1008 1009 1047
f 1008 1047 1046
f 1009 1010 1048
f 1009 1048 1047
f 1010 1011 1049
f 1010 1049 1048
f 1011 1012 1050
f 1011 1050 1049
f 1012 1013 1051
f 1012 1051 1050
f 1013 1014 1052
f 1013 1052 1051
f 1014 1015 1053
f 1014 1053 1052
f 1015 1016 1054
f 1015 1054 1053
f 1016 1017 1055
f 1016 1055 1054
f 1017 1018 1056
f 1017 1056 1055
f 1018 1019 1057
f 1018 1057 1056
f 1019 1020 1058
f 1019 1058 1057
f 1020 1021 1059
f 1020 1059 1058
f 1021 1022 1060
f 1021 1060 1059
f 1022 1023 1061
f 1022 1061 1060
f 1023 1024 1062
f 1023 1062 1061
f 1024 1025 1063
f 1024 1063 1062
f 1025 1026 1064
f 1025 1064 1063
f 1026 1027 1065
f 1026 1065 1064
f 1027 1028 1066
f 1027 1066 1065
f 1028 1029 1067
f 1028 1067 1066
f 1029 1030 1068
f 1029 1068 1067
f 1030 1031 1069
f 1030 1069 1068
f 1031 1032 1070
f 1031 1070 1069
f 1032 1033 1071
f 1032 1071 1070
f 1033 1034 1072
f 1033 1072 1071
f 1034 1035 1073
f 1034 1073 1072
f 1035 1036 1074
f 1035 1074 1073
f 1036 1037 1075
f 1036 1075 1074
f 1037 1038 1076
f 1037 1076 1075
f 1038 1039 1077
f 1038 1077 1076
f 1039 1040 1078
f 1039 1078 1077
f 1040 1041 1079
f 1040 1079 1078
f 1041 1042 1080
f 1041 1080 1079
f 1043 1044 1082
f 1043 1082 1081
f 1044 1045 1083
f 1044 1083 1082
f 1045 1046 1084
f 1045 1084 1083
f 1046 1047 1085
f 1046 1085 1084
f 1047 1048 1086
f 1047 1086 1085
f 1048 1049 1087
f 1048 1087 1086
f 1049 1050 1088
f 1049 1088 1087
f 1050 1051 1089
f 1050 1089 1088
f 1051 1052 1090
f 1051 1090 1089
f 1052 1053 1091
f 1052 1091 1090
f 1053 1054 1092
f 1053 1092 1091
f 1054 1055 1093
f 1054 1093 1092
f 1055 1056 1094
f 1055 1094 1093
f 1056 1057 1095
f 1056 1095 1094
f 1057 1058 1096
f 1057 1096 1095
f 1058 1059 1097
f 1058 1097 1096
f 1059 1060 1098
f 1059 1098 1097
f 1060 1061 1099
f 1060 1099 1098
f 1061 1062 1100
f 1061 1100 1099
f 1062 1063 1101
f 1062 1101 1100
f 1063 1064 1102
f 1063 1102 1101
f 1064 1065 1103
f 1064 1103 1102
f 1065 1066 1104
f 1065 1104 1103
f 1066 1067 1105
f 1066 1105 1104
f 1067 1068 1106
f 1067 1106 1105
f 1068 1069 1107
f 1068 1107 1106
f 1069 1070 1108
f 1069 1108 1107
f 1070 1071 1109
f 1070 1109 1108
f 1071 1072 1110
f 1071 1110 1109
f 1072 1073 1111
f 1072 1111 1110
f 1073 1074 1112
f 1073 1112 1111
f 1074 1075 1113
f 1074 1113 1112
f 1075 1076 1114
f 1075 1114 1113
f 1076 1077 1115
f 1076 1115 1114
f 1077 1078 1116
f 1077 1116 1115
f 1078 1079 1117
f 1078 1117 1116
f 1079 1080 1118
f 1079 1118 1117
f 1081 1082 1120
f 1081 1120 1119
f 1082 1083 1121
f 1082 1121 1120
f 1083 1084 1122
f 1083 1122 1121
f 1084 1085 1123
f 1084 1123 1122
f 1085 1086 1124
f 1085 1124 1123
f 1086 1087 1125
f 1086 1125 1124
f 1087 1088 1126
f 1087 1126 1125
f 1088 1089 1127
f 1088 1127 1126
f 1089 1090 1128
f 1089 1128 1127
f 1090 1091 1129
f 1090 1129 1128
f 1091 1092 1130
f 1091 1130 1129
f 1092 1093 1131
f 1092 1131 1130
f 1093 1094 1132
f 1093 1132 1131
f 1094 1095 1133
f 1094 1133 1132
f 1095 1096 1134
f 1095 1134 1133
f 1096 1097 1135
f 1096 1135 1134
f 1097 1098 1136
f 1097 1136 1135
f 1098 1099 1137
f 1098 1137 1136
f 1099 1100 1138
f 1099 1138 1137
f 1100 1101 1139
f 1100 1139 1138
f 1101 1102 1140
f 1101 1140 1139
f 1102 1103 1141
f 1102 1141 1140
f 1103 1104 1142
f 1103 1142 1141
f 1104 1105 1143
f 1104 1143 1142
f 1105 1106 1144
f 1105 1144 1143
f 1106 1107 1145
f 1106 1145 1144
f 1107 1108 1146
f 1107 1146 1145
f 1108 1109 1147
f 1108 1147 1146
f 1109 1110 1148
f 1109 1148 1147
f 1110 1111 1149
f 1110 1149 1148
f 1111 1112 1150
f 1111 1150 1149
f 1112 1113 1151
f 1112 1151 1150
f 1113 1114 1152
f 1113 1152 1151
f 1114 1115 1153
f 1114 1153 1152
f 1115 1116 1154
f 1115 1154 1153
f 1116 1117 1155
f 1116 1155 1154
f 1117 1118 1156
f 1117 1156 1155
f 1119 1120 1158
f 1119 1158 1157
f 1120 1121 1159
f 1120 1159 1158
f 1121 1122 1160
f 1121 1160 1159
f 1122 1123 1161
f 1122 1161 1160
f 1123 1124 1162
f 1123 1162 1161
f 1124 1125 1163
f 1124 1163 1162
f 1125 1126 1164
f 1125 1164 1163
f 1126 1127 1165
f 1126 1165 1164
f 1127 1128 1166
f 1127 1166 1165
f 1128 1129 1167
f 1128 1167 1166
f 1129 1130 1168
f 1129 1168 1167
f 1130 1131 1169
f 1130 1169 1168
f 1131 1132 1170
f 1131 1170 1169
f 1132 1133 1171
f 1132 1171 1170
f 1133 1134 1172
f 1133 1172 1171
f 1134 1135 1173
f 1134 1173 1172
f 1135 1136 1174
f 1135 1174 1173
f 1136 1137 1175
f 1136 1175 1174
f 1137 1138 1176
f 1137 1176 1175
f 1138 1139 1177
f 1138 1177 1176
f 1139 1140 1178
f 1139 1178 1177
f 1140 1141 1179
f 1140 1179 1178
f 1141 1142 1180
f 1141 1180 1179
f 1142 1143 1181
f 1142 1181 1180
f 1143 1144 1182
f 1143 1182 1181
f 1144 1145 1183
f 1144 1183 1182
f 1145 1146 1184
f 1145 1184 1183
f 1146 1147 1185
f 1146 1185 1184
f 1147 1148 1186
f 1147 1186 1185
f 1148 1149 1187
f 1148 1187 1186
f 1149 1150 1188
f 1149 1188 1187
f 1150 1151 1189
f 1150 1189 1188
f 1151 1152 1190
f 1151 1190 1189
f 1152 1153 1191
f 1152 1191 1190
f 1153 1154 1192
f 1153 1192 1191
f 1154 1155 1193
f 1154 1193 1192
f 1155 1156 1194
f 1155 1194 1193
f 1157 1158 1196
f 1157 1196 1195
f 1158 1159 1197
f 1158 1197 1196
f 1159 1160 1198
f 1159 1198 1197
f 1160 1161 1199
f 1160 1199 1198
f 1161 1162 1200
f 1161 1200 1199
f 1162 1163 1201
f 1162 1201 1200
f 1163 1164 1202
f 1163 1202 1201
f 1164 1165 1203
f 1164 1203 1202
f 1165 1166 1204
f 1165 1204 1203
f 1166 1167 1205
f 1166 1205 1204
f 1167 1168 1206
f 1167 1206 1205
f 1168 1169 1207
f 1168 1207 1206
f 1169 1170 1208
f 1169 1208 1207
f 1170 1171 1209
f 1170 1209 1208
f 1171 1172 1210
f 1171 1210 1209
f 1172 1173 1211
f 1172 1211 1210
f 1173 1174 1212
f 1173 1212 1211
f 1174 1175 1213
f 1174 1213 1212
f 1175 1176 1214
f 1175 1214 1213
f 1176 1177 1215
f 1176 1215 1214
f 1177 1178 1216
f 1177 1216 1215
f 1178 1179 1217
f 1178 1217 1216
f 1179 1180 1218
f 1179 1218 1217
f 1180 1181 1219
f 1180 1219 1218
f 1181 1182 1220
f 1181 1220 1219
f 1182 1183 1221
f 1182 1221 1220
f 1183 1184 1222
f 1183 1222 1221
f 1184 1185 1223
f 1184 1223 1222
f 1185 1186 1224
f 1185 1224 1223
f 1186 1187 1225
f 1186 1225 1224
f 1187 1188 1226
f 1187 1226 1225
f 1188 1189 1227
f 1188 1227 1226
f 1189 1190 1228
f 1189 1228 1227
f 1190 1191 1229
f 1190 1229 1228
f 1191 1192 1230
f 1191 1230 1229
f 1192 1193 1231
f 1192 1231 1230
f 1193 1194 1232
f 1193 1232 1231
f 1195 1196 1234
f 1195 1234 1233
f 1196 1197 1235
f 1196 1235 1234
f 1197 1198 1236
f 1197 1236 1235
f 1198 1199 1237
f 1198 1237 1236
f 1199 1200 1238
f 1199 1238 1237
f 1200 1201 1239
f 1200 1239 1238
f 1201 1202 1240
f 1201 1240 1239
f 1202 1203 1241
f 1202 1241 1240
f 1203 1204 1242
f 1203 1242 1241
f 1204 1205 1243
f 1204 1243 1242
f 1205 1206 1244
f 1205 1244 1243
f 1206 1207 1245
f 1206 1245 1244
f 1207 1208 1246
f 1207 1246 1245
f 1208 1209 1247
f 1208 1247 1246
f 1209 1210 1248
f 1209 1248 1247
f 1210 1211 1249
f 1210 1249 1248
f 1211 1212 1250
f 1211 1250 1249
f 1212 1213 1251
f 1212 1251 1250
f 1213 1214 1252
f 1213 1252 1251
f 1214 1215 1253
f 1214 1253 1252
f 1215 1216 1254
f 1215 1254 1253
f 1216 1217 1255
f 1216 1255 1254
f 1217 1218 1256
f 1217 1256 1255
f 1218 1219 1257
f 1218 1257 1256
f 1219 1220 1258
f 1219 1258 1257
f 1220 1221 1259
f 1220 1259 1258
f 1221 1222 1260
f 1221 1260 1259
f 1222 1223 1261
f 1222 1261 1260
f 1223 1224 1262
f 1223 1262 1261
f 1224 1225 1263
f 1224 1263 1262
f 1225 1226 1264
f 1225 1264 1263
f 1226 1227 1265
f 1226 1265 1264
f 1227 1228 1266
f 1227 1266 1265
f 1228 1229 1267
f 1228 1267 1266
f 1229 1230 1268
f 1229 1268 1267
f 1230 1231 1269
f 1230 1269 1268
f 1231 1232 1270
f 1231 1270 1269
f 1233 1234 1272
f 1233 1272 1271
f 1234 1235 1273
f 1234 1273 1272
f 1235 1236 1274
f 1235 1274 1273
f 1236 1237 1275
f 1236 1275 1274
f 1237 1238 1276
f 1237 1276 1275
f 1238 1239 1277
f 1238 1277 1276
f 1239 1240 1278
f 1239 1278 1277
f 1240 1241 1279
f 1240 1279 1278
f 1241 1242 1280
f 1241 1280 1279
f 1242 1243 1281
f 1242 1281 1280
f 1243 1244 1282
f 1243 1282 1281
f 1244 1245 1283
f 1244 1283 1282
f 1245 1246 1284
f 1245 1284 1283
f 1246 1247 1285
f 1246 1285 1284
f 1247 1248 1286
f 1247 1286 1285
f 1248 1249 1287
f 1248 1287 1286
f 1249 1250 1288
f 1249 1288 1287
f 1250 1251 1289
f 1250 1289 1288
f 1251 1252 1290
f 1251 1290 1289
f 1252 1253 1291
f 1252 1291 1290
f 1253 1254 1292
f 1253 1292 1291
f 1254 1255 1293
f 1254 1293 1292
f 1255 1256 1294
f 1255 1294 1293
f 1256 1257 1295
f 1256 1295 1294
f 1257 1258 1296
f 1257 1296 1295
f 1258 1259 1297
f 1258 1297 1296
f 1259 1260 1298
f 1259 1298 1297
f 1260 1261 1299
f 1260 1299 1298
f 1261 1262 1300
f 1261 1300 1299
f 1262 1263 1301
f 1262 1301 1300
f 1263 1264 1302
f 1263 1302 1301
f 1264 1265 1303
f 1264 1303 1302
f 1265 1266 1304
f 1265 1304 1303
f 1266 1267 1305
f 1266 1305 1304
f 1267 1268 1306
f 1267 1306 1305
f 1268 1269 1307
f 1268 1307 1306
f 1269 1270 1308
f 1269 1308 1307
f 1271 1272 1310
f 1271 1310 1309
f 1272 1273 1311
f 1272 1311 1310
f 1273 1274 1312
f 1273 1312 1311
f 1274 1275 1313
f 1274 1313 1312
f 1275 1276 1314
f 1275 1314 1313
f 1276 1277 1315
f 1276 1315 1314
f 1277 1278 1316
f 1277 1316 1315
f 1278 1279 1317
f 1278 1317 1316
f 1279 1280 1318
f 1279 1318 1317
f 1280 1281 1319
f 1280 1319 1318
f 1281 1282 1320
f 1281 1320 1319
f 1282 1283 1321
f 1282 1321 1320
f 1283 1284 1322
f 1283 1322 1321
f 1284 1285 1323
f 1284 1323 1322
f 1285 1286 1324
f 1285 1324 1323
f 1286 1287 1325
f 1286 1325 1324
f 1287 1288 1326
f 1287 1326 1325
f 1288 1289 1327
f 1288 1327 1326
f 1289 1290 1328
f 1289 1328 1327
f 1290 1291 1329
f 1290 1329 1328
f 1291 1292 1330
f 1291 1330 1329
f 1292 1293 1331
f 1292 1331 1330
f 1293 1294 1332
f 1293 1332 1331
f 1294 1295 1333
f 1294 1333 1332
f 1295 1296 1334
f 1295 1334 1333
f 1296 1297 1335
f 1296 1335 1334
f 1297 1298 1336
f 1297 1336 1335
f 1298 1299 1337
f 1298 1337 1336
f 1299 1300 1338
f 1299 1338 1337
f 1300 1301 1339
f 1300 1339 1338
f 1301 1302 1340
f 1301 1340 1339
f 1302 1303 1341
f 1302 1341 1340
f 1303 1304 1342
f 1303 1342 1341
f 1304 1305 1343
f 1304 1343 1342
f 1305 1306 1344
f 1305 1344 1343
f 1306 1307 1345
f 1306 1345 1344
f 1307 1308 1346
f 1307 1346 1345
f 1309 1310 1348
f 1309 1348 1347
f 1310 1311 1349
f 1310 1349 1348
f 1311 1312 1350
f 1311 1350 1349
f 1312 1313 1351
f 1312 1351 1350
f 1313 1314 1352
f 1313 1352 1351
f 1314 1315 1353
f 1314 1353 1352
f 1315 1316 1354
f 1315 1354 1353
f 1316 1317 1355
f 1316 1355 1354
f 1317 1318 1356
f 1317 1356 1355
f 1318 1319 1357
f 1318 1357 1356
f 1319 1320 1358
f 1319 1358 1357
f 1320 1321 1359
f 1320 1359 1358
f 1321 1322 1360
f 1321 1360 1359
f 1322 1323 1361
f 1322 1361 1360
f 1323 1324 1362
f 1323 1362 1361
f 1324 1325 1363
f 1324 1363 1362
f 1325 1326 1364
f 1325 1364 1363
f 1326 1327 1365
f 1326 1365 1364
f 1327 1328 1366
f 1327 1366 1365
f 1328 1329 1367
f 1328 1367 1366
f 1329 1330 1368
f 1329 1368 1367
f 1330 1331 1369
f 1330 1369 1368
f 1331 1332 1370
f 1331 1370 1369
f 1332 1333 1371
f 1332 1371 1370
f 1333 1334 1372
f 1333 1372 1371
f 1334 1335 1373
f 1334 1373 1372
f 1335 1336 1374
f 1335 1374 1373
f 1336 1337 1375
f 1336 1375 1374
f 1337 1338 1376
f 1337 1376 1375
f 1338 1339 1377
f 1338 1377 1376
f 1339 1340 1378
f 1339 1378 1377
f 1340 1341 1379
f 1340 1379 1378
f 1341 1342 1380
f 1341 1380 1379
f 1342 1343 1381
f 1342 1381 1380
f 1343 1344 1382
f 1343 1382 1381
f 1344 1345 1383
f 1344 1383 1382
f 1345 1346 1384
f 1345 1384 1383
f 1347 1348 1386
f 1347 1386 1385
f 1348 1349 1387
f 1348 1387 1386
f 1349 1350 1388
f 1349 1388 1387
f 1350 1351 1389
f 1350 1389 1388
f 1351 1352 1390
f 1351 1390 1389
f 1352 1353 1391
f 1352 1391 1390
f 1353 1354 1392
f 1353 1392 1391
f 1354 1355 1393
f 1354 1393 1392
f 1355 1356 1394
f 1355 1394 1393
f 1356 1357 1395
f 1356 1395 1394
f 1357 1358 1396
f 1357 1396 1395
f 1358 1359 1397
f 1358 1397 1396
f 1359 1360 1398
f 1359 1398 1397
f 1360 1361 1399
f 1360 1399 1398
f 1361 1362 1400
f 1361 1400 1399
f 1362 1363 1401
f 1362 1401 1400
f 1363 1364 1402
f 1363 1402 1401
f 1364 1365 1403
f 1364 1403 1402
f 1365 1366 1404
f 1365 1404 1403
f 1366 1367 1405
f 1366 1405 1404
f 1367 1368 1406
f 1367 1406 1405
f 1368 1369 1407
f 1368 1407 1406
f 1369 1370 1408
f 1369 1408 1407
f 1370 1371 1409
f 1370 1409 1408
f 1371 1372 1410
f 1371 1410 1409
f 1372 1373 1411
f 1372 1411 1410
f 1373 1374 1412
f 1373 1412 1411
f 1374 1375 1413
f 1374 1413 1412
f 1375 1376 1414
f 1375 1414 1413
f 1376 1377 1415
f 1376 1415 1414
f 1377 1378 1416
f 1377 1416 1415
f 1378 1379 1417
f 1378 1417 1416
f 1379 1380 1418
f 1379 1418 1417
f 1380 1381 1419
f 1380 1419 1418
f 1381 1382 1420
f 1381 1420 1419
f 1382 1383 1421
f 1382 1421 1420
f 1383 1384 1422
f 1383 1422 1421
f 1385 1386 1424
f 1385 1424 1423
f 1386 1387 1425
f 1386 1425 1424
f 1387 1388 1426
f 1387 1426 1425
f 1388 1389 1427
f 1388 1427 1426
f 1389 1390 1428
f 1389 1428 1427
f 1390 1391 1429
f 1390 1429 1428
f 1391 1392 1430
f 1391 1430 1429
f 1392 1393 1431
f 1392 1431 1430
f 1393 1394 1432
f 1393 1432 1431
f 1394 1395 1433
f 1394 1433 1432
f 1395 1396 1434
f 1395 1434 1433
f 1396 1397 1435
f 1396 1435 1434
f 1397 1398 1436
f 1397 1436 1435
f 1398 1399 1437
f 1398 1437 1436
f 1399 1400 1438
f 1399 1438 1437
f 1400 1401 1439
f 1400 1439 1438
f 1401 1402 1440
f 1401 1440 1439
f 1402 1403 1441
f 1402 1441 1440
f 1403 1404 1442
f 1403 1442 1441
f 1404 1405 1443
f 1404 1443 1442
f 1405 1406 1444
f 1405 1444 1443
f 1406 1407 1445
f 1406 1445 1444
f 1407 1408 1446
f 1407 1446 1445
f 1408 1409 1447
f 1408 1447 1446
f 1409 1410 1448
f 1409 1448 1447
f 1410 1411 1449
f 1410 1449 1448
f 1411 1412 1450
f 1411 1450 1449
f 1412 1413 1451
f 1412 1451 1450
f 1413 1414 1452
f 1413 1452 1451
f 1414 1415 1453
f 1414 1453 1452
f 1415 1416 1454
f 1415 1454 1453
f 1416 1417 1455
f 1416 1455 1454
f 1417 1418 1456
f 1417 1456 1455
f 1418 1419 1457
f 1418 1457 1456
f 1419 1420 1458
f 1419 1458 1457
f 1420 1421 1459
f 1420 1459 1458
f 1421 1422 1460
f 1421 1460 1459
f 1423 1424 1462
f 1423 1462 1461
f 1424 1425 1463
f 1424 1463 1462
f 1425 1426 1464
f 1425 1464 1463
f 1426 1427 1465
f 1426 1465 1464
f 1427 1428 1466
f 1427 1466 1465
f 1428 1429 1467
f 1428 1467 1466
f 1429 1430 1468
f 1429 1468 1467
f 1430 1431 1469
f 1430 1469 1468
f 1431 1432 1470
f 1431 1470 1469
f 1432 1433 1471
f 1432 1471 1470
f 1433 1434 1472
f 1433 1472 1471
f 1434 1435 1473
f 1434 1473 1472
f 1435 1436 1474
f 1435 1474 1473
f 1436 1437 1475
f 1436 1475 1474
f 1437 1438 1476
f 1437 1476 1475
f 1438 1439 1477
f 1438 1477 1476
f 1439 1440 1478
f 1439 1478 1477
f 1440 1441 1479
f 1440 1479 1478
f 1441 1442 1480
f 1441 1480 1479
f 1442 1443 1481
f 1442 1481 1480
f 1443 1444 1482
f 1443 1482 1481
f 1444 1445 1483
f 1444 1483 1482
f 1445 1446 1484
f 1445 1484 1483
f 1446 1447 1485
f 1446 1485 1484
f 1447 1448 1486
f 1447 1486 1485
f 1448 1449 1487
f 1448 1487 1486
f 1449 1450 1488
f 1449 1488 1487
f 1450 1451 1489
f 1450 1489 1488
f 1451 1452 1490
f 1451 1490 1489
f 1452 1453 1491
f 1452 1491 1490
f 1453 1454 1492
f 1453 1492 1491
f 1454 1455 1493
f 1454 1493 1492
f 1455 1456 1494
f 1455 1494 1493
f 1456 1457 1495
f 1456 1495 1494
f 1457 1458 1496
f 1457 1496 1495
f 1458 1459 1497
f 1458 1497 1496
f 1459 1460 1498
f 1459 1498 1497
f 1461 1462 1500
f 1461 1500 1499
f 1462 1463 1501
f 1462 1501 1500
f 1463 1464 1502
f 1463 1502 1501
f 1464 1465 1503
f 1464 1503 1502
f 1465 1466 1504
f 1465 1504 1503
f 1466 1467 1505
f 1466 1505 1504
f 1467 1468 1506
f 1467 1506 1505
f 1468 1469 1507
f 1468 1507 1506
f 1469 1470 1508
f 1469 1508 1507
f 1470 1471 1509
f 1470 1509 1508
f 1471 1472 1510
f 1471 1510 1509
f 1472 1473 1511
f 1472 1511 1510
f 1473 1474 1512
f 1473 1512 1511
f 1474 1475 1513
f 1474 1513 1512
f 1475 1476 1514
f 1475 1514 1513
f 1476 1477 1515
f 1476 1515 1514
f 1477 1478 1516
f 1477 1516 1515
f 1478 1479 1517
f 1478 1517 1516
f 1479 1480 1518
f 1479 1518 1517
f 1480 1481 1519
f 1480 1519 1518
f 1481 1482 1520
f 1481 1520 1519
f 1482 1483 1521
f 1482 1521 1520
f 1483 1484 1522
f 1483 1522 1521
f 1484 1485 1523
f 1484 1523 1522
f 1485 1486 1524
f 1485 1524 1523
f 1486 1487 1525
f 1486 1525 1524
f 1487 1488 1526
f 1487 1526 1525
f 1488 1489 1527
f 1488 1527 1526
f 1489 1490 1528
f 1489 1528 1527
f 1490 1491 1529
f 1490 1529 1528
f 1491 1492 1530
f 1491 1530 1529
f 1492 1493 1531
f 1492 1531 1530
f 1493 1494 1532
f 1493 1532 1531
f 1494 1495 1533
f 1494 1533 1532
f 1495 1496 1534
f 1495 1534 1533
f 1496 1497 1535
f 1496 1535 1534
f 1497 1498 1536
f 1497 1536 1535
f 1499 1500 1538
f 1499 1538 1537
f 1500 1501 1539
f 1500 1539 1538
f 1501 1502 1540
f 1501 1540 1539
f 1502 1503 1541
f 1502 1541 1540
f 1503 1504 1542
f 1503 1542 1541
f 1504 1505 1543
f 1504 1543 1542
f 1505 1506 1544
f 1505 1544 1543
f 1506 1507 1545
f 1506 1545 1544
f 1507 1508 1546
f 1507 1546 1545
f 1508 1509 1547
f 1508 1547 1546
f 1509 1510 1548
f 1509 1548 1547
f 1510 1511 1549
f 1510 1549 1548
f 1511 1512 1550
f 1511 1550 1549
f 1512 1513 1551
f 1512 1551 1550
f 1513 1514 1552
f 1513 1552 1551
f 1514 1515 1553
f 1514 1553 1552
f 1515 1516 1554
f 1515 1554 1553
f 1516 1517 1555
f 1516 1555 1554
f 1517 1518 1556
f 1517 1556 1555
f 1518 1519 1557
f 1518 1557 1556
f 1519 1520 1558
f 1519 1558 1557
f 1520 1521 1559
f 1520 1559 1558
f 1521 1522 1560
f 1521 1560 1559
f 1522 1523 1561
f 1522 1561 1560
f 1523 1524 1562
f 1523 1562 1561
f 1524 1525 1563
f 1524 1563 1562
f 1525 1526 1564
f 1525 1564 1563
f 1526 1527 1565
f 1526 1565 1564
f 1527 1528 1566
f 1527 1566 1565
f 1528 1529 1567
f 1528 1567 1566
f 1529 1530 1568
f 1529 1568 1567
f 1530 1531 1569
f 1530 1569 1568
f 1531 1532 1570
f 1531 1570 1569
f 1532 1533 1571
f 1532 1571 1570
f 1533 1534 1572
f 1533 1572 1571
f 1534 1535 1573
f 1534 1573 1572
f 1535 1536 1574
f 1535 1574 1573
f 1537 1538 1576
f 1537 1576 1575
f 1538 1539 1577
f 1538 1577 1576
f 1539 1540 1578
f 1539 1578 1577
f 1540 1541 1579
f 1540 1579 1578
f 1541 1542 1580
f 1541 1580 1579
f 1542 1543 1581
f 1542 1581 1580
f 1543 1544 1582
f 1543 1582 1581
f 1544 1545 1583
f 1544 1583 1582
f 1545 1546 1584
f 1545 1584 1583
f 1546 1547 1585
f 1546 1585 1584
f 1547 1548 1586
f 1547 1586 1585
f 1548 1549 1587
f 1548 1587 1586
f 1549 1550 1588
f 1549 1588 1587
f 1550 1551 1589
f 1550 1589 1588
f 1551 1552 1590
f 1551 1590 1589
f 1552 1553 1591
f 1552 1591 1590
f 1553 1554 1592
f 1553 1592 1591
f 1554 1555 1593
f 1554 1593 1592
f 1555 1556 1594
f 1555 1594 1593
f 1556 1557 1595
f 1556 1595 1594
f 1557 1558 1596
f 1557 1596 1595
f 1558 1559 1597
f 1558 1597 1596
f 1559 1560 1598
f 1559 1598 1597
f 1560 1561 1599
f 1560 1599 1598
f 1561 1562 1600
f 1561 1600 1599
f 1562 1563 1601
f 1562 1601 1600
f 1563 1564 1602
f 1563 1602 1601
f 1564 1565 1603
f 1564 1603 1602
f 1565 1566 1604
f 1565 1604 1603
f 1566 1567 1605
f 1566 1605 1604
f 1567 1568 1606
f 1567 1606 1605
f 1568 1569 1607
f 1568 1607 1606
f 1569 1570 1608
f 1569 1608 1607
f 1570 1571 1609
f 1570 1609 1608
f 1571 1572 1610
f 1571 1610 1609
f 1572 1573 1611
f 1572 1611 1610
f 1573 1574 1612
f 1573 1612 1611
f 1575 1576 1614
f 1575 1614 1613
f 1576 1577 1615
f 1576 1615 1614
f 1577 1578 1616
f 1577 1616 1615
f 1578 1579 1617
f 1578 1617 1616
f 1579 1580 1618
f 1579 1618 1617
f 1580 1581 1619
f 1580 1619 1618
f 1581 1582 1620
f 1581 1620 1619
f 1582 1583 1621
f 1582 1621 1620
f 1583 1584 1622
f 1583 1622 1621
f 1584 1585 1623
f 1584 1623 1622
f 1585 1586 1624
f 1585 1624 1623
f 1586 1587 1625
f 1586 1625 1624
f 1587 1588 1626
f 1587 1626 1625
f 1588 1589 1627
f 1588 1627 1626
f 1589 1590 1628
f 1589 1628 1627
f 1590 1591 1629
f 1590 1629 1628
f 1591 1592 1630
f 1591 1630 1629
f 1592 1593 1631
f 1592 1631 1630
f 1593 1594 1632
f 1593 1632 1631
f 1594 1595 1633
f 1594 1633 1632
f 1595 1596 1634
f 1595 1634 1633
f 1596 1597 1635
f 1596 1635 1634
f 1597 1598 1636
f 1597 1636 1635
f 1598 1599 1637
f 1598 1637 1636
f 1599 1600 1638
f 1599 1638 1637
f 1600 1601 1639
f 1600 1639 1638
f 1601 1602 1640
f 1601 1640 1639
f 1602 1603 1641
f 1602 1641 1640
f 1603 1604 1642
f 1603 1642 1641
f 1604 1605 1643
f 1604 1643 1642
f 1605 1606 1644
f 1605 1644 1643
f 1606 1607 1645
f 1606 1645 1644
f 1607 1608 1646
f 1607 1646 1645
f 1608 1609 1647
f 1608 1647 1646
f 1609 1610 1648
f 1609 1648 1647
f 1610 1611 1649
f 1610 1649 1648
f 1611 1612 1650
f 1611 1650 1649
f 1613 1614 1652
f 1613 1652 1651
f 1614 1615 1653
f 1614 1653 1652
f 1615 1616 1654
f 1615 1654 1653
f 1616 1617 1655
f 1616 1655 1654
f 1617 1618 1656
f 1617 1656 1655
f 1618 1619 1657
f 1618 1657 1656
f 1619 1620 1658
f 1619 1658 1657
f 1620 1621 1659
f 1620 1659 1658
f 1621 1622 1660
f 1621 1660 1659
f 1622 1623 1661
f 1622 1661 1660
f 1623 1624 1662
f 1623 1662 1661
f 1624 1625 1663
f 1624 1663 1662
f 1625 1626 1664
f 1625 1664 1663
f 1626 1627 1665
f 1626 1665 1664
f 1627 1628 1666
f 1627 1666 1665
f 1628 1629 1667
f 1628 1667 1666
f 1629 1630 1668
f 1629 1668 1667
f 1630 1631 1669
f 1630 1669 1668
f 1631 1632 1670
f 1631 1670 1669
f 1632 1633 1671
f 1632 1671 1670
f 1633 1634 1672
f 1633 1672 1671
f 1634 1635 1673
f 1634 1673 1672
f 1635 1636 1674
f 1635 1674 1673
f 1636 1637 1675
f 1636 1675 1674
f 1637 1638 1676
f 1637 1676 1675
f 1638 1639 1677
f 1638 1677 1676
f 1639 1640 1678
f 1639 1678 1677
f 1640 1641 1679
f 1640 1679 1678
f 1641 1642 1680
f 1641 1680 1679
f 1642 1643 1681
f 1642 1681 1680
f 1643 1644 1682
f 1643 1682 1681
f 1644 1645 1683
f 1644 1683 1682
f 1645 1646 1684
f 1645 1684 1683
f 1646 1647 1685
f 1646 1685 1684
f 1647 1648 1686
f 1647 1686 1685
f 1648 1649 1687
f 1648 1687 1686
f 1649 1650 1688
f 1649 1688 1687
f 1651 1652 1690
f 1651 1690 1689
f 1652 1653 1691
f 1652 1691 1690
f 1653 1654 1692
f 1653 1692 1691
f 1654 1655 1693
f 1654 1693 1692
f 1655 1656 1694
f 1655 1694 1693
f 1656 1657 1695
f 1656 1695 1694
f 1657 1658 1696
f 1657 1696 1695
f 1658 1659 1697
f 1658 1697 1696
f 1659 1660 1698
f 1659 1698 1697
f 1660 1661 1699
f 1660 1699 1698
f 1661 1662 1700
f 1661 1700 1699
f 1662 1663 1701
f 1662 1701 1700
f 1663 1664 1702
f 1663 1702 1701
f 1664 1665 1703
f 1664 1703 1702
f 1665 1666 1704
f 1665 1704 1703
f 1666 1667 1705
f 1666 1705 1704
f 1667 1668 1706
f 1667 1706 1705
f 1668 1669 1707
f 1668 1707 1706
f 1669 1670 1708
f 1669 1708 1707
f 1670 1671 1709
f 1670 1709 1708
f 1671 1672 1710
f 1671 1710 1709
f 1672 1673 1711
f 1672 1711 1710
f 1673 1674 1712
f 1673 1712 1711
f 1674 1675 1713
f 1674 1713 1712
f 1675 1676 1714
f 1675 1714 1713
f 1676 1677 1715
f 1676 1715 1714
f 1677 1678 1716
f 1677 1716 1715
f 1678 1679 1717
f 1678 1717 1716
f 1679 1680 1718
f 1679 1718 1717
f 1680 1681 1719
f 1680 1719 1718
f 1681 1682 1720
f 1681 1720 1719
f 1682 1683 1721
f 1682 1721 1720
f 1683 1684 1722
f 1683 1722 1721
f 1684 1685 1723
f 1684 1723 1722
f 1685 1686 1724
f 1685 1724 1723
f 1686 1687 1725
f 1686 1725 1724
f 1687 1688 1726
f 1687 1726 1725
f 1689 1690 1728
f 1689 1728 1727
f 1690 1691 1729
f 1690 1729 1728
f 1691 1692 1730
f 1691 1730 1729
f 1692 1693 1731
f 1692 1731 1730
f 1693 1694 1732
f 1693 1732 1731
f 1694 1695 1733
f 1694 1733 1732
f 1695 1696 1734
f 1695 1734 1733
f 1696 1697 1735
f 1696 1735 1734
f 1697 1698 1736
f 1697 1736 1735
f 1698 1699 1737
f 1698 1737 1736
f 1699 1700 1738
f 1699 1738 1737
f 1700 1701 1739
f 1700 1739 1738
f 1701 1702 1740
f 1701 1740 1739
f 1702 1703 1741
f 1702 1741 1740
f 1703 1704 1742
f 1703 1742 1741
f 1704 1705 1743
f 1704 1743 1742
f 1705 1706 1744
f 1705 1744 1743
f 1706 1707 1745
f 1706 1745 1744
f 1707 1708 1746
f 1707 1746 1745
f 1708 1709 1747
f 1708 1747 1746
f 1709 1710 1748
f 1709 1748 1747
f 1710 1711 1749
f 1710 1749 1748
f 1711 1712 1750
f 1711 1750 1749
f 1712 1713 1751
f 1712 1751 1750
f 1713 1714 1752
f 1713 1752 1751
f 1714 1715 1753
f 1714 1753 1752
f 1715 1716 1754
f 1715 1754 1753
f 1716 1717 1755
f 1716 1755 1754
f 1717 1718 1756
f 1717 1756 1755
f 1718 1719 1757
f 1718 1757 1756
f 1719 1720 1758
f 1719 1758 1757
f 1720 1721 1759
f 1720 1759 1758
f 1721 1722 1760
f 1721 1760 1759
f 1722 1723 1761
f 1722 1761 1760
f 1723 1724 1762
f 1723 1762 1761
f 1724 1725 1763
f 1724 1763 1762
f 1725 1726 1764
f 1725 1764 1763
f 1727 1728 1766
f 1727 1766 1765
f 1728 1729 1767
f 1728 1767 1766
f 1729 1730 1768
f 1729 1768 1767
f 1730 1731 1769
f 1730 1769 1768
f 1731 1732 1770
f 1731 1770 1769
f 1732 1733 1771
f 1732 1771 1770
f 1733 1734 1772
f 1733 1772 1771
f 1734 1735 1773
f 1734 1773 1772
f 1735 1736 1774
f 1735 1774 1773
f 1736 1737 1775
f 1736 1775 1774
f 1737 1738 1776
f 1737 1776 1775
f 1738 1739 1777
f 1738 1777 1776
f 1739 1740 1778
f 1739 1778 1777
f 1740 1741 1779
f 1740 1779 1778
f 1741 1742 1780
f 1741 1780 1779
f 1742 1743 1781
f 1742 1781 1780
f 1743 1744 1782
f 1743 1782 1781
f 1744 1745 1783
f 1744 1783 1782
f 1745 1746 1784
f 1745 1784 1783
f 1746 1747 1785
f 1746 1785 1784
f 1747 1748 1786
f 1747 1786 1785
f 1748 1749 1787
f 1748 1787 1786
f 1749 1750 1788
f 1749 1788 1787
f 1750 1751 1789
f 1750 1789 1788
f 1751 1752 1790
f 1751 1790 1789
f 1752 1753 1791
f 1752 1791 1790
f 1753 1754 1792
f 1753 1792 1791
f 1754 1755 1793
f 1754 1793 1792
f 1755 1756 1794
f 1755 1794 1793
f 1756 1757 1795
f 1756 1795 1794
f 1757 1758 1796
f 1757 1796 1795
f 1758 1759 1797
f 1758 1797 1796
f 1759 1760 1798
f 1759 1798 1797
f 1760 1761 1799
f 1760 1799 1798
f 1761 1762 1800
f 1761 1800 1799
f 1762 1763 1801
f 1762 1801 1800
f 1763 1764 1802
f 1763 1802 1801
f 1765 1766 284
f 1765 284 283
f 1766 1767 285
f 1766 285 284
f 1767 1768 286
f 1767 286 285
f 1768 1769 287
f 1768 287 286
f 1769 1770 288
f 1769 288 287
f 1770 1771 289
f 1770 289 288
f 1771 1772 290
f 1771 290 289
f 1772 1773 291
f 1772 291 290
f 1773 1774 292
f 1773 292 291
f 1774 1775 293
f 1774 293 292
f 1775 1776 294
f 1775 294 293
f 1776 1777 295
f 1776 295 294
f 1777 1778 296
f 1777 296 295
f 1778 1779 297
f 1778 297 296
f 1779 1780 298
f 1779 298 297
f 1780 1781 299
f 1780 299 298
f 1781 1782 300
f 1781 300 299
f 1782 1783 301
f 1782 301 300
f 1783 1784 302
f 1783 302 301
f 1784 1785 303
f 1784 303 302
f 1785 1786 304
f 1785 304 303
f 1786 1787 305
f 1786 305 304
f 1787 1788 306
f 1787 306 305
f 1788 1789 307
f 1788 307 306
f 1789 1790 308
f 1789 308 307
f 1790 1791 309
f 1790 309 308
f 1791 1792 310
f 1791 310 309
f 1792 1793 311
f 1792 311 310
f 1793 1794 312
f 1793 312 311
f 1794 1795 313
f 1794 313 312
f 1795 1796 314
f 1795 314 313
f 1796 1797 315
f 1796 315 314
f 1797 1798 316
f 1797 316 315
f 1798 1799 317
f 1798 317 316
f 1799 1800 318
f 1799 318 317
f 1800 1801 319
f 1800 319 318
f 1801 1802 320
f 1801 320 319
