# Generated by Visualization Toolkit
v 19.0455 19.7809 20.6982
v 19.8882 19.9987 20.2058
v 19.5361 20.6291 20.8977
v 19.9247 19.75 21.1737
v 20.3749 21.1203 20.2256
v 20.2455 20.155 19.9988
v 20.8236 20.4137 20.7728
v 19.8323 20.5338 20.8269
v 19.8138 18.9963 20.636
v 19.0756 19.2471 20.0097
v 19.8635 19.8526 20.1219
v 19.2003 19.7525 20.8635
v 18.9251 20.2909 19.5468
v 19.3404 20.9988 20.1181
v 19.8081 20.1249 19.9858
v 18.9754 20.1678 20.5379
v 20.1512 20.8912 20.0626
v 20.9035 20.5948 19.4743
v 20.9785 20.5014 20.4671
v 20.3485 19.9167 19.956
v 19.9559 19.8924 19.7919
v 19.847 20.0339 18.8079
v 19.2938 19.3464 19.2784
v 20.2738 19.1961 19.1483
v 20.1515 19.7721 21.1709
v 19.1999 19.7557 20.8641
v 19.8115 18.9977 20.6374
v 19.9367 19.8887 20.2012
v 19.9568 20.4955 20.4795
v 20.3581 19.5955 20.3091
v 19.4875 19.8433 19.8841
v 20.3345 20.2787 19.5793
v 20.7935 20.4835 19.5359
v 20.095 19.8351 19.8388
v 20.9193 19.9745 20.3874
v 20.9778 19.501 19.5086
v 19.1272 20.3614 19.2555
v 19.9255 20.1101 19.803
v 19.9828 20.1073 18.8046
v 19.9165 20.9739 19.2992
v 18.9441 19.8196 20.0469
v 19.2961 19.4821 19.1738
v 19.4249 18.9437 20.0066
v 19.9299 19.7975 19.8801
v 19.9703 19.7696 20.0484
v 20.3115 18.8465 19.871
v 19.9756 19.0891 20.7811
v 19.3343 18.9985 20.0192
v 19.9159 20.9737 19.299
v 19.1269 20.3607 19.2558
v 19.8722 20.1721 19.8953
v 19.2611 20.9474 20.0544
v 19.0942 20.3704 19.3077
v 19.9239 20.125 18.8063
v 19.8794 19.9898 19.7961
v 19.3396 19.4084 19.1873
v 20.4126 18.8813 19.859
v 19.9722 19.7769 19.9226
v 19.8197 19.2006 19.1197
v 19.4248 18.9437 20.0018
v 19.9243 20.8697 19.1726
v 20.2651 19.9429 19.0142
v 20.8196 20.5988 19.5263
v 19.9869 20.2231 19.9329
v 19.9165 19.1696 20.866
v 19.9569 19.9366 20.2257
v 20.8019 19.5204 20.5613
v 20.2337 20.0652 21.178
v 20.0716 18.9837 19.3627
v 20.9311 19.4898 19.4349
v 20.1204 19.8083 19.9263
v 20.5872 18.9739 20.2195
v 19.9823 20.2354 19.9623
v 19.3948 21.0365 20.0768
v 20.383 21.1185 20.2065
v 19.8308 20.6183 20.8736
v 19.9232 20.8858 19.1901
v 20.8174 20.5951 19.5304
v 19.9828 20.2213 19.9349
v 20.232 21.1762 20.0958
v 19.828 19.9229 20.1328
v 19.0346 19.3234 20.2382
v 18.917 20.2504 19.8822
v 19.1507 20.1103 20.8443
v 19.9195 19.241 20.8064
v 20.0334 19.7995 19.9847
v 20.8362 19.4916 20.4953
v 20.2933 18.8339 19.973
v 20.1247 19.8112 19.9333
v 20.931 19.4818 19.4421
v 21.0266 19.8615 20.3622
v 20.5843 18.9744 20.2309
v 19.5359 20.6281 20.9121
v 19.932 19.7481 21.1741
v 19.8838 20.0074 20.2095
v 20.5202 20.4762 20.8221
v 19.7944 20.123 19.9997
v 19.8316 20.6162 20.8689
v 19.3944 21.0365 20.0738
v 18.9593 20.2615 20.5321
v 20.8135 20.5919 19.5227
v 20.1284 19.9275 19.8215
v 20.3557 20.0093 18.8511
v 21.0173 19.6135 19.488
v 20.2512 21.1583 20.2007
v 19.2886 20.9657 20.0105
v 19.9574 20.9528 19.2672
v 19.9651 20.231 19.9593
v 19.1071 20.482 19.3542
v 19.3993 19.5291 19.2736
v 19.7753 20.1078 19.9973
v 18.821 19.8117 20.0389
v 20.1433 20.045 20.9373
v 20.9533 20.4853 20.5498
v 20.9046 19.488 20.6051
v 20.3257 19.9817 19.9561
v 20.117 19.8891 19.8247
v 20.2249 19.0222 19.3381
v 20.3043 19.887 18.8424
v 21.0173 19.6134 19.4879
v 19.968259811401367 19.994300842285156 21.194658279418945
v 19.968259811401367 19.994300842285156 18.78919792175293
v 20.065038681030273 19.994300842285156 21.190757751464844
v 20.161191940307617 19.994300842285156 21.1790828704834
v 20.256092071533203 19.994300842285156 21.159709930419922
v 20.3491268157959 19.994300842285156 21.132761001586914
v 20.43968963623047 19.994300842285156 21.09841537475586
v 20.527196884155273 19.994300842285156 21.05689239501953
v 20.6110782623291 19.994300842285156 21.00846290588379
v 20.6907901763916 19.994300842285156 20.953441619873047
v 20.765817642211914 19.994300842285156 20.89218521118164
v 20.83567237854004 19.994300842285156 20.825088500976562
v 20.899900436401367 19.994300842285156 20.752588272094727
v 20.958087921142578 19.994300842285156 20.675155639648438
v 21.009855270385742 19.994300842285156 20.593292236328125
v 21.054866790771484 19.994300842285156 20.507530212402344
v 21.092832565307617 19.994300842285156 20.41842269897461
v 21.123504638671875 19.994300842285156 20.326549530029297
v 21.146682739257812 19.994300842285156 20.232505798339844
v 21.162220001220703 19.994300842285156 20.13690185546875
v 21.170013427734375 19.994300842285156 20.04035758972168
v 21.170013427734375 19.994300842285156 19.943498611450195
v 21.162220001220703 19.994300842285156 19.846954345703125
v 21.146682739257812 19.994300842285156 19.75135040283203
v 21.123504638671875 19.994300842285156 19.657306671142578
v 21.092832565307617 19.994300842285156 19.565433502197266
v 21.054866790771484 19.994300842285156 19.47632598876953
v 21.009855270385742 19.994300842285156 19.39056396484375
v 20.958087921142578 19.994300842285156 19.308700561523438
v 20.899900436401367 19.994300842285156 19.23126792907715
v 20.83567237854004 19.994300842285156 19.158767700195312
v 20.765817642211914 19.994300842285156 19.091670989990234
v 20.6907901763916 19.994300842285156 19.030414581298828
v 20.6110782623291 19.994300842285156 18.975393295288086
v 20.527196884155273 19.994300842285156 18.926963806152344
v 20.43968963623047 19.994300842285156 18.885440826416016
v 20.3491268157959 19.994300842285156 18.85109519958496
v 20.256092071533203 19.994300842285156 18.824146270751953
v 20.161191940307617 19.994300842285156 18.804773330688477
v 20.065038681030273 19.994300842285156 18.79309844970703
v 20.0638484954834 20.009441375732422 21.190757751464844
v 20.158815383911133 20.02448272705078 21.1790828704834
v 20.252548217773438 20.03932762145996 21.159709930419922
v 20.344436645507812 20.05388069152832 21.132761001586914
v 20.43388557434082 20.06804847717285 21.09841537475586
v 20.520315170288086 20.081737518310547 21.05689239501953
v 20.603164672851562 20.094860076904297 21.00846290588379
v 20.681894302368164 20.107330322265625 20.953441619873047
v 20.755998611450195 20.11906623840332 20.89218521118164
v 20.824993133544922 20.129993438720703 20.825088500976562
v 20.888429641723633 20.14004135131836 20.752588272094727
v 20.945899963378906 20.14914321899414 20.675155639648438
v 20.99703025817871 20.157241821289062 20.593292236328125
v 21.041488647460938 20.164283752441406 20.507530212402344
v 21.07898712158203 20.170223236083984 20.41842269897461
v 21.109281539916992 20.175020217895508 20.326549530029297
v 21.13217544555664 20.178646087646484 20.232505798339844
v 21.147520065307617 20.18107795715332 20.13690185546875
v 21.15521812438965 20.182296752929688 20.04035758972168
v 21.15521812438965 20.182296752929688 19.943498611450195
v 21.147520065307617 20.18107795715332 19.846954345703125
v 21.13217544555664 20.178646087646484 19.75135040283203
v 21.109281539916992 20.175020217895508 19.657306671142578
v 21.07898712158203 20.170223236083984 19.565433502197266
v 21.041488647460938 20.164283752441406 19.47632598876953
v 20.99703025817871 20.157241821289062 19.39056396484375
v 20.945899963378906 20.14914321899414 19.308700561523438
v 20.888429641723633 20.14004135131836 19.23126792907715
v 20.824993133544922 20.129993438720703 19.158767700195312
v 20.755998611450195 20.11906623840332 19.091670989990234
v 20.681894302368164 20.107330322265625 19.030414581298828
v 20.603164672851562 20.094860076904297 18.975393295288086
v 20.520315170288086 20.081737518310547 18.926963806152344
v 20.43388557434082 20.06804847717285 18.885440826416016
v 20.344436645507812 20.05388069152832 18.85109519958496
v 20.252548217773438 20.03932762145996 18.824146270751953
v 20.158815383911133 20.02448272705078 18.804773330688477
v 20.0638484954834 20.009441375732422 18.79309844970703
v 20.060302734375 20.024208068847656 21.190757751464844
v 20.151748657226562 20.05392074584961 21.1790828704834
v 20.24200439453125 20.0832462310791 21.159709930419922
v 20.33048439025879 20.111995697021484 21.132761001586914
v 20.416616439819336 20.13998031616211 21.09841537475586
v 20.499839782714844 20.167020797729492 21.05689239501953
v 20.57961654663086 20.192941665649414 21.00846290588379
v 20.655427932739258 20.217575073242188 20.953441619873047
v 20.726781845092773 20.240758895874023 20.89218521118164
v 20.793216705322266 20.262346267700195 20.825088500976562
v 20.85430335998535 20.282194137573242 20.752588272094727
v 20.90964126586914 20.300174713134766 20.675155639648438
v 20.95887565612793 20.316171646118164 20.593292236328125
v 21.001684188842773 20.330080032348633 20.507530212402344
v 21.037792205810547 20.341812133789062 20.41842269897461
v 21.06696128845215 20.35129165649414 20.326549530029297
v 21.089006423950195 20.35845375061035 20.232505798339844
v 21.103784561157227 20.36325454711914 20.13690185546875
v 21.111196517944336 20.365663528442383 20.04035758972168
v 21.111196517944336 20.365663528442383 19.943498611450195
v 21.103784561157227 20.36325454711914 19.846954345703125
v 21.089006423950195 20.35845375061035 19.75135040283203
v 21.06696128845215 20.35129165649414 19.657306671142578
v 21.037792205810547 20.341812133789062 19.565433502197266
v 21.001684188842773 20.330080032348633 19.47632598876953
v 20.95887565612793 20.316171646118164 19.39056396484375
v 20.90964126586914 20.300174713134766 19.308700561523438
v 20.85430335998535 20.282194137573242 19.23126792907715
v 20.793216705322266 20.262346267700195 19.158767700195312
v 20.726781845092773 20.240758895874023 19.091670989990234
v 20.655427932739258 20.217575073242188 19.030414581298828
v 20.57961654663086 20.192941665649414 18.975393295288086
v 20.499839782714844 20.167020797729492 18.926963806152344
v 20.416616439819336 20.13998031616211 18.885440826416016
v 20.33048439025879 20.111995697021484 18.85109519958496
v 20.24200439453125 20.0832462310791 18.824146270751953
v 20.151748657226562 20.05392074584961 18.804773330688477
v 20.060302734375 20.024208068847656 18.79309844970703
v 20.05449104309082 20.038238525390625 21.190757751464844
v 20.14016342163086 20.081890106201172 21.1790828704834
v 20.224720001220703 20.12497329711914 21.159709930419922
v 20.307613372802734 20.16720962524414 21.132761001586914
v 20.388307571411133 20.20832633972168 21.09841537475586
v 20.466276168823242 20.2480525970459 21.05689239501953
v 20.541015625 20.286134719848633 21.00846290588379
v 20.61203956604004 20.322322845458984 20.953441619873047
v 20.67888832092285 20.35638427734375 20.89218521118164
v 20.74112892150879 20.388097763061523 20.825088500976562
v 20.798357009887695 20.41725730895996 20.752588272094727
v 20.850202560424805 20.44367218017578 20.675155639648438
v 20.89632797241211 20.467174530029297 20.593292236328125
v 20.936433792114258 20.48760986328125 20.507530212402344
v 20.970260620117188 20.504846572875977 20.41842269897461
v 20.997589111328125 20.518770217895508 20.326549530029297
v 21.01824378967285 20.529293060302734 20.232505798339844
v 21.032087326049805 20.536348342895508 20.13690185546875
v 21.039031982421875 20.539886474609375 20.04035758972168
v 21.039031982421875 20.539886474609375 19.943498611450195
v 21.032087326049805 20.536348342895508 19.846954345703125
v 21.01824378967285 20.529293060302734 19.75135040283203
v 20.997589111328125 20.518770217895508 19.657306671142578
v 20.970260620117188 20.504846572875977 19.565433502197266
v 20.936433792114258 20.48760986328125 19.47632598876953
v 20.89632797241211 20.467174530029297 19.39056396484375
v 20.850202560424805 20.44367218017578 19.308700561523438
v 20.798357009887695 20.41725730895996 19.23126792907715
v 20.74112892150879 20.388097763061523 19.158767700195312
v 20.67888832092285 20.35638427734375 19.091670989990234
v 20.61203956604004 20.322322845458984 19.030414581298828
v 20.541015625 20.286134719848633 18.975393295288086
v 20.466276168823242 20.2480525970459 18.926963806152344
v 20.388307571411133 20.20832633972168 18.885440826416016
v 20.307613372802734 20.16720962524414 18.85109519958496
v 20.224720001220703 20.12497329711914 18.824146270751953
v 20.14016342163086 20.081890106201172 18.804773330688477
v 20.05449104309082 20.038238525390625 18.79309844970703
v 20.04655647277832 20.051185607910156 21.190757751464844
v 20.124343872070312 20.107702255249023 21.1790828704834
v 20.201120376586914 20.163484573364258 21.159709930419922
v 20.276386260986328 20.218168258666992 21.132761001586914
v 20.349655151367188 20.271400451660156 21.09841537475586
v 20.420448303222656 20.32283592224121 21.05689239501953
v 20.488309860229492 20.37213897705078 21.00846290588379
v 20.552799224853516 20.41899299621582 20.953441619873047
v 20.613496780395508 20.463092803955078 20.89218521118164
v 20.670011520385742 20.504152297973633 20.825088500976562
v 20.721973419189453 20.541906356811523 20.752588272094727
v 20.769046783447266 20.576107025146484 20.675155639648438
v 20.810928344726562 20.606534957885742 20.593292236328125
v 20.84734344482422 20.632991790771484 20.507530212402344
v 20.8780574798584 20.65530776977539 20.41842269897461
v 20.90287208557129 20.673336029052734 20.326549530029297
v 20.9216251373291 20.686960220336914 20.232505798339844
v 20.934194564819336 20.69609260559082 20.13690185546875
v 20.940500259399414 20.700674057006836 20.04035758972168
v 20.940500259399414 20.700674057006836 19.943498611450195
v 20.934194564819336 20.69609260559082 19.846954345703125
v 20.9216251373291 20.686960220336914 19.75135040283203
v 20.90287208557129 20.673336029052734 19.657306671142578
v 20.8780574798584 20.65530776977539 19.565433502197266
v 20.84734344482422 20.632991790771484 19.47632598876953
v 20.810928344726562 20.606534957885742 19.39056396484375
v 20.769046783447266 20.576107025146484 19.308700561523438
v 20.721973419189453 20.541906356811523 19.23126792907715
v 20.670011520385742 20.504152297973633 19.158767700195312
v 20.613496780395508 20.463092803955078 19.091670989990234
v 20.552799224853516 20.41899299621582 19.030414581298828
v 20.488309860229492 20.37213897705078 18.975393295288086
v 20.420448303222656 20.32283592224121 18.926963806152344
v 20.349655151367188 20.271400451660156 18.885440826416016
v 20.276386260986328 20.218168258666992 18.85109519958496
v 20.201120376586914 20.163484573364258 18.824146270751953
v 20.124343872070312 20.107702255249023 18.804773330688477
v 20.04655647277832 20.051185607910156 18.79309844970703
v 20.036693572998047 20.062734603881836 21.190757751464844
v 20.10468292236328 20.13072395324707 21.1790828704834
v 20.17178726196289 20.19782829284668 21.159709930419922
v 20.237573623657227 20.263614654541016 21.132761001586914
v 20.301610946655273 20.327651977539062 21.09841537475586
v 20.363487243652344 20.389528274536133 21.05689239501953
v 20.422800064086914 20.448841094970703 21.00846290588379
v 20.47916603088379 20.505207061767578 20.953441619873047
v 20.53221893310547 20.558259963989258 20.89218521118164
v 20.58161163330078 20.607654571533203 20.825088500976562
v 20.627029418945312 20.6530704498291 20.752588272094727
v 20.66817283630371 20.6942138671875 20.675155639648438
v 20.70477867126465 20.730819702148438 20.593292236328125
v 20.73660659790039 20.76264762878418 20.507530212402344
v 20.763452529907227 20.789493560791016 20.41842269897461
v 20.785140991210938 20.811182022094727 20.326549530029297
v 20.801530838012695 20.827571868896484 20.232505798339844
v 20.812517166137695 20.838558197021484 20.13690185546875
v 20.818029403686523 20.844070434570312 20.04035758972168
v 20.818029403686523 20.844070434570312 19.943498611450195
v 20.812517166137695 20.838558197021484 19.846954345703125
v 20.801530838012695 20.827571868896484 19.75135040283203
v 20.785140991210938 20.811182022094727 19.657306671142578
v 20.763452529907227 20.789493560791016 19.565433502197266
v 20.73660659790039 20.76264762878418 19.47632598876953
v 20.70477867126465 20.730819702148438 19.39056396484375
v 20.66817283630371 20.6942138671875 19.308700561523438
v 20.627029418945312 20.6530704498291 19.23126792907715
v 20.58161163330078 20.607654571533203 19.158767700195312
v 20.53221893310547 20.558259963989258 19.091670989990234
v 20.47916603088379 20.505207061767578 19.030414581298828
v 20.422800064086914 20.448841094970703 18.975393295288086
v 20.363487243652344 20.389528274536133 18.926963806152344
v 20.301610946655273 20.327651977539062 18.885440826416016
v 20.237573623657227 20.263614654541016 18.85109519958496
v 20.17178726196289 20.19782829284668 18.824146270751953
v 20.10468292236328 20.13072395324707 18.804773330688477
v 20.036693572998047 20.062734603881836 18.79309844970703
v 20.025144577026367 20.07259750366211 21.190757751464844
v 20.081661224365234 20.1503849029541 21.1790828704834
v 20.13744354248047 20.227161407470703 21.159709930419922
v 20.192127227783203 20.302427291870117 21.132761001586914
v 20.245359420776367 20.375696182250977 21.09841537475586
v 20.296794891357422 20.446489334106445 21.05689239501953
v 20.346097946166992 20.51435089111328 21.00846290588379
v 20.39295196533203 20.578840255737305 20.953441619873047
v 20.43705177307129 20.639537811279297 20.89218521118164
v 20.478111267089844 20.69605255126953 20.825088500976562
v 20.515865325927734 20.748014450073242 20.752588272094727
v 20.550065994262695 20.795087814331055 20.675155639648438
v 20.580493927001953 20.83696937561035 20.593292236328125
v 20.606950759887695 20.873384475708008 20.507530212402344
v 20.6292667388916 20.904098510742188 20.41842269897461
v 20.647294998168945 20.928913116455078 20.326549530029297
v 20.660919189453125 20.94766616821289 20.232505798339844
v 20.67005157470703 20.960235595703125 20.13690185546875
v 20.674633026123047 20.966541290283203 20.04035758972168
v 20.674633026123047 20.966541290283203 19.943498611450195
v 20.67005157470703 20.960235595703125 19.846954345703125
v 20.660919189453125 20.94766616821289 19.75135040283203
v 20.647294998168945 20.928913116455078 19.657306671142578
v 20.6292667388916 20.904098510742188 19.565433502197266
v 20.606950759887695 20.873384475708008 19.47632598876953
v 20.580493927001953 20.83696937561035 19.39056396484375
v 20.550065994262695 20.795087814331055 19.308700561523438
v 20.515865325927734 20.748014450073242 19.23126792907715
v 20.478111267089844 20.69605255126953 19.158767700195312
v 20.43705177307129 20.639537811279297 19.091670989990234
v 20.39295196533203 20.578840255737305 19.030414581298828
v 20.346097946166992 20.51435089111328 18.975393295288086
v 20.296794891357422 20.446489334106445 18.926963806152344
v 20.245359420776367 20.375696182250977 18.885440826416016
v 20.192127227783203 20.302427291870117 18.85109519958496
v 20.13744354248047 20.227161407470703 18.824146270751953
v 20.081661224365234 20.1503849029541 18.804773330688477
v 20.025144577026367 20.07259750366211 18.79309844970703
v 20.012197494506836 20.08053207397461 21.190757751464844
v 20.055849075317383 20.16620445251465 21.1790828704834
v 20.09893226623535 20.250761032104492 21.159709930419922
v 20.14116859436035 20.333654403686523 21.132761001586914
v 20.18228530883789 20.414348602294922 21.09841537475586
v 20.22201156616211 20.49231719970703 21.05689239501953
v 20.260093688964844 20.56705665588379 21.00846290588379
v 20.296281814575195 20.638080596923828 20.953441619873047
v 20.33034324645996 20.70492935180664 20.89218521118164
v 20.362056732177734 20.767169952392578 20.825088500976562
v 20.391216278076172 20.824398040771484 20.752588272094727
v 20.417631149291992 20.876243591308594 20.675155639648438
v 20.441133499145508 20.9223690032959 20.593292236328125
v 20.46156883239746 20.962474822998047 20.507530212402344
v 20.478805541992188 20.996301651000977 20.41842269897461
v 20.49272918701172 21.023630142211914 20.326549530029297
v 20.503252029418945 21.04428482055664 20.232505798339844
v 20.51030731201172 21.058128356933594 20.13690185546875
v 20.513845443725586 21.06507110595703 20.04035758972168
v 20.513845443725586 21.06507110595703 19.943498611450195
v 20.51030731201172 21.058128356933594 19.846954345703125
v 20.503252029418945 21.04428482055664 19.75135040283203
v 20.49272918701172 21.023630142211914 19.657306671142578
v 20.478805541992188 20.996301651000977 19.565433502197266
v 20.46156883239746 20.962474822998047 19.47632598876953
v 20.441133499145508 20.9223690032959 19.39056396484375
v 20.417631149291992 20.876243591308594 19.308700561523438
v 20.391216278076172 20.824398040771484 19.23126792907715
v 20.362056732177734 20.767169952392578 19.158767700195312
v 20.33034324645996 20.70492935180664 19.091670989990234
v 20.296281814575195 20.638080596923828 19.030414581298828
v 20.260093688964844 20.56705665588379 18.975393295288086
v 20.22201156616211 20.49231719970703 18.926963806152344
v 20.18228530883789 20.414348602294922 18.885440826416016
v 20.14116859436035 20.333654403686523 18.85109519958496
v 20.09893226623535 20.250761032104492 18.824146270751953
v 20.055849075317383 20.16620445251465 18.804773330688477
v 20.012197494506836 20.08053207397461 18.79309844970703
v 19.998167037963867 20.08634376525879 21.190757751464844
v 20.02787971496582 20.17778968811035 21.1790828704834
v 20.057205200195312 20.26804542541504 21.159709930419922
v 20.085954666137695 20.356525421142578 21.132761001586914
v 20.11393928527832 20.442657470703125 21.09841537475586
v 20.140979766845703 20.525880813598633 21.05689239501953
v 20.166900634765625 20.60565757751465 21.00846290588379
v 20.1915340423584 20.681468963623047 20.953441619873047
v 20.214717864990234 20.752822875976562 20.89218521118164
v 20.236305236816406 20.819257736206055 20.825088500976562
v 20.256153106689453 20.88034439086914 20.752588272094727
v 20.274133682250977 20.93568229675293 20.675155639648438
v 20.290130615234375 20.98491668701172 20.593292236328125
v 20.304039001464844 21.027725219726562 20.507530212402344
v 20.315771102905273 21.063833236694336 20.41842269897461
v 20.32525062561035 21.093002319335938 20.326549530029297
v 20.332412719726562 21.115047454833984 20.232505798339844
v 20.33721351623535 21.129825592041016 20.13690185546875
v 20.339622497558594 21.137237548828125 20.04035758972168
v 20.339622497558594 21.137237548828125 19.943498611450195
v 20.33721351623535 21.129825592041016 19.846954345703125
v 20.332412719726562 21.115047454833984 19.75135040283203
v 20.32525062561035 21.093002319335938 19.657306671142578
v 20.315771102905273 21.063833236694336 19.565433502197266
v 20.304039001464844 21.027725219726562 19.47632598876953
v 20.290130615234375 20.98491668701172 19.39056396484375
v 20.274133682250977 20.93568229675293 19.308700561523438
v 20.256153106689453 20.88034439086914 19.23126792907715
v 20.236305236816406 20.819257736206055 19.158767700195312
v 20.214717864990234 20.752822875976562 19.091670989990234
v 20.1915340423584 20.681468963623047 19.030414581298828
v 20.166900634765625 20.60565757751465 18.975393295288086
v 20.140979766845703 20.525880813598633 18.926963806152344
v 20.11393928527832 20.442657470703125 18.885440826416016
v 20.085954666137695 20.356525421142578 18.85109519958496
v 20.057205200195312 20.26804542541504 18.824146270751953
v 20.02787971496582 20.17778968811035 18.804773330688477
v 19.998167037963867 20.08634376525879 18.79309844970703
v 19.983400344848633 20.089889526367188 21.190757751464844
v 19.998441696166992 20.184856414794922 21.1790828704834
v 20.013286590576172 20.278589248657227 21.159709930419922
v 20.02783966064453 20.3704776763916 21.132761001586914
v 20.042007446289062 20.45992660522461 21.09841537475586
v 20.055696487426758 20.546356201171875 21.05689239501953
v 20.068819046020508 20.62920379638672 21.00846290588379
v 20.081289291381836 20.707935333251953 20.953441619873047
v 20.09302520751953 20.782039642333984 20.89218521118164
v 20.103952407836914 20.85103416442871 20.825088500976562
v 20.11400032043457 20.914470672607422 20.752588272094727
v 20.12310218811035 20.971940994262695 20.675155639648438
v 20.131200790405273 21.0230712890625 20.593292236328125
v 20.138242721557617 21.067529678344727 20.507530212402344
v 20.144182205200195 21.10502815246582 20.41842269897461
v 20.14897918701172 21.13532257080078 20.326549530029297
v 20.152605056762695 21.15821647644043 20.232505798339844
v 20.15503692626953 21.173561096191406 20.13690185546875
v 20.1562557220459 21.181259155273438 20.04035758972168
v 20.1562557220459 21.181259155273438 19.943498611450195
v 20.15503692626953 21.173561096191406 19.846954345703125
v 20.152605056762695 21.15821647644043 19.75135040283203
v 20.14897918701172 21.13532257080078 19.657306671142578
v 20.144182205200195 21.10502815246582 19.565433502197266
v 20.138242721557617 21.067529678344727 19.47632598876953
v 20.131200790405273 21.0230712890625 19.39056396484375
v 20.12310218811035 20.971940994262695 19.308700561523438
v 20.11400032043457 20.914470672607422 19.23126792907715
v 20.103952407836914 20.85103416442871 19.158767700195312
v 20.09302520751953 20.782039642333984 19.091670989990234
v 20.081289291381836 20.707935333251953 19.030414581298828
v 20.068819046020508 20.62920379638672 18.975393295288086
v 20.055696487426758 20.546356201171875 18.926963806152344
v 20.042007446289062 20.45992660522461 18.885440826416016
v 20.02783966064453 20.3704776763916 18.85109519958496
v 20.013286590576172 20.278589248657227 18.824146270751953
v 19.998441696166992 20.184856414794922 18.804773330688477
v 19.983400344848633 20.089889526367188 18.79309844970703
v 19.968259811401367 20.091079711914062 21.190757751464844
v 19.968259811401367 20.187232971191406 21.1790828704834
v 19.968259811401367 20.282133102416992 21.159709930419922
v 19.968259811401367 20.375167846679688 21.132761001586914
v 19.968259811401367 20.465730667114258 21.09841537475586
v 19.968259811401367 20.553237915039062 21.05689239501953
v 19.968259811401367 20.63711929321289 21.00846290588379
v 19.968259811401367 20.71683120727539 20.953441619873047
v 19.968259811401367 20.791858673095703 20.89218521118164
v 19.968259811401367 20.861713409423828 20.825088500976562
v 19.968259811401367 20.925941467285156 20.752588272094727
v 19.968259811401367 20.984128952026367 20.675155639648438
v 19.968259811401367 21.03589630126953 20.593292236328125
v 19.968259811401367 21.080907821655273 20.507530212402344
v 19.968259811401367 21.118873596191406 20.41842269897461
v 19.968259811401367 21.149545669555664 20.326549530029297
v 19.968259811401367 21.1727237701416 20.232505798339844
v 19.968259811401367 21.188261032104492 20.13690185546875
v 19.968259811401367 21.196056365966797 20.04035758972168
v 19.968259811401367 21.196056365966797 19.943498611450195
v 19.968259811401367 21.188261032104492 19.846954345703125
v 19.968259811401367 21.1727237701416 19.75135040283203
v 19.968259811401367 21.149545669555664 19.657306671142578
v 19.968259811401367 21.118873596191406 19.565433502197266
v 19.968259811401367 21.080907821655273 19.47632598876953
v 19.968259811401367 21.03589630126953 19.39056396484375
v 19.968259811401367 20.984128952026367 19.308700561523438
v 19.968259811401367 20.925941467285156 19.23126792907715
v 19.968259811401367 20.861713409423828 19.158767700195312
v 19.968259811401367 20.791858673095703 19.091670989990234
v 19.968259811401367 20.71683120727539 19.030414581298828
v 19.968259811401367 20.63711929321289 18.975393295288086
v 19.968259811401367 20.553237915039062 18.926963806152344
v 19.968259811401367 20.465730667114258 18.885440826416016
v 19.968259811401367 20.375167846679688 18.85109519958496
v 19.968259811401367 20.282133102416992 18.824146270751953
v 19.968259811401367 20.187232971191406 18.804773330688477
v 19.968259811401367 20.091079711914062 18.79309844970703
v 19.9531192779541 20.089889526367188 21.190757751464844
v 19.938077926635742 20.184856414794922 21.1790828704834
v 19.923233032226562 20.278589248657227 21.159709930419922
v 19.908679962158203 20.3704776763916 21.132761001586914
v 19.894512176513672 20.45992660522461 21.09841537475586
v 19.880823135375977 20.546356201171875 21.05689239501953
v 19.867700576782227 20.62920379638672 21.00846290588379
v 19.8552303314209 20.707935333251953 20.953441619873047
v 19.843494415283203 20.782039642333984 20.89218521118164
v 19.83256721496582 20.85103416442871 20.825088500976562
v 19.822519302368164 20.914470672607422 20.752588272094727
v 19.813417434692383 20.971940994262695 20.675155639648438
v 19.80531883239746 21.0230712890625 20.593292236328125
v 19.798276901245117 21.067529678344727 20.507530212402344
v 19.79233741760254 21.10502815246582 20.41842269897461
v 19.787540435791016 21.13532257080078 20.326549530029297
v 19.78391456604004 21.15821647644043 20.232505798339844
v 19.781482696533203 21.173561096191406 20.13690185546875
v 19.780263900756836 21.181259155273438 20.04035758972168
v 19.780263900756836 21.181259155273438 19.943498611450195
v 19.781482696533203 21.173561096191406 19.846954345703125
v 19.78391456604004 21.15821647644043 19.75135040283203
v 19.787540435791016 21.13532257080078 19.657306671142578
v 19.79233741760254 21.10502815246582 19.565433502197266
v 19.798276901245117 21.067529678344727 19.47632598876953
v 19.80531883239746 21.0230712890625 19.39056396484375
v 19.813417434692383 20.971940994262695 19.308700561523438
v 19.822519302368164 20.914470672607422 19.23126792907715
v 19.83256721496582 20.85103416442871 19.158767700195312
v 19.843494415283203 20.782039642333984 19.091670989990234
v 19.8552303314209 20.707935333251953 19.030414581298828
v 19.867700576782227 20.62920379638672 18.975393295288086
v 19.880823135375977 20.546356201171875 18.926963806152344
v 19.894512176513672 20.45992660522461 18.885440826416016
v 19.908679962158203 20.3704776763916 18.85109519958496
v 19.923233032226562 20.278589248657227 18.824146270751953
v 19.938077926635742 20.184856414794922 18.804773330688477
v 19.9531192779541 20.089889526367188 18.79309844970703
v 19.938352584838867 20.08634376525879 21.190757751464844
v 19.908639907836914 20.17778968811035 21.1790828704834
v 19.879314422607422 20.26804542541504 21.159709930419922
v 19.85056495666504 20.356525421142578 21.132761001586914
v 19.822580337524414 20.442657470703125 21.09841537475586
v 19.79553985595703 20.525880813598633 21.05689239501953
v 19.76961898803711 20.60565757751465 21.00846290588379
v 19.744985580444336 20.681468963623047 20.953441619873047
v 19.7218017578125 20.752822875976562 20.89218521118164
v 19.700214385986328 20.819257736206055 20.825088500976562
v 19.68036651611328 20.88034439086914 20.752588272094727
v 19.662385940551758 20.93568229675293 20.675155639648438
v 19.64638900756836 20.98491668701172 20.593292236328125
v 19.63248062133789 21.027725219726562 20.507530212402344
v 19.62074851989746 21.063833236694336 20.41842269897461
v 19.611268997192383 21.093002319335938 20.326549530029297
v 19.604106903076172 21.115047454833984 20.232505798339844
v 19.599306106567383 21.129825592041016 20.13690185546875
v 19.59689712524414 21.137237548828125 20.04035758972168
v 19.59689712524414 21.137237548828125 19.943498611450195
v 19.599306106567383 21.129825592041016 19.846954345703125
v 19.604106903076172 21.115047454833984 19.75135040283203
v 19.611268997192383 21.093002319335938 19.657306671142578
v 19.62074851989746 21.063833236694336 19.565433502197266
v 19.63248062133789 21.027725219726562 19.47632598876953
v 19.64638900756836 20.98491668701172 19.39056396484375
v 19.662385940551758 20.93568229675293 19.308700561523438
v 19.68036651611328 20.88034439086914 19.23126792907715
v 19.700214385986328 20.819257736206055 19.158767700195312
v 19.7218017578125 20.752822875976562 19.091670989990234
v 19.744985580444336 20.681468963623047 19.030414581298828
v 19.76961898803711 20.60565757751465 18.975393295288086
v 19.79553985595703 20.525880813598633 18.926963806152344
v 19.822580337524414 20.442657470703125 18.885440826416016
v 19.85056495666504 20.356525421142578 18.85109519958496
v 19.879314422607422 20.26804542541504 18.824146270751953
v 19.908639907836914 20.17778968811035 18.804773330688477
v 19.938352584838867 20.08634376525879 18.79309844970703
v 19.9243221282959 20.08053207397461 21.190757751464844
v 19.88067054748535 20.16620445251465 21.1790828704834
v 19.837587356567383 20.250761032104492 21.159709930419922
v 19.795351028442383 20.333654403686523 21.132761001586914
v 19.754234313964844 20.414348602294922 21.09841537475586
v 19.714508056640625 20.49231719970703 21.05689239501953
v 19.67642593383789 20.56705665588379 21.00846290588379
v 19.64023780822754 20.638080596923828 20.953441619873047
v 19.606176376342773 20.70492935180664 20.89218521118164
v 19.574462890625 20.767169952392578 20.825088500976562
v 19.545303344726562 20.824398040771484 20.752588272094727
v 19.518888473510742 20.876243591308594 20.675155639648438
v 19.495386123657227 20.9223690032959 20.593292236328125
v 19.474950790405273 20.962474822998047 20.507530212402344
v 19.457714080810547 20.996301651000977 20.41842269897461
v 19.443790435791016 21.023630142211914 20.326549530029297
v 19.43326759338379 21.04428482055664 20.232505798339844
v 19.426212310791016 21.058128356933594 20.13690185546875
v 19.42267417907715 21.06507110595703 20.04035758972168
v 19.42267417907715 21.06507110595703 19.943498611450195
v 19.426212310791016 21.058128356933594 19.846954345703125
v 19.43326759338379 21.04428482055664 19.75135040283203
v 19.443790435791016 21.023630142211914 19.657306671142578
v 19.457714080810547 20.996301651000977 19.565433502197266
v 19.474950790405273 20.962474822998047 19.47632598876953
v 19.495386123657227 20.9223690032959 19.39056396484375
v 19.518888473510742 20.876243591308594 19.308700561523438
v 19.545303344726562 20.824398040771484 19.23126792907715
v 19.574462890625 20.767169952392578 19.158767700195312
v 19.606176376342773 20.70492935180664 19.091670989990234
v 19.64023780822754 20.638080596923828 19.030414581298828
v 19.67642593383789 20.56705665588379 18.975393295288086
v 19.714508056640625 20.49231719970703 18.926963806152344
v 19.754234313964844 20.414348602294922 18.885440826416016
v 19.795351028442383 20.333654403686523 18.85109519958496
v 19.837587356567383 20.250761032104492 18.824146270751953
v 19.88067054748535 20.16620445251465 18.804773330688477
v 19.9243221282959 20.08053207397461 18.79309844970703
v 19.911375045776367 20.07259750366211 21.190757751464844
v 19.8548583984375 20.1503849029541 21.1790828704834
v 19.799076080322266 20.227161407470703 21.159709930419922
v 19.74439239501953 20.302427291870117 21.132761001586914
v 19.691160202026367 20.375696182250977 21.09841537475586
v 19.639724731445312 20.446489334106445 21.05689239501953
v 19.590421676635742 20.51435089111328 21.00846290588379
v 19.543567657470703 20.578840255737305 20.953441619873047
v 19.499467849731445 20.639537811279297 20.89218521118164
v 19.45840835571289 20.69605255126953 20.825088500976562
v 19.420654296875 20.748014450073242 20.752588272094727
v 19.38645362854004 20.795087814331055 20.675155639648438
v 19.35602569580078 20.83696937561035 20.593292236328125
v 19.32956886291504 20.873384475708008 20.507530212402344
v 19.307252883911133 20.904098510742188 20.41842269897461
v 19.28922462463379 20.928913116455078 20.326549530029297
v 19.27560043334961 20.94766616821289 20.232505798339844
v 19.266468048095703 20.960235595703125 20.13690185546875
v 19.261886596679688 20.966541290283203 20.04035758972168
v 19.261886596679688 20.966541290283203 19.943498611450195
v 19.266468048095703 20.960235595703125 19.846954345703125
v 19.27560043334961 20.94766616821289 19.75135040283203
v 19.28922462463379 20.928913116455078 19.657306671142578
v 19.307252883911133 20.904098510742188 19.565433502197266
v 19.32956886291504 20.873384475708008 19.47632598876953
v 19.35602569580078 20.83696937561035 19.39056396484375
v 19.38645362854004 20.795087814331055 19.308700561523438
v 19.420654296875 20.748014450073242 19.23126792907715
v 19.45840835571289 20.69605255126953 19.158767700195312
v 19.499467849731445 20.639537811279297 19.091670989990234
v 19.543567657470703 20.578840255737305 19.030414581298828
v 19.590421676635742 20.51435089111328 18.975393295288086
v 19.639724731445312 20.446489334106445 18.926963806152344
v 19.691160202026367 20.375696182250977 18.885440826416016
v 19.74439239501953 20.302427291870117 18.85109519958496
v 19.799076080322266 20.227161407470703 18.824146270751953
v 19.8548583984375 20.1503849029541 18.804773330688477
v 19.911375045776367 20.07259750366211 18.79309844970703
v 19.899826049804688 20.062734603881836 21.190757751464844
v 19.831836700439453 20.13072395324707 21.1790828704834
v 19.764732360839844 20.19782829284668 21.159709930419922
v 19.698945999145508 20.263614654541016 21.132761001586914
v 19.63490867614746 20.327651977539062 21.09841537475586
v 19.57303237915039 20.389528274536133 21.05689239501953
v 19.51371955871582 20.448841094970703 21.00846290588379
v 19.457353591918945 20.505207061767578 20.953441619873047
v 19.404300689697266 20.558259963989258 20.89218521118164
v 19.354907989501953 20.607654571533203 20.825088500976562
v 19.309490203857422 20.6530704498291 20.752588272094727
v 19.268346786499023 20.6942138671875 20.675155639648438
v 19.231740951538086 20.730819702148438 20.593292236328125
v 19.199913024902344 20.76264762878418 20.507530212402344
v 19.173067092895508 20.789493560791016 20.41842269897461
v 19.151378631591797 20.811182022094727 20.326549530029297
v 19.13498878479004 20.827571868896484 20.232505798339844
v 19.12400245666504 20.838558197021484 20.13690185546875
v 19.11849021911621 20.844070434570312 20.04035758972168
v 19.11849021911621 20.844070434570312 19.943498611450195
v 19.12400245666504 20.838558197021484 19.846954345703125
v 19.13498878479004 20.827571868896484 19.75135040283203
v 19.151378631591797 20.811182022094727 19.657306671142578
v 19.173067092895508 20.789493560791016 19.565433502197266
v 19.199913024902344 20.76264762878418 19.47632598876953
v 19.231740951538086 20.730819702148438 19.39056396484375
v 19.268346786499023 20.6942138671875 19.308700561523438
v 19.309490203857422 20.6530704498291 19.23126792907715
v 19.354907989501953 20.607654571533203 19.158767700195312
v 19.404300689697266 20.558259963989258 19.091670989990234
v 19.457353591918945 20.505207061767578 19.030414581298828
v 19.51371955871582 20.448841094970703 18.975393295288086
v 19.57303237915039 20.389528274536133 18.926963806152344
v 19.63490867614746 20.327651977539062 18.885440826416016
v 19.698945999145508 20.263614654541016 18.85109519958496
v 19.764732360839844 20.19782829284668 18.824146270751953
v 19.831836700439453 20.13072395324707 18.804773330688477
v 19.899826049804688 20.062734603881836 18.79309844970703
v 19.889963150024414 20.051185607910156 21.190757751464844
v 19.812175750732422 20.107702255249023 21.1790828704834
v 19.73539924621582 20.163484573364258 21.159709930419922
v 19.660133361816406 20.218168258666992 21.132761001586914
v 19.586864471435547 20.271400451660156 21.09841537475586
v 19.516071319580078 20.32283592224121 21.05689239501953
v 19.448209762573242 20.37213897705078 21.00846290588379
v 19.38372039794922 20.41899299621582 20.953441619873047
v 19.323022842407227 20.463092803955078 20.89218521118164
v 19.266508102416992 20.504152297973633 20.825088500976562
v 19.21454620361328 20.541906356811523 20.752588272094727
v 19.16747283935547 20.576107025146484 20.675155639648438
v 19.125591278076172 20.606534957885742 20.593292236328125
v 19.089176177978516 20.632991790771484 20.507530212402344
v 19.058462142944336 20.65530776977539 20.41842269897461
v 19.033647537231445 20.673336029052734 20.326549530029297
v 19.014894485473633 20.686960220336914 20.232505798339844
v 19.0023250579834 20.69609260559082 20.13690185546875
v 18.99601936340332 20.700674057006836 20.04035758972168
v 18.99601936340332 20.700674057006836 19.943498611450195
v 19.0023250579834 20.69609260559082 19.846954345703125
v 19.014894485473633 20.686960220336914 19.75135040283203
v 19.033647537231445 20.673336029052734 19.657306671142578
v 19.058462142944336 20.65530776977539 19.565433502197266
v 19.089176177978516 20.632991790771484 19.47632598876953
v 19.125591278076172 20.606534957885742 19.39056396484375
v 19.16747283935547 20.576107025146484 19.308700561523438
v 19.21454620361328 20.541906356811523 19.23126792907715
v 19.266508102416992 20.504152297973633 19.158767700195312
v 19.323022842407227 20.463092803955078 19.091670989990234
v 19.38372039794922 20.41899299621582 19.030414581298828
v 19.448209762573242 20.37213897705078 18.975393295288086
v 19.516071319580078 20.32283592224121 18.926963806152344
v 19.586864471435547 20.271400451660156 18.885440826416016
v 19.660133361816406 20.218168258666992 18.85109519958496
v 19.73539924621582 20.163484573364258 18.824146270751953
v 19.812175750732422 20.107702255249023 18.804773330688477
v 19.889963150024414 20.051185607910156 18.79309844970703
v 19.882028579711914 20.038238525390625 21.190757751464844
v 19.796356201171875 20.081890106201172 21.1790828704834
v 19.71179962158203 20.12497329711914 21.159709930419922
v 19.62890625 20.16720962524414 21.132761001586914
v 19.5482120513916 20.20832633972168 21.09841537475586
v 19.470243453979492 20.2480525970459 21.05689239501953
v 19.395503997802734 20.286134719848633 21.00846290588379
v 19.324480056762695 20.322322845458984 20.953441619873047
v 19.257631301879883 20.35638427734375 20.89218521118164
v 19.195390701293945 20.388097763061523 20.825088500976562
v 19.13816261291504 20.41725730895996 20.752588272094727
v 19.08631706237793 20.44367218017578 20.675155639648438
v 19.040191650390625 20.467174530029297 20.593292236328125
v 19.000085830688477 20.48760986328125 20.507530212402344
v 18.966259002685547 20.504846572875977 20.41842269897461
v 18.93893051147461 20.518770217895508 20.326549530029297
v 18.918275833129883 20.529293060302734 20.232505798339844
v 18.90443229675293 20.536348342895508 20.13690185546875
v 18.89748764038086 20.539886474609375 20.04035758972168
v 18.89748764038086 20.539886474609375 19.943498611450195
v 18.90443229675293 20.536348342895508 19.846954345703125
v 18.918275833129883 20.529293060302734 19.75135040283203
v 18.93893051147461 20.518770217895508 19.657306671142578
v 18.966259002685547 20.504846572875977 19.565433502197266
v 19.000085830688477 20.48760986328125 19.47632598876953
v 19.040191650390625 20.467174530029297 19.39056396484375
v 19.08631706237793 20.44367218017578 19.308700561523438
v 19.13816261291504 20.41725730895996 19.23126792907715
v 19.195390701293945 20.388097763061523 19.158767700195312
v 19.257631301879883 20.35638427734375 19.091670989990234
v 19.324480056762695 20.322322845458984 19.030414581298828
v 19.395503997802734 20.286134719848633 18.975393295288086
v 19.470243453979492 20.2480525970459 18.926963806152344
v 19.5482120513916 20.20832633972168 18.885440826416016
v 19.62890625 20.16720962524414 18.85109519958496
v 19.71179962158203 20.12497329711914 18.824146270751953
v 19.796356201171875 20.081890106201172 18.804773330688477
v 19.882028579711914 20.038238525390625 18.79309844970703
v 19.876216888427734 20.024208068847656 21.190757751464844
v 19.784770965576172 20.05392074584961 21.1790828704834
v 19.694515228271484 20.0832462310791 21.159709930419922
v 19.606035232543945 20.111995697021484 21.132761001586914
v 19.5199031829834 20.13998031616211 21.09841537475586
v 19.43667984008789 20.167020797729492 21.05689239501953
v 19.356903076171875 20.192941665649414 21.00846290588379
v 19.281091690063477 20.217575073242188 20.953441619873047
v 19.20973777770996 20.240758895874023 20.89218521118164
v 19.14330291748047 20.262346267700195 20.825088500976562
v 19.082216262817383 20.282194137573242 20.752588272094727
v 19.026878356933594 20.300174713134766 20.675155639648438
v 18.977643966674805 20.316171646118164 20.593292236328125
v 18.93483543395996 20.330080032348633 20.507530212402344
v 18.898727416992188 20.341812133789062 20.41842269897461
v 18.869558334350586 20.35129165649414 20.326549530029297
v 18.84751319885254 20.35845375061035 20.232505798339844
v 18.832735061645508 20.36325454711914 20.13690185546875
v 18.8253231048584 20.365663528442383 20.04035758972168
v 18.8253231048584 20.365663528442383 19.943498611450195
v 18.832735061645508 20.36325454711914 19.846954345703125
v 18.84751319885254 20.35845375061035 19.75135040283203
v 18.869558334350586 20.35129165649414 19.657306671142578
v 18.898727416992188 20.341812133789062 19.565433502197266
v 18.93483543395996 20.330080032348633 19.47632598876953
v 18.977643966674805 20.316171646118164 19.39056396484375
v 19.026878356933594 20.300174713134766 19.308700561523438
v 19.082216262817383 20.282194137573242 19.23126792907715
v 19.14330291748047 20.262346267700195 19.158767700195312
v 19.20973777770996 20.240758895874023 19.091670989990234
v 19.281091690063477 20.217575073242188 19.030414581298828
v 19.356903076171875 20.192941665649414 18.975393295288086
v 19.43667984008789 20.167020797729492 18.926963806152344
v 19.5199031829834 20.13998031616211 18.885440826416016
v 19.606035232543945 20.111995697021484 18.85109519958496
v 19.694515228271484 20.0832462310791 18.824146270751953
v 19.784770965576172 20.05392074584961 18.804773330688477
v 19.876216888427734 20.024208068847656 18.79309844970703
v 19.872671127319336 20.009441375732422 21.190757751464844
v 19.7777042388916 20.02448272705078 21.1790828704834
v 19.683971405029297 20.03932762145996 21.159709930419922
v 19.592082977294922 20.05388069152832 21.132761001586914
v 19.502634048461914 20.06804847717285 21.09841537475586
v 19.41620445251465 20.081737518310547 21.05689239501953
v 19.333354949951172 20.094860076904297 21.00846290588379
v 19.25462532043457 20.107330322265625 20.953441619873047
v 19.18052101135254 20.11906623840332 20.89218521118164
v 19.111526489257812 20.129993438720703 20.825088500976562
v 19.0480899810791 20.14004135131836 20.752588272094727
v 18.990619659423828 20.14914321899414 20.675155639648438
v 18.939489364624023 20.157241821289062 20.593292236328125
v 18.895030975341797 20.164283752441406 20.507530212402344
v 18.857532501220703 20.170223236083984 20.41842269897461
v 18.827238082885742 20.175020217895508 20.326549530029297
v 18.804344177246094 20.178646087646484 20.232505798339844
v 18.788999557495117 20.18107795715332 20.13690185546875
v 18.781301498413086 20.182296752929688 20.04035758972168
v 18.781301498413086 20.182296752929688 19.943498611450195
v 18.788999557495117 20.18107795715332 19.846954345703125
v 18.804344177246094 20.178646087646484 19.75135040283203
v 18.827238082885742 20.175020217895508 19.657306671142578
v 18.857532501220703 20.170223236083984 19.565433502197266
v 18.895030975341797 20.164283752441406 19.47632598876953
v 18.939489364624023 20.157241821289062 19.39056396484375
v 18.990619659423828 20.14914321899414 19.308700561523438
v 19.0480899810791 20.14004135131836 19.23126792907715
v 19.111526489257812 20.129993438720703 19.158767700195312
v 19.18052101135254 20.11906623840332 19.091670989990234
v 19.25462532043457 20.107330322265625 19.030414581298828
v 19.333354949951172 20.094860076904297 18.975393295288086
v 19.41620445251465 20.081737518310547 18.926963806152344
v 19.502634048461914 20.06804847717285 18.885440826416016
v 19.592082977294922 20.05388069152832 18.85109519958496
v 19.683971405029297 20.03932762145996 18.824146270751953
v 19.7777042388916 20.02448272705078 18.804773330688477
v 19.872671127319336 20.009441375732422 18.79309844970703
v 19.87148094177246 19.994300842285156 21.190757751464844
v 19.775327682495117 19.994300842285156 21.1790828704834
v 19.68042755126953 19.994300842285156 21.159709930419922
v 19.587392807006836 19.994300842285156 21.132761001586914
v 19.496829986572266 19.994300842285156 21.09841537475586
v 19.40932273864746 19.994300842285156 21.05689239501953
v 19.325441360473633 19.994300842285156 21.00846290588379
v 19.245729446411133 19.994300842285156 20.953441619873047
v 19.17070198059082 19.994300842285156 20.89218521118164
v 19.100847244262695 19.994300842285156 20.825088500976562
v 19.036619186401367 19.994300842285156 20.752588272094727
v 18.978431701660156 19.994300842285156 20.675155639648438
v 18.926664352416992 19.994300842285156 20.593292236328125
v 18.88165283203125 19.994300842285156 20.507530212402344
v 18.843687057495117 19.994300842285156 20.41842269897461
v 18.81301498413086 19.994300842285156 20.326549530029297
v 18.789836883544922 19.994300842285156 20.232505798339844
v 18.77429962158203 19.994300842285156 20.13690185546875
v 18.76650619506836 19.994300842285156 20.04035758972168
v 18.76650619506836 19.994300842285156 19.943498611450195
v 18.77429962158203 19.994300842285156 19.846954345703125
v 18.789836883544922 19.994300842285156 19.75135040283203
v 18.81301498413086 19.994300842285156 19.657306671142578
v 18.843687057495117 19.994300842285156 19.565433502197266
v 18.88165283203125 19.994300842285156 19.47632598876953
v 18.926664352416992 19.994300842285156 19.39056396484375
v 18.978431701660156 19.994300842285156 19.308700561523438
v 19.036619186401367 19.994300842285156 19.23126792907715
v 19.100847244262695 19.994300842285156 19.158767700195312
v 19.17070198059082 19.994300842285156 19.091670989990234
v 19.245729446411133 19.994300842285156 19.030414581298828
v 19.325441360473633 19.994300842285156 18.975393295288086
v 19.40932273864746 19.994300842285156 18.926963806152344
v 19.496829986572266 19.994300842285156 18.885440826416016
v 19.587392807006836 19.994300842285156 18.85109519958496
v 19.68042755126953 19.994300842285156 18.824146270751953
v 19.775327682495117 19.994300842285156 18.804773330688477
v 19.87148094177246 19.994300842285156 18.79309844970703
v 19.872671127319336 19.97916030883789 21.190757751464844
v 19.7777042388916 19.96411895751953 21.1790828704834
v 19.683971405029297 19.94927406311035 21.159709930419922
v 19.592082977294922 19.934720993041992 21.132761001586914
v 19.502634048461914 19.92055320739746 21.09841537475586
v 19.41620445251465 19.906864166259766 21.05689239501953
v 19.333354949951172 19.893741607666016 21.00846290588379
v 19.25462532043457 19.881271362304688 20.953441619873047
v 19.18052101135254 19.869535446166992 20.89218521118164
v 19.111526489257812 19.85860824584961 20.825088500976562
v 19.0480899810791 19.848560333251953 20.752588272094727
v 18.990619659423828 19.839458465576172 20.675155639648438
v 18.939489364624023 19.83135986328125 20.593292236328125
v 18.895030975341797 19.824317932128906 20.507530212402344
v 18.857532501220703 19.818378448486328 20.41842269897461
v 18.827238082885742 19.813581466674805 20.326549530029297
v 18.804344177246094 19.809955596923828 20.232505798339844
v 18.788999557495117 19.807523727416992 20.13690185546875
v 18.781301498413086 19.806304931640625 20.04035758972168
v 18.781301498413086 19.806304931640625 19.943498611450195
v 18.788999557495117 19.807523727416992 19.846954345703125
v 18.804344177246094 19.809955596923828 19.75135040283203
v 18.827238082885742 19.813581466674805 19.657306671142578
v 18.857532501220703 19.818378448486328 19.565433502197266
v 18.895030975341797 19.824317932128906 19.47632598876953
v 18.939489364624023 19.83135986328125 19.39056396484375
v 18.990619659423828 19.839458465576172 19.308700561523438
v 19.0480899810791 19.848560333251953 19.23126792907715
v 19.111526489257812 19.85860824584961 19.158767700195312
v 19.18052101135254 19.869535446166992 19.091670989990234
v 19.25462532043457 19.881271362304688 19.030414581298828
v 19.333354949951172 19.893741607666016 18.975393295288086
v 19.41620445251465 19.906864166259766 18.926963806152344
v 19.502634048461914 19.92055320739746 18.885440826416016
v 19.592082977294922 19.934720993041992 18.85109519958496
v 19.683971405029297 19.94927406311035 18.824146270751953
v 19.7777042388916 19.96411895751953 18.804773330688477
v 19.872671127319336 19.97916030883789 18.79309844970703
v 19.876216888427734 19.964393615722656 21.190757751464844
v 19.784770965576172 19.934680938720703 21.1790828704834
v 19.694515228271484 19.90535545349121 21.159709930419922
v 19.606035232543945 19.876605987548828 21.132761001586914
v 19.5199031829834 19.848621368408203 21.09841537475586
v 19.43667984008789 19.82158088684082 21.05689239501953
v 19.356903076171875 19.7956600189209 21.00846290588379
v 19.281091690063477 19.771026611328125 20.953441619873047
v 19.20973777770996 19.74784278869629 20.89218521118164
v 19.14330291748047 19.726255416870117 20.825088500976562
v 19.082216262817383 19.70640754699707 20.752588272094727
v 19.026878356933594 19.688426971435547 20.675155639648438
v 18.977643966674805 19.67243003845215 20.593292236328125
v 18.93483543395996 19.65852165222168 20.507530212402344
v 18.898727416992188 19.64678955078125 20.41842269897461
v 18.869558334350586 19.637310028076172 20.326549530029297
v 18.84751319885254 19.63014793395996 20.232505798339844
v 18.832735061645508 19.625347137451172 20.13690185546875
v 18.8253231048584 19.62293815612793 20.04035758972168
v 18.8253231048584 19.62293815612793 19.943498611450195
v 18.832735061645508 19.625347137451172 19.846954345703125
v 18.84751319885254 19.63014793395996 19.75135040283203
v 18.869558334350586 19.637310028076172 19.657306671142578
v 18.898727416992188 19.64678955078125 19.565433502197266
v 18.93483543395996 19.65852165222168 19.47632598876953
v 18.977643966674805 19.67243003845215 19.39056396484375
v 19.026878356933594 19.688426971435547 19.308700561523438
v 19.082216262817383 19.70640754699707 19.23126792907715
v 19.14330291748047 19.726255416870117 19.158767700195312
v 19.20973777770996 19.74784278869629 19.091670989990234
v 19.281091690063477 19.771026611328125 19.030414581298828
v 19.356903076171875 19.7956600189209 18.975393295288086
v 19.43667984008789 19.82158088684082 18.926963806152344
v 19.5199031829834 19.848621368408203 18.885440826416016
v 19.606035232543945 19.876605987548828 18.85109519958496
v 19.694515228271484 19.90535545349121 18.824146270751953
v 19.784770965576172 19.934680938720703 18.804773330688477
v 19.876216888427734 19.964393615722656 18.79309844970703
v 19.882028579711914 19.950363159179688 21.190757751464844
v 19.796356201171875 19.90671157836914 21.1790828704834
v 19.71179962158203 19.863628387451172 21.159709930419922
v 19.62890625 19.821392059326172 21.132761001586914
v 19.5482120513916 19.780275344848633 21.09841537475586
v 19.470243453979492 19.740549087524414 21.05689239501953
v 19.395503997802734 19.70246696472168 21.00846290588379
v 19.324480056762695 19.666278839111328 20.953441619873047
v 19.257631301879883 19.632217407226562 20.89218521118164
v 19.195390701293945 19.60050392150879 20.825088500976562
v 19.13816261291504 19.57134437561035 20.752588272094727
v 19.08631706237793 19.54492950439453 20.675155639648438
v 19.040191650390625 19.521427154541016 20.593292236328125
v 19.000085830688477 19.500991821289062 20.507530212402344
v 18.966259002685547 19.483755111694336 20.41842269897461
v 18.93893051147461 19.469831466674805 20.326549530029297
v 18.918275833129883 19.459308624267578 20.232505798339844
v 18.90443229675293 19.452253341674805 20.13690185546875
v 18.89748764038086 19.448715209960938 20.04035758972168
v 18.89748764038086 19.448715209960938 19.943498611450195
v 18.90443229675293 19.452253341674805 19.846954345703125
v 18.918275833129883 19.459308624267578 19.75135040283203
v 18.93893051147461 19.469831466674805 19.657306671142578
v 18.966259002685547 19.483755111694336 19.565433502197266
v 19.000085830688477 19.500991821289062 19.47632598876953
v 19.040191650390625 19.521427154541016 19.39056396484375
v 19.08631706237793 19.54492950439453 19.308700561523438
v 19.13816261291504 19.57134437561035 19.23126792907715
v 19.195390701293945 19.60050392150879 19.158767700195312
v 19.257631301879883 19.632217407226562 19.091670989990234
v 19.324480056762695 19.666278839111328 19.030414581298828
v 19.395503997802734 19.70246696472168 18.975393295288086
v 19.470243453979492 19.740549087524414 18.926963806152344
v 19.5482120513916 19.780275344848633 18.885440826416016
v 19.62890625 19.821392059326172 18.85109519958496
v 19.71179962158203 19.863628387451172 18.824146270751953
v 19.796356201171875 19.90671157836914 18.804773330688477
v 19.882028579711914 19.950363159179688 18.79309844970703
v 19.889963150024414 19.937416076660156 21.190757751464844
v 19.812175750732422 19.88089942932129 21.1790828704834
v 19.73539924621582 19.825117111206055 21.159709930419922
v 19.660133361816406 19.77043342590332 21.132761001586914
v 19.586864471435547 19.717201232910156 21.09841537475586
v 19.516071319580078 19.6657657623291 21.05689239501953
v 19.448209762573242 19.61646270751953 21.00846290588379
v 19.38372039794922 19.569608688354492 20.953441619873047
v 19.323022842407227 19.525508880615234 20.89218521118164
v 19.266508102416992 19.48444938659668 20.825088500976562
v 19.21454620361328 19.44669532775879 20.752588272094727
v 19.16747283935547 19.412494659423828 20.675155639648438
v 19.125591278076172 19.38206672668457 20.593292236328125
v 19.089176177978516 19.355609893798828 20.507530212402344
v 19.058462142944336 19.333293914794922 20.41842269897461
v 19.033647537231445 19.315265655517578 20.326549530029297
v 19.014894485473633 19.3016414642334 20.232505798339844
v 19.0023250579834 19.292509078979492 20.13690185546875
v 18.99601936340332 19.287927627563477 20.04035758972168
v 18.99601936340332 19.287927627563477 19.943498611450195
v 19.0023250579834 19.292509078979492 19.846954345703125
v 19.014894485473633 19.3016414642334 19.75135040283203
v 19.033647537231445 19.315265655517578 19.657306671142578
v 19.058462142944336 19.333293914794922 19.565433502197266
v 19.089176177978516 19.355609893798828 19.47632598876953
v 19.125591278076172 19.38206672668457 19.39056396484375
v 19.16747283935547 19.412494659423828 19.308700561523438
v 19.21454620361328 19.44669532775879 19.23126792907715
v 19.266508102416992 19.48444938659668 19.158767700195312
v 19.323022842407227 19.525508880615234 19.091670989990234
v 19.38372039794922 19.569608688354492 19.030414581298828
v 19.448209762573242 19.61646270751953 18.975393295288086
v 19.516071319580078 19.6657657623291 18.926963806152344
v 19.586864471435547 19.717201232910156 18.885440826416016
v 19.660133361816406 19.77043342590332 18.85109519958496
v 19.73539924621582 19.825117111206055 18.824146270751953
v 19.812175750732422 19.88089942932129 18.804773330688477
v 19.889963150024414 19.937416076660156 18.79309844970703
v 19.899826049804688 19.925867080688477 21.190757751464844
v 19.831836700439453 19.857877731323242 21.1790828704834
v 19.764732360839844 19.790773391723633 21.159709930419922
v 19.698945999145508 19.724987030029297 21.132761001586914
v 19.63490867614746 19.66094970703125 21.09841537475586
v 19.57303237915039 19.59907341003418 21.05689239501953
v 19.51371955871582 19.53976058959961 21.00846290588379
v 19.457353591918945 19.483394622802734 20.953441619873047
v 19.404300689697266 19.430341720581055 20.89218521118164
v 19.354907989501953 19.38094711303711 20.825088500976562
v 19.309490203857422 19.33553123474121 20.752588272094727
v 19.268346786499023 19.294387817382812 20.675155639648438
v 19.231740951538086 19.257781982421875 20.593292236328125
v 19.199913024902344 19.225954055786133 20.507530212402344
v 19.173067092895508 19.199108123779297 20.41842269897461
v 19.151378631591797 19.177419662475586 20.326549530029297
v 19.13498878479004 19.161029815673828 20.232505798339844
v 19.12400245666504 19.150043487548828 20.13690185546875
v 19.11849021911621 19.14453125 20.04035758972168
v 19.11849021911621 19.14453125 19.943498611450195
v 19.12400245666504 19.150043487548828 19.846954345703125
v 19.13498878479004 19.161029815673828 19.75135040283203
v 19.151378631591797 19.177419662475586 19.657306671142578
v 19.173067092895508 19.199108123779297 19.565433502197266
v 19.199913024902344 19.225954055786133 19.47632598876953
v 19.231740951538086 19.257781982421875 19.39056396484375
v 19.268346786499023 19.294387817382812 19.308700561523438
v 19.309490203857422 19.33553123474121 19.23126792907715
v 19.354907989501953 19.38094711303711 19.158767700195312
v 19.404300689697266 19.430341720581055 19.091670989990234
v 19.457353591918945 19.483394622802734 19.030414581298828
v 19.51371955871582 19.53976058959961 18.975393295288086
v 19.57303237915039 19.59907341003418 18.926963806152344
v 19.63490867614746 19.66094970703125 18.885440826416016
v 19.698945999145508 19.724987030029297 18.85109519958496
v 19.764732360839844 19.790773391723633 18.824146270751953
v 19.831836700439453 19.857877731323242 18.804773330688477
v 19.899826049804688 19.925867080688477 18.79309844970703
v 19.911375045776367 19.916004180908203 21.190757751464844
v 19.8548583984375 19.83821678161621 21.1790828704834
v 19.799076080322266 19.76144027709961 21.159709930419922
v 19.74439239501953 19.686174392700195 21.132761001586914
v 19.691160202026367 19.612905502319336 21.09841537475586
v 19.639724731445312 19.542112350463867 21.05689239501953
v 19.590421676635742 19.47425079345703 21.00846290588379
v 19.543567657470703 19.409761428833008 20.953441619873047
v 19.499467849731445 19.349063873291016 20.89218521118164
v 19.45840835571289 19.29254913330078 20.825088500976562
v 19.420654296875 19.24058723449707 20.752588272094727
v 19.38645362854004 19.193513870239258 20.675155639648438
v 19.35602569580078 19.15163230895996 20.593292236328125
v 19.32956886291504 19.115217208862305 20.507530212402344
v 19.307252883911133 19.084503173828125 20.41842269897461
v 19.28922462463379 19.059688568115234 20.326549530029297
v 19.27560043334961 19.040935516357422 20.232505798339844
v 19.266468048095703 19.028366088867188 20.13690185546875
v 19.261886596679688 19.02206039428711 20.04035758972168
v 19.261886596679688 19.02206039428711 19.943498611450195
v 19.266468048095703 19.028366088867188 19.846954345703125
v 19.27560043334961 19.040935516357422 19.75135040283203
v 19.28922462463379 19.059688568115234 19.657306671142578
v 19.307252883911133 19.084503173828125 19.565433502197266
v 19.32956886291504 19.115217208862305 19.47632598876953
v 19.35602569580078 19.15163230895996 19.39056396484375
v 19.38645362854004 19.193513870239258 19.308700561523438
v 19.420654296875 19.24058723449707 19.23126792907715
v 19.45840835571289 19.29254913330078 19.158767700195312
v 19.499467849731445 19.349063873291016 19.091670989990234
v 19.543567657470703 19.409761428833008 19.030414581298828
v 19.590421676635742 19.47425079345703 18.975393295288086
v 19.639724731445312 19.542112350463867 18.926963806152344
v 19.691160202026367 19.612905502319336 18.885440826416016
v 19.74439239501953 19.686174392700195 18.85109519958496
v 19.799076080322266 19.76144027709961 18.824146270751953
v 19.8548583984375 19.83821678161621 18.804773330688477
v 19.911375045776367 19.916004180908203 18.79309844970703
v 19.9243221282959 19.908069610595703 21.190757751464844
v 19.88067054748535 19.822397232055664 21.1790828704834
v 19.837587356567383 19.73784065246582 21.159709930419922
v 19.795351028442383 19.65494728088379 21.132761001586914
v 19.754234313964844 19.57425308227539 21.09841537475586
v 19.714508056640625 19.49628448486328 21.05689239501953
v 19.67642593383789 19.421545028686523 21.00846290588379
v 19.64023780822754 19.350521087646484 20.953441619873047
v 19.606176376342773 19.283672332763672 20.89218521118164
v 19.574462890625 19.221431732177734 20.825088500976562
v 19.545303344726562 19.164203643798828 20.752588272094727
v 19.518888473510742 19.11235809326172 20.675155639648438
v 19.495386123657227 19.066232681274414 20.593292236328125
v 19.474950790405273 19.026126861572266 20.507530212402344
v 19.457714080810547 18.992300033569336 20.41842269897461
v 19.443790435791016 18.9649715423584 20.326549530029297
v 19.43326759338379 18.944316864013672 20.232505798339844
v 19.426212310791016 18.93047332763672 20.13690185546875
v 19.42267417907715 18.92353057861328 20.04035758972168
v 19.42267417907715 18.92353057861328 19.943498611450195
v 19.426212310791016 18.93047332763672 19.846954345703125
v 19.43326759338379 18.944316864013672 19.75135040283203
v 19.443790435791016 18.9649715423584 19.657306671142578
v 19.457714080810547 18.992300033569336 19.565433502197266
v 19.474950790405273 19.026126861572266 19.47632598876953
v 19.495386123657227 19.066232681274414 19.39056396484375
v 19.518888473510742 19.11235809326172 19.308700561523438
v 19.545303344726562 19.164203643798828 19.23126792907715
v 19.574462890625 19.221431732177734 19.158767700195312
v 19.606176376342773 19.283672332763672 19.091670989990234
v 19.64023780822754 19.350521087646484 19.030414581298828
v 19.67642593383789 19.421545028686523 18.975393295288086
v 19.714508056640625 19.49628448486328 18.926963806152344
v 19.754234313964844 19.57425308227539 18.885440826416016
v 19.795351028442383 19.65494728088379 18.85109519958496
v 19.837587356567383 19.73784065246582 18.824146270751953
v 19.88067054748535 19.822397232055664 18.804773330688477
v 19.9243221282959 19.908069610595703 18.79309844970703
v 19.938352584838867 19.902257919311523 21.190757751464844
v 19.908639907836914 19.81081199645996 21.1790828704834
v 19.879314422607422 19.720556259155273 21.159709930419922
v 19.85056495666504 19.632076263427734 21.132761001586914
v 19.822580337524414 19.545944213867188 21.09841537475586
v 19.79553985595703 19.46272087097168 21.05689239501953
v 19.76961898803711 19.382944107055664 21.00846290588379
v 19.744985580444336 19.307132720947266 20.953441619873047
v 19.7218017578125 19.23577880859375 20.89218521118164
v 19.700214385986328 19.169343948364258 20.825088500976562
v 19.68036651611328 19.108257293701172 20.752588272094727
v 19.662385940551758 19.052919387817383 20.675155639648438
v 19.64638900756836 19.003684997558594 20.593292236328125
v 19.63248062133789 18.96087646484375 20.507530212402344
v 19.62074851989746 18.924768447875977 20.41842269897461
v 19.611268997192383 18.895599365234375 20.326549530029297
v 19.604106903076172 18.873554229736328 20.232505798339844
v 19.599306106567383 18.858776092529297 20.13690185546875
v 19.59689712524414 18.851364135742188 20.04035758972168
v 19.59689712524414 18.851364135742188 19.943498611450195
v 19.599306106567383 18.858776092529297 19.846954345703125
v 19.604106903076172 18.873554229736328 19.75135040283203
v 19.611268997192383 18.895599365234375 19.657306671142578
v 19.62074851989746 18.924768447875977 19.565433502197266
v 19.63248062133789 18.96087646484375 19.47632598876953
v 19.64638900756836 19.003684997558594 19.39056396484375
v 19.662385940551758 19.052919387817383 19.308700561523438
v 19.68036651611328 19.108257293701172 19.23126792907715
v 19.700214385986328 19.169343948364258 19.158767700195312
v 19.7218017578125 19.23577880859375 19.091670989990234
v 19.744985580444336 19.307132720947266 19.030414581298828
v 19.76961898803711 19.382944107055664 18.975393295288086
v 19.79553985595703 19.46272087097168 18.926963806152344
v 19.822580337524414 19.545944213867188 18.885440826416016
v 19.85056495666504 19.632076263427734 18.85109519958496
v 19.879314422607422 19.720556259155273 18.824146270751953
v 19.908639907836914 19.81081199645996 18.804773330688477
v 19.938352584838867 19.902257919311523 18.79309844970703
v 19.9531192779541 19.898712158203125 21.190757751464844
v 19.938077926635742 19.80374526977539 21.1790828704834
v 19.923233032226562 19.710012435913086 21.159709930419922
v 19.908679962158203 19.61812400817871 21.132761001586914
v 19.894512176513672 19.528675079345703 21.09841537475586
v 19.880823135375977 19.442245483398438 21.05689239501953
v 19.867700576782227 19.359397888183594 21.00846290588379
v 19.8552303314209 19.28066635131836 20.953441619873047
v 19.843494415283203 19.206562042236328 20.89218521118164
v 19.83256721496582 19.1375675201416 20.825088500976562
v 19.822519302368164 19.07413101196289 20.752588272094727
v 19.813417434692383 19.016660690307617 20.675155639648438
v 19.80531883239746 18.965530395507812 20.593292236328125
v 19.798276901245117 18.921072006225586 20.507530212402344
v 19.79233741760254 18.883573532104492 20.41842269897461
v 19.787540435791016 18.85327911376953 20.326549530029297
v 19.78391456604004 18.830385208129883 20.232505798339844
v 19.781482696533203 18.815040588378906 20.13690185546875
v 19.780263900756836 18.807342529296875 20.04035758972168
v 19.780263900756836 18.807342529296875 19.943498611450195
v 19.781482696533203 18.815040588378906 19.846954345703125
v 19.78391456604004 18.830385208129883 19.75135040283203
v 19.787540435791016 18.85327911376953 19.657306671142578
v 19.79233741760254 18.883573532104492 19.565433502197266
v 19.798276901245117 18.921072006225586 19.47632598876953
v 19.80531883239746 18.965530395507812 19.39056396484375
v 19.813417434692383 19.016660690307617 19.308700561523438
v 19.822519302368164 19.07413101196289 19.23126792907715
v 19.83256721496582 19.1375675201416 19.158767700195312
v 19.843494415283203 19.206562042236328 19.091670989990234
v 19.8552303314209 19.28066635131836 19.030414581298828
v 19.867700576782227 19.359397888183594 18.975393295288086
v 19.880823135375977 19.442245483398438 18.926963806152344
v 19.894512176513672 19.528675079345703 18.885440826416016
v 19.908679962158203 19.61812400817871 18.85109519958496
v 19.923233032226562 19.710012435913086 18.824146270751953
v 19.938077926635742 19.80374526977539 18.804773330688477
v 19.9531192779541 19.898712158203125 18.79309844970703
v 19.968259811401367 19.89752197265625 21.190757751464844
v 19.968259811401367 19.801368713378906 21.1790828704834
v 19.968259811401367 19.70646858215332 21.159709930419922
v 19.968259811401367 19.613433837890625 21.132761001586914
v 19.968259811401367 19.522871017456055 21.09841537475586
v 19.968259811401367 19.43536376953125 21.05689239501953
v 19.968259811401367 19.351482391357422 21.00846290588379
v 19.968259811401367 19.271770477294922 20.953441619873047
v 19.968259811401367 19.19674301147461 20.89218521118164
v 19.968259811401367 19.126888275146484 20.825088500976562
v 19.968259811401367 19.062660217285156 20.752588272094727
v 19.968259811401367 19.004472732543945 20.675155639648438
v 19.968259811401367 18.95270538330078 20.593292236328125
v 19.968259811401367 18.90769386291504 20.507530212402344
v 19.968259811401367 18.869728088378906 20.41842269897461
v 19.968259811401367 18.83905601501465 20.326549530029297
v 19.968259811401367 18.81587791442871 20.232505798339844
v 19.968259811401367 18.80034065246582 20.13690185546875
v 19.968259811401367 18.792545318603516 20.04035758972168
v 19.968259811401367 18.792545318603516 19.943498611450195
v 19.968259811401367 18.80034065246582 19.846954345703125
v 19.968259811401367 18.81587791442871 19.75135040283203
v 19.968259811401367 18.83905601501465 19.657306671142578
v 19.968259811401367 18.869728088378906 19.565433502197266
v 19.968259811401367 18.90769386291504 19.47632598876953
v 19.968259811401367 18.95270538330078 19.39056396484375
v 19.968259811401367 19.004472732543945 19.308700561523438
v 19.968259811401367 19.062660217285156 19.23126792907715
v 19.968259811401367 19.126888275146484 19.158767700195312
v 19.968259811401367 19.19674301147461 19.091670989990234
v 19.968259811401367 19.271770477294922 19.030414581298828
v 19.968259811401367 19.351482391357422 18.975393295288086
v 19.968259811401367 19.43536376953125 18.926963806152344
v 19.968259811401367 19.522871017456055 18.885440826416016
v 19.968259811401367 19.613433837890625 18.85109519958496
v 19.968259811401367 19.70646858215332 18.824146270751953
v 19.968259811401367 19.801368713378906 18.804773330688477
v 19.968259811401367 19.89752197265625 18.79309844970703
v 19.983400344848633 19.898712158203125 21.190757751464844
v 19.998441696166992 19.80374526977539 21.1790828704834
v 20.013286590576172 19.710012435913086 21.159709930419922
v 20.02783966064453 19.61812400817871 21.132761001586914
v 20.042007446289062 19.528675079345703 21.09841537475586
v 20.055696487426758 19.442245483398438 21.05689239501953
v 20.068819046020508 19.359397888183594 21.00846290588379
v 20.081289291381836 19.28066635131836 20.953441619873047
v 20.09302520751953 19.206562042236328 20.89218521118164
v 20.103952407836914 19.1375675201416 20.825088500976562
v 20.11400032043457 19.07413101196289 20.752588272094727
v 20.12310218811035 19.016660690307617 20.675155639648438
v 20.131200790405273 18.965530395507812 20.593292236328125
v 20.138242721557617 18.921072006225586 20.507530212402344
v 20.144182205200195 18.883573532104492 20.41842269897461
v 20.14897918701172 18.85327911376953 20.326549530029297
v 20.152605056762695 18.830385208129883 20.232505798339844
v 20.15503692626953 18.815040588378906 20.13690185546875
v 20.1562557220459 18.807342529296875 20.04035758972168
v 20.1562557220459 18.807342529296875 19.943498611450195
v 20.15503692626953 18.815040588378906 19.846954345703125
v 20.152605056762695 18.830385208129883 19.75135040283203
v 20.14897918701172 18.85327911376953 19.657306671142578
v 20.144182205200195 18.883573532104492 19.565433502197266
v 20.138242721557617 18.921072006225586 19.47632598876953
v 20.131200790405273 18.965530395507812 19.39056396484375
v 20.12310218811035 19.016660690307617 19.308700561523438
v 20.11400032043457 19.07413101196289 19.23126792907715
v 20.103952407836914 19.1375675201416 19.158767700195312
v 20.09302520751953 19.206562042236328 19.091670989990234
v 20.081289291381836 19.28066635131836 19.030414581298828
v 20.068819046020508 19.359397888183594 18.975393295288086
v 20.055696487426758 19.442245483398438 18.926963806152344
v 20.042007446289062 19.528675079345703 18.885440826416016
v 20.02783966064453 19.61812400817871 18.85109519958496
v 20.013286590576172 19.710012435913086 18.824146270751953
v 19.998441696166992 19.80374526977539 18.804773330688477
v 19.983400344848633 19.898712158203125 18.79309844970703
v 19.998167037963867 19.902257919311523 21.190757751464844
v 20.02787971496582 19.81081199645996 21.1790828704834
v 20.057205200195312 19.720556259155273 21.159709930419922
v 20.085954666137695 19.632076263427734 21.132761001586914
v 20.11393928527832 19.545944213867188 21.09841537475586
v 20.140979766845703 19.46272087097168 21.05689239501953
v 20.166900634765625 19.382944107055664 21.00846290588379
v 20.1915340423584 19.307132720947266 20.953441619873047
v 20.214717864990234 19.23577880859375 20.89218521118164
v 20.236305236816406 19.169343948364258 20.825088500976562
v 20.256153106689453 19.108257293701172 20.752588272094727
v 20.274133682250977 19.052919387817383 20.675155639648438
v 20.290130615234375 19.003684997558594 20.593292236328125
v 20.304039001464844 18.96087646484375 20.507530212402344
v 20.315771102905273 18.924768447875977 20.41842269897461
v 20.32525062561035 18.895599365234375 20.326549530029297
v 20.332412719726562 18.873554229736328 20.232505798339844
v 20.33721351623535 18.858776092529297 20.13690185546875
v 20.339622497558594 18.851364135742188 20.04035758972168
v 20.339622497558594 18.851364135742188 19.943498611450195
v 20.33721351623535 18.858776092529297 19.846954345703125
v 20.332412719726562 18.873554229736328 19.75135040283203
v 20.32525062561035 18.895599365234375 19.657306671142578
v 20.315771102905273 18.924768447875977 19.565433502197266
v 20.304039001464844 18.96087646484375 19.47632598876953
v 20.290130615234375 19.003684997558594 19.39056396484375
v 20.274133682250977 19.052919387817383 19.308700561523438
v 20.256153106689453 19.108257293701172 19.23126792907715
v 20.236305236816406 19.169343948364258 19.158767700195312
v 20.214717864990234 19.23577880859375 19.091670989990234
v 20.1915340423584 19.307132720947266 19.030414581298828
v 20.166900634765625 19.382944107055664 18.975393295288086
v 20.140979766845703 19.46272087097168 18.926963806152344
v 20.11393928527832 19.545944213867188 18.885440826416016
v 20.085954666137695 19.632076263427734 18.85109519958496
v 20.057205200195312 19.720556259155273 18.824146270751953
v 20.02787971496582 19.81081199645996 18.804773330688477
v 19.998167037963867 19.902257919311523 18.79309844970703
v 20.012197494506836 19.908069610595703 21.190757751464844
v 20.055849075317383 19.822397232055664 21.1790828704834
v 20.09893226623535 19.73784065246582 21.159709930419922
v 20.14116859436035 19.65494728088379 21.132761001586914
v 20.18228530883789 19.57425308227539 21.09841537475586
v 20.22201156616211 19.49628448486328 21.05689239501953
v 20.260093688964844 19.421545028686523 21.00846290588379
v 20.296281814575195 19.350521087646484 20.953441619873047
v 20.33034324645996 19.283672332763672 20.89218521118164
v 20.362056732177734 19.221431732177734 20.825088500976562
v 20.391216278076172 19.164203643798828 20.752588272094727
v 20.417631149291992 19.11235809326172 20.675155639648438
v 20.441133499145508 19.066232681274414 20.593292236328125
v 20.46156883239746 19.026126861572266 20.507530212402344
v 20.478805541992188 18.992300033569336 20.41842269897461
v 20.49272918701172 18.9649715423584 20.326549530029297
v 20.503252029418945 18.944316864013672 20.232505798339844
v 20.51030731201172 18.93047332763672 20.13690185546875
v 20.513845443725586 18.92353057861328 20.04035758972168
v 20.513845443725586 18.92353057861328 19.943498611450195
v 20.51030731201172 18.93047332763672 19.846954345703125
v 20.503252029418945 18.944316864013672 19.75135040283203
v 20.49272918701172 18.9649715423584 19.657306671142578
v 20.478805541992188 18.992300033569336 19.565433502197266
v 20.46156883239746 19.026126861572266 19.47632598876953
v 20.441133499145508 19.066232681274414 19.39056396484375
v 20.417631149291992 19.11235809326172 19.308700561523438
v 20.391216278076172 19.164203643798828 19.23126792907715
v 20.362056732177734 19.221431732177734 19.158767700195312
v 20.33034324645996 19.283672332763672 19.091670989990234
v 20.296281814575195 19.350521087646484 19.030414581298828
v 20.260093688964844 19.421545028686523 18.975393295288086
v 20.22201156616211 19.49628448486328 18.926963806152344
v 20.18228530883789 19.57425308227539 18.885440826416016
v 20.14116859436035 19.65494728088379 18.85109519958496
v 20.09893226623535 19.73784065246582 18.824146270751953
v 20.055849075317383 19.822397232055664 18.804773330688477
v 20.012197494506836 19.908069610595703 18.79309844970703
v 20.025144577026367 19.916004180908203 21.190757751464844
v 20.081661224365234 19.83821678161621 21.1790828704834
v 20.13744354248047 19.76144027709961 21.159709930419922
v 20.192127227783203 19.686174392700195 21.132761001586914
v 20.245359420776367 19.612905502319336 21.09841537475586
v 20.296794891357422 19.542112350463867 21.05689239501953
v 20.346097946166992 19.47425079345703 21.00846290588379
v 20.39295196533203 19.409761428833008 20.953441619873047
v 20.43705177307129 19.349063873291016 20.89218521118164
v 20.478111267089844 19.29254913330078 20.825088500976562
v 20.515865325927734 19.24058723449707 20.752588272094727
v 20.550065994262695 19.193513870239258 20.675155639648438
v 20.580493927001953 19.15163230895996 20.593292236328125
v 20.606950759887695 19.115217208862305 20.507530212402344
v 20.6292667388916 19.084503173828125 20.41842269897461
v 20.647294998168945 19.059688568115234 20.326549530029297
v 20.660919189453125 19.040935516357422 20.232505798339844
v 20.67005157470703 19.028366088867188 20.13690185546875
v 20.674633026123047 19.02206039428711 20.04035758972168
v 20.674633026123047 19.02206039428711 19.943498611450195
v 20.67005157470703 19.028366088867188 19.846954345703125
v 20.660919189453125 19.040935516357422 19.75135040283203
v 20.647294998168945 19.059688568115234 19.657306671142578
v 20.6292667388916 19.084503173828125 19.565433502197266
v 20.606950759887695 19.115217208862305 19.47632598876953
v 20.580493927001953 19.15163230895996 19.39056396484375
v 20.550065994262695 19.193513870239258 19.308700561523438
v 20.515865325927734 19.24058723449707 19.23126792907715
v 20.478111267089844 19.29254913330078 19.158767700195312
v 20.43705177307129 19.349063873291016 19.091670989990234
v 20.39295196533203 19.409761428833008 19.030414581298828
v 20.346097946166992 19.47425079345703 18.975393295288086
v 20.296794891357422 19.542112350463867 18.926963806152344
v 20.245359420776367 19.612905502319336 18.885440826416016
v 20.192127227783203 19.686174392700195 18.85109519958496
v 20.13744354248047 19.76144027709961 18.824146270751953
v 20.081661224365234 19.83821678161621 18.804773330688477
v 20.025144577026367 19.916004180908203 18.79309844970703
v 20.036693572998047 19.925867080688477 21.190757751464844
v 20.10468292236328 19.857877731323242 21.1790828704834
v 20.17178726196289 19.790773391723633 21.159709930419922
v 20.237573623657227 19.724987030029297 21.132761001586914
v 20.301610946655273 19.66094970703125 21.09841537475586
v 20.363487243652344 19.59907341003418 21.05689239501953
v 20.422800064086914 19.53976058959961 21.00846290588379
v 20.47916603088379 19.483394622802734 20.953441619873047
v 20.53221893310547 19.430341720581055 20.89218521118164
v 20.58161163330078 19.38094711303711 20.825088500976562
v 20.627029418945312 19.33553123474121 20.752588272094727
v 20.66817283630371 19.294387817382812 20.675155639648438
v 20.70477867126465 19.257781982421875 20.593292236328125
v 20.73660659790039 19.225954055786133 20.507530212402344
v 20.763452529907227 19.199108123779297 20.41842269897461
v 20.785140991210938 19.177419662475586 20.326549530029297
v 20.801530838012695 19.161029815673828 20.232505798339844
v 20.812517166137695 19.150043487548828 20.13690185546875
v 20.818029403686523 19.14453125 20.04035758972168
v 20.818029403686523 19.14453125 19.943498611450195
v 20.812517166137695 19.150043487548828 19.846954345703125
v 20.801530838012695 19.161029815673828 19.75135040283203
v 20.785140991210938 19.177419662475586 19.657306671142578
v 20.763452529907227 19.199108123779297 19.565433502197266
v 20.73660659790039 19.225954055786133 19.47632598876953
v 20.70477867126465 19.257781982421875 19.39056396484375
v 20.66817283630371 19.294387817382812 19.308700561523438
v 20.627029418945312 19.33553123474121 19.23126792907715
v 20.58161163330078 19.38094711303711 19.158767700195312
v 20.53221893310547 19.430341720581055 19.091670989990234
v 20.47916603088379 19.483394622802734 19.030414581298828
v 20.422800064086914 19.53976058959961 18.975393295288086
v 20.363487243652344 19.59907341003418 18.926963806152344
v 20.301610946655273 19.66094970703125 18.885440826416016
v 20.237573623657227 19.724987030029297 18.85109519958496
v 20.17178726196289 19.790773391723633 18.824146270751953
v 20.10468292236328 19.857877731323242 18.804773330688477
v 20.036693572998047 19.925867080688477 18.79309844970703
v 20.04655647277832 19.937416076660156 21.190757751464844
v 20.124343872070312 19.88089942932129 21.1790828704834
v 20.201120376586914 19.825117111206055 21.159709930419922
v 20.276386260986328 19.77043342590332 21.132761001586914
v 20.349655151367188 19.717201232910156 21.09841537475586
v 20.420448303222656 19.6657657623291 21.05689239501953
v 20.488309860229492 19.61646270751953 21.00846290588379
v 20.552799224853516 19.569608688354492 20.953441619873047
v 20.613496780395508 19.525508880615234 20.89218521118164
v 20.670011520385742 19.48444938659668 20.825088500976562
v 20.721973419189453 19.44669532775879 20.752588272094727
v 20.769046783447266 19.412494659423828 20.675155639648438
v 20.810928344726562 19.38206672668457 20.593292236328125
v 20.84734344482422 19.355609893798828 20.507530212402344
v 20.8780574798584 19.333293914794922 20.41842269897461
v 20.90287208557129 19.315265655517578 20.326549530029297
v 20.9216251373291 19.3016414642334 20.232505798339844
v 20.934194564819336 19.292509078979492 20.13690185546875
v 20.940500259399414 19.287927627563477 20.04035758972168
v 20.940500259399414 19.287927627563477 19.943498611450195
v 20.934194564819336 19.292509078979492 19.846954345703125
v 20.9216251373291 19.3016414642334 19.75135040283203
v 20.90287208557129 19.315265655517578 19.657306671142578
v 20.8780574798584 19.333293914794922 19.565433502197266
v 20.84734344482422 19.355609893798828 19.47632598876953
v 20.810928344726562 19.38206672668457 19.39056396484375
v 20.769046783447266 19.412494659423828 19.308700561523438
v 20.721973419189453 19.44669532775879 19.23126792907715
v 20.670011520385742 19.48444938659668 19.158767700195312
v 20.613496780395508 19.525508880615234 19.091670989990234
v 20.552799224853516 19.569608688354492 19.030414581298828
v 20.488309860229492 19.61646270751953 18.975393295288086
v 20.420448303222656 19.6657657623291 18.926963806152344
v 20.349655151367188 19.717201232910156 18.885440826416016
v 20.276386260986328 19.77043342590332 18.85109519958496
v 20.201120376586914 19.825117111206055 18.824146270751953
v 20.124343872070312 19.88089942932129 18.804773330688477
v 20.04655647277832 19.937416076660156 18.79309844970703
v 20.05449104309082 19.950363159179688 21.190757751464844
v 20.14016342163086 19.90671157836914 21.1790828704834
v 20.224720001220703 19.863628387451172 21.159709930419922
v 20.307613372802734 19.821392059326172 21.132761001586914
v 20.388307571411133 19.780275344848633 21.09841537475586
v 20.466276168823242 19.740549087524414 21.05689239501953
v 20.541015625 19.70246696472168 21.00846290588379
v 20.61203956604004 19.666278839111328 20.953441619873047
v 20.67888832092285 19.632217407226562 20.89218521118164
v 20.74112892150879 19.60050392150879 20.825088500976562
v 20.798357009887695 19.57134437561035 20.752588272094727
v 20.850202560424805 19.54492950439453 20.675155639648438
v 20.89632797241211 19.521427154541016 20.593292236328125
v 20.936433792114258 19.500991821289062 20.507530212402344
v 20.970260620117188 19.483755111694336 20.41842269897461
v 20.997589111328125 19.469831466674805 20.326549530029297
v 21.01824378967285 19.459308624267578 20.232505798339844
v 21.032087326049805 19.452253341674805 20.13690185546875
v 21.039031982421875 19.448715209960938 20.04035758972168
v 21.039031982421875 19.448715209960938 19.943498611450195
v 21.032087326049805 19.452253341674805 19.846954345703125
v 21.01824378967285 19.459308624267578 19.75135040283203
v 20.997589111328125 19.469831466674805 19.657306671142578
v 20.970260620117188 19.483755111694336 19.565433502197266
v 20.936433792114258 19.500991821289062 19.47632598876953
v 20.89632797241211 19.521427154541016 19.39056396484375
v 20.850202560424805 19.54492950439453 19.308700561523438
v 20.798357009887695 19.57134437561035 19.23126792907715
v 20.74112892150879 19.60050392150879 19.158767700195312
v 20.67888832092285 19.632217407226562 19.091670989990234
v 20.61203956604004 19.666278839111328 19.030414581298828
v 20.541015625 19.70246696472168 18.975393295288086
v 20.466276168823242 19.740549087524414 18.926963806152344
v 20.388307571411133 19.780275344848633 18.885440826416016
v 20.307613372802734 19.821392059326172 18.85109519958496
v 20.224720001220703 19.863628387451172 18.824146270751953
v 20.14016342163086 19.90671157836914 18.804773330688477
v 20.05449104309082 19.950363159179688 18.79309844970703
v 20.060302734375 19.964393615722656 21.190757751464844
v 20.151748657226562 19.934680938720703 21.1790828704834
v 20.24200439453125 19.90535545349121 21.159709930419922
v 20.33048439025879 19.876605987548828 21.132761001586914
v 20.416616439819336 19.848621368408203 21.09841537475586
v 20.499839782714844 19.82158088684082 21.05689239501953
v 20.57961654663086 19.7956600189209 21.00846290588379
v 20.655427932739258 19.771026611328125 20.953441619873047
v 20.726781845092773 19.74784278869629 20.89218521118164
v 20.793216705322266 19.726255416870117 20.825088500976562
v 20.85430335998535 19.70640754699707 20.752588272094727
v 20.90964126586914 19.688426971435547 20.675155639648438
v 20.95887565612793 19.67243003845215 20.593292236328125
v 21.001684188842773 19.65852165222168 20.507530212402344
v 21.037792205810547 19.64678955078125 20.41842269897461
v 21.06696128845215 19.637310028076172 20.326549530029297
v 21.089006423950195 19.63014793395996 20.232505798339844
v 21.103784561157227 19.625347137451172 20.13690185546875
v 21.111196517944336 19.62293815612793 20.04035758972168
v 21.111196517944336 19.62293815612793 19.943498611450195
v 21.103784561157227 19.625347137451172 19.846954345703125
v 21.089006423950195 19.63014793395996 19.75135040283203
v 21.06696128845215 19.637310028076172 19.657306671142578
v 21.037792205810547 19.64678955078125 19.565433502197266
v 21.001684188842773 19.65852165222168 19.47632598876953
v 20.95887565612793 19.67243003845215 19.39056396484375
v 20.90964126586914 19.688426971435547 19.308700561523438
v 20.85430335998535 19.70640754699707 19.23126792907715
v 20.793216705322266 19.726255416870117 19.158767700195312
v 20.726781845092773 19.74784278869629 19.091670989990234
v 20.655427932739258 19.771026611328125 19.030414581298828
v 20.57961654663086 19.7956600189209 18.975393295288086
v 20.499839782714844 19.82158088684082 18.926963806152344
v 20.416616439819336 19.848621368408203 18.885440826416016
v 20.33048439025879 19.876605987548828 18.85109519958496
v 20.24200439453125 19.90535545349121 18.824146270751953
v 20.151748657226562 19.934680938720703 18.804773330688477
v 20.060302734375 19.964393615722656 18.79309844970703
v 20.0638484954834 19.97916030883789 21.190757751464844
v 20.158815383911133 19.96411895751953 21.1790828704834
v 20.252548217773438 19.94927406311035 21.159709930419922
v 20.344436645507812 19.934720993041992 21.132761001586914
v 20.43388557434082 19.92055320739746 21.09841537475586
v 20.520315170288086 19.906864166259766 21.05689239501953
v 20.603164672851562 19.893741607666016 21.00846290588379
v 20.681894302368164 19.881271362304688 20.953441619873047
v 20.755998611450195 19.869535446166992 20.89218521118164
v 20.824993133544922 19.85860824584961 20.825088500976562
v 20.888429641723633 19.848560333251953 20.752588272094727
v 20.945899963378906 19.839458465576172 20.675155639648438
v 20.99703025817871 19.83135986328125 20.593292236328125
v 21.041488647460938 19.824317932128906 20.507530212402344
v 21.07898712158203 19.818378448486328 20.41842269897461
v 21.109281539916992 19.813581466674805 20.326549530029297
v 21.13217544555664 19.809955596923828 20.232505798339844
v 21.147520065307617 19.807523727416992 20.13690185546875
v 21.15521812438965 19.806304931640625 20.04035758972168
v 21.15521812438965 19.806304931640625 19.943498611450195
v 21.147520065307617 19.807523727416992 19.846954345703125
v 21.13217544555664 19.809955596923828 19.75135040283203
v 21.109281539916992 19.813581466674805 19.657306671142578
v 21.07898712158203 19.818378448486328 19.565433502197266
v 21.041488647460938 19.824317932128906 19.47632598876953
v 20.99703025817871 19.83135986328125 19.39056396484375
v 20.945899963378906 19.839458465576172 19.308700561523438
v 20.888429641723633 19.848560333251953 19.23126792907715
v 20.824993133544922 19.85860824584961 19.158767700195312
v 20.755998611450195 19.869535446166992 19.091670989990234
v 20.681894302368164 19.881271362304688 19.030414581298828
v 20.603164672851562 19.893741607666016 18.975393295288086
v 20.520315170288086 19.906864166259766 18.926963806152344
v 20.43388557434082 19.92055320739746 18.885440826416016
v 20.344436645507812 19.934720993041992 18.85109519958496
v 20.252548217773438 19.94927406311035 18.824146270751953
v 20.158815383911133 19.96411895751953 18.804773330688477
v 20.0638484954834 19.97916030883789 18.79309844970703
f 1 2 3
f 1 4 2
f 1 3 4
f 2 4 3
f 5 6 7
f 5 8 6
f 5 7 8
f 6 8 7
f 9 10 11
f 9 12 10
f 9 11 12
f 10 12 11
f 13 14 15
f 13 16 14
f 13 15 16
f 14 16 15
f 17 18 19
f 17 20 18
f 17 19 20
f 18 20 19
f 21 22 23
f 21 24 22
f 21 23 24
f 22 24 23
f 25 26 27
f 25 28 26
f 25 27 28
f 26 28 27
f 29 30 31
f 29 32 30
f 29 31 32
f 30 32 31
f 33 34 35
f 33 36 34
f 33 35 36
f 34 36 35
f 37 38 39
f 37 40 38
f 37 39 40
f 38 40 39
f 41 42 43
f 41 44 42
f 41 43 44
f 42 44 43
f 45 46 47
f 45 48 46
f 45 47 48
f 46 48 47
f 49 50 51
f 49 52 50
f 49 51 52
f 50 52 51
f 53 54 55
f 53 56 54
f 53 55 56
f 54 56 55
f 57 58 59
f 57 60 58
f 57 59 60
f 58 60 59
f 61 62 63
f 61 64 62
f 61 63 64
f 62 64 63
f 65 66 67
f 65 68 66
f 65 67 68
f 66 68 67
f 69 70 71
f 69 72 70
f 69 71 72
f 70 72 71
f 73 74 75
f 73 76 74
f 73 75 76
f 74 76 75
f 77 78 79
f 77 80 78
f 77 79 80
f 78 80 79
f 81 82 83
f 81 84 82
f 81 83 84
f 82 84 83
f 85 86 87
f 85 88 86
f 85 87 88
f 86 88 87
f 89 90 91
f 89 92 90
f 89 91 92
f 90 92 91
f 93 94 95
f 93 96 94
f 93 95 96
f 94 96 95
f 97 98 99
f 97 100 98
f 97 99 100
f 98 100 99
f 101 102 103
f 101 104 102
f 101 103 104
f 102 104 103
f 105 106 107
f 105 108 106
f 105 107 108
f 106 108 107
f 109 110 111
f 109 112 110
f 109 111 112
f 110 112 111
f 113 114 115
f 113 116 114
f 113 115 116
f 114 116 115
f 117 118 119
f 117 120 118
f 117 119 120
f 118 120 119
f 123 161 121
f 161 199 121
f 199 237 121
f 237 275 121
f 275 313 121
f 313 351 121
f 351 389 121
f 389 427 121
f 427 465 121
f 465 503 121
f 503 541 121
f 541 579 121
f 579 617 121
f 617 655 121
f 655 693 121
f 693 731 121
f 731 769 121
f 769 807 121
f 807 845 121
f 845 883 121
f 883 921 121
f 921 959 121
f 959 997 121
f 997 1035 121
f 1035 1073 121
f 1073 1111 121
f 1111 1149 121
f 1149 1187 121
f 1187 1225 121
f 1225 1263 121
f 1263 1301 121
f 1301 1339 121
f 1339 1377 121
f 1377 1415 121
f 1415 1453 121
f 1453 1491 121
f 1491 1529 121
f 1529 1567 121
f 1567 1605 121
f 1605 123 121
f 160 122 198
f 198 122 236
f 236 122 274
f 274 122 312
f 312 122 350
f 350 122 388
f 388 122 426
f 426 122 464
f 464 122 502
f 502 122 540
f 540 122 578
f 578 122 616
f 616 122 654
f 654 122 692
f 692 122 730
f 730 122 768
f 768 122 806
f 806 122 844
f 844 122 882
f 882 122 920
f 920 122 958
f 958 122 996
f 996 122 1034
f 1034 122 1072
f 1072 122 1110
f 1110 122 1148
f 1148 122 1186
f 1186 122 1224
f 1224 122 1262
f 1262 122 1300
f 1300 122 1338
f 1338 122 1376
f 1376 122 1414
f 1414 122 1452
f 1452 122 1490
f 1490 122 1528
f 1528 122 1566
f 1566 122 1604
f 1604 122 1642
f 1642 122 160
f 123 124 162
f 123 162 161
f 124 125 163
f 124 163 162
f 125 126 164
f 125 164 163
f 126 127 165
f 126 165 164
f 127 128 166
f 127 166 165
f 128 129 167
f 128 167 166
f 129 130 168
f 129 168 167
f 130 131 169
f 130 169 168
f 131 132 170
f 131 170 169
f 132 133 171
f 132 171 170
f 133 134 172
f 133 172 171
f 134 135 173
f 134 173 172
f 135 136 174
f 135 174 173
f 136 137 175
f 136 175 174
f 137 138 176
f 137 176 175
f 138 139 177
f 138 177 176
f 139 140 178
f 139 178 177
f 140 141 179
f 140 179 178
f 141 142 180
f 141 180 179
f 142 143 181
f 142 181 180
f 143 144 182
f 143 182 181
f 144 145 183
f 144 183 182
f 145 146 184
f 145 184 183
f 146 147 185
f 146 185 184
f 147 148 186
f 147 186 185
f 148 149 187
f 148 187 186
f 149 150 188
f 149 188 187
f 150 151 189
f 150 189 188
f 151 152 190
f 151 190 189
f 152 153 191
f 152 191 190
f 153 154 192
f 153 192 191
f 154 155 193
f 154 193 192
f 155 156 194
f 155 194 193
f 156 157 195
f 156 195 194
f 157 158 196
f 157 196 195
f 158 159 197
f 158 197 196
f 159 160 198
f 159 198 197
f 161 162 200
f 161 200 199
f 162 163 201
f 162 201 200
f 163 164 202
f 163 202 201
f 164 165 203
f 164 203 202
f 165 166 204
f 165 204 203
f 166 167 205
f 166 205 204
f 167 168 206
f 167 206 205
f 168 169 207
f 168 207 206
f 169 170 208
f 169 208 207
f 170 171 209
f 170 209 208
f 171 172 210
f 171 210 209
f 172 173 211
f 172 211 210
f 173 174 212
f 173 212 211
f 174 175 213
f 174 213 212
f 175 176 214
f 175 214 213
f 176 177 215
f 176 215 214
f 177 178 216
f 177 216 215
f 178 179 217
f 178 217 216
f 179 180 218
f 179 218 217
f 180 181 219
f 180 219 218
f 181 182 220
f 181 220 219
f 182 183 221
f 182 221 220
f 183 184 222
f 183 222 221
f 184 185 223
f 184 223 222
f 185 186 224
f 185 224 223
f 186 187 225
f 186 225 224
f 187 188 226
f 187 226 225
f 188 189 227
f 188 227 226
f 189 190 228
f 189 228 227
f 190 191 229
f 190 229 228
f 191 192 230
f 191 230 229
f 192 193 231
f 192 231 230
f 193 194 232
f 193 232 231
f 194 195 233
f 194 233 232
f 195 196 234
f 195 234 233
f 196 197 235
f 196 235 234
f 197 198 236
f 197 236 235
f 199 200 238
f 199 238 237
f 200 201 239
f 200 239 238
f 201 202 240
f 201 240 239
f 202 203 241
f 202 241 240
f 203 204 242
f 203 242 241
f 204 205 243
f 204 243 242
f 205 206 244
f 205 244 243
f 206 207 245
f 206 245 244
f 207 208 246
f 207 246 245
f 208 209 247
f 208 247 246
f 209 210 248
f 209 248 247
f 210 211 249
f 210 249 248
f 211 212 250
f 211 250 249
f 212 213 251
f 212 251 250
f 213 214 252
f 213 252 251
f 214 215 253
f 214 253 252
f 215 216 254
f 215 254 253
f 216 217 255
f 216 255 254
f 217 218 256
f 217 256 255
f 218 219 257
f 218 257 256
f 219 220 258
f 219 258 257
f 220 221 259
f 220 259 258
f 221 222 260
f 221 260 259
f 222 223 261
f 222 261 260
f 223 224 262
f 223 262 261
f 224 225 263
f 224 263 262
f 225 226 264
f 225 264 263
f 226 227 265
f 226 265 264
f 227 228 266
f 227 266 265
f 228 229 267
f 228 267 266
f 229 230 268
f 229 268 267
f 230 231 269
f 230 269 268
f 231 232 270
f 231 270 269
f 232 233 271
f 232 271 270
f 233 234 272
f 233 272 271
f 234 235 273
f 234 273 272
f 235 236 274
f 235 274 273
f 237 238 276
f 237 276 275
f 238 239 277
f 238 277 276
f 239 240 278
f 239 278 277
f 240 241 279
f 240 279 278
f 241 242 280
f 241 280 279
f 242 243 281
f 242 281 280
f 243 244 282
f 243 282 281
f 244 245 283
f 244 283 282
f 245 246 284
f 245 284 283
f 246 247 285
f 246 285 284
f 247 248 286
f 247 286 285
f 248 249 287
f 248 287 286
f 249 250 288
f 249 288 287
f 250 251 289
f 250 289 288
f 251 252 290
f 251 290 289
f 252 253 291
f 252 291 290
f 253 254 292
f 253 292 291
f 254 255 293
f 254 293 292
f 255 256 294
f 255 294 293
f 256 257 295
f 256 295 294
f 257 258 296
f 257 296 295
f 258 259 297
f 258 297 296
f 259 260 298
f 259 298 297
f 260 261 299
f 260 299 298
f 261 262 300
f 261 300 299
f 262 263 301
f 262 301 300
f 263 264 302
f 263 302 301
f 264 265 303
f 264 303 302
f 265 266 304
f 265 304 303
f 266 267 305
f 266 305 304
f 267 268 306
f 267 306 305
f 268 269 307
f 268 307 306
f 269 270 308
f 269 308 307
f 270 271 309
f 270 309 308
f 271 272 310
f 271 310 309
f 272 273 311
f 272 311 310
f 273 274 312
f 273 312 311
f 275 276 314
f 275 314 313
f 276 277 315
f 276 315 314
f 277 278 316
f 277 316 315
f 278 279 317
f 278 317 316
f 279 280 318
f 279 318 317
f 280 281 319
f 280 319 318
f 281 282 320
f 281 320 319
f 282 283 321
f 282 321 320
f 283 284 322
f 283 322 321
f 284 285 323
f 284 323 322
f 285 286 324
f 285 324 323
f 286 287 325
f 286 325 324
f 287 288 326
f 287 326 325
f 288 289 327
f 288 327 326
f 289 290 328
f 289 328 327
f 290 291 329
f 290 329 328
f 291 292 330
f 291 330 329
f 292 293 331
f 292 331 330
f 293 294 332
f 293 332 331
f 294 295 333
f 294 333 332
f 295 296 334
f 295 334 333
f 296 297 335
f 296 335 334
f 297 298 336
f 297 336 335
f 298 299 337
f 298 337 336
f 299 300 338
f 299 338 337
f 300 301 339
f 300 339 338
f 301 302 340
f 301 340 339
f 302 303 341
f 302 341 340
f 303 304 342
f 303 342 341
f 304 305 343
f 304 343 342
f 305 306 344
f 305 344 343
f 306 307 345
f 306 345 344
f 307 308 346
f 307 346 345
f 308 309 347
f 308 347 346
f 309 310 348
f 309 348 347
f 310 311 349
f 310 349 348
f 311 312 350
f 311 350 349
f 313 314 352
f 313 352 351
f 314 315 353
f 314 353 352
f 315 316 354
f 315 354 353
f 316 317 355
f 316 355 354
f 317 318 356
f 317 356 355
f 318 319 357
f 318 357 356
f 319 320 358
f 319 358 357
f 320 321 359
f 320 359 358
f 321 322 360
f 321 360 359
f 322 323 361
f 322 361 360
f 323 324 362
f 323 362 361
f 324 325 363
f 324 363 362
f 325 326 364
f 325 364 363
f 326 327 365
f 326 365 364
f 327 328 366
f 327 366 365
f 328 329 367
f 328 367 366
f 329 330 368
f 329 368 367
f 330 331 369
f 330 369 368
f 331 332 370
f 331 370 369
f 332 333 371
f 332 371 370
f 333 334 372
f 333 372 371
f 334 335 373
f 334 373 372
f 335 336 374
f 335 374 373
f 336 337 375
f 336 375 374
f 337 338 376
f 337 376 375
f 338 339 377
f 338 377 376
f 339 340 378
f 339 378 377
f 340 341 379
f 340 379 378
f 341 342 380
f 341 380 379
f 342 343 381
f 342 381 380
f 343 344 382
f 343 382 381
f 344 345 383
f 344 383 382
f 345 346 384
f 345 384 383
f 346 347 385
f 346 385 384
f 347 348 386
f 347 386 385
f 348 349 387
f 348 387 386
f 349 350 388
f 349 388 387
f 351 352 390
f 351 390 389
f 352 353 391
f 352 391 390
f 353 354 392
f 353 392 391
f 354 355 393
f 354 393 392
f 355 356 394
f 355 394 393
f 356 357 395
f 356 395 394
f 357 358 396
f 357 396 395
f 358 359 397
f 358 397 396
f 359 360 398
f 359 398 397
f 360 361 399
f 360 399 398
f 361 362 400
f 361 400 399
f 362 363 401
f 362 401 400
f 363 364 402
f 363 402 401
f 364 365 403
f 364 403 402
f 365 366 404
f 365 404 403
f 366 367 405
f 366 405 404
f 367 368 406
f 367 406 405
f 368 369 407
f 368 407 406
f 369 370 408
f 369 408 407
f 370 371 409
f 370 409 408
f 371 372 410
f 371 410 409
f 372 373 411
f 372 411 410
f 373 374 412
f 373 412 411
f 374 375 413
f 374 413 412
f 375 376 414
f 375 414 413
f 376 377 415
f 376 415 414
f 377 378 416
f 377 416 415
f 378 379 417
f 378 417 416
f 379 380 418
f 379 418 417
f 380 381 419
f 380 419 418
f 381 382 420
f 381 420 419
f 382 383 421
f 382 421 420
f 383 384 422
f 383 422 421
f 384 385 423
f 384 423 422
f 385 386 424
f 385 424 423
f 386 387 425
f 386 425 424
f 387 388 426
f 387 426 425
f 389 390 428
f 389 428 427
f 390 391 429
f 390 429 428
f 391 392 430
f 391 430 429
f 392 393 431
f 392 431 430
f 393 394 432
f 393 432 431
f 394 395 433
f 394 433 432
f 395 396 434
f 395 434 433
f 396 397 435
f 396 435 434
f 397 398 436
f 397 436 435
f 398 399 437
f 398 437 436
f 399 400 438
f 399 438 437
f 400 401 439
f 400 439 438
f 401 402 440
f 401 440 439
f 402 403 441
f 402 441 440
f 403 404 442
f 403 442 441
f 404 405 443
f 404 443 442
f 405 406 444
f 405 444 443
f 406 407 445
f 406 445 444
f 407 408 446
f 407 446 445
f 408 409 447
f 408 447 446
f 409 410 448
f 409 448 447
f 410 411 449
f 410 449 448
f 411 412 450
f 411 450 449
f 412 413 451
f 412 451 450
f 413 414 452
f 413 452 451
f 414 415 453
f 414 453 452
f 415 416 454
f 415 454 453
f 416 417 455
f 416 455 454
f 417 418 456
f 417 456 455
f 418 419 457
f 418 457 456
f 419 420 458
f 419 458 457
f 420 421 459
f 420 459 458
f 421 422 460
f 421 460 459
f 422 423 461
f 422 461 460
f 423 424 462
f 423 462 461
f 424 425 463
f 424 463 462
f 425 426 464
f 425 464 463
f 427 428 466
f 427 466 465
f 428 429 467
f 428 467 466
f 429 430 468
f 429 468 467
f 430 431 469
f 430 469 468
f 431 432 470
f 431 470 469
f 432 433 471
f 432 471 470
f 433 434 472
f 433 472 471
f 434 435 473
f 434 473 472
f 435 436 474
f 435 474 473
f 436 437 475
f 436 475 474
f 437 438 476
f 437 476 475
f 438 439 477
f 438 477 476
f 439 440 478
f 439 478 477
f 440 441 479
f 440 479 478
f 441 442 480
f 441 480 479
f 442 443 481
f 442 481 480
f 443 444 482
f 443 482 481
f 444 445 483
f 444 483 482
f 445 446 484
f 445 484 483
f 446 447 485
f 446 485 484
f 447 448 486
f 447 486 485
f 448 449 487
f 448 487 486
f 449 450 488
f 449 488 487
f 450 451 489
f 450 489 488
f 451 452 490
f 451 490 489
f 452 453 491
f 452 491 490
f 453 454 492
f 453 492 491
f 454 455 493
f 454 493 492
f 455 456 494
f 455 494 493
f 456 457 495
f 456 495 494
f 457 458 496
f 457 496 495
f 458 459 497
f 458 497 496
f 459 460 498
f 459 498 497
f 460 461 499
f 460 499 498
f 461 462 500
f 461 500 499
f 462 463 501
f 462 501 500
f 463 464 502
f 463 502 501
f 465 466 504
f 465 504 503
f 466 467 505
f 466 505 504
f 467 468 506
f 467 506 505
f 468 469 507
f 468 507 506
f 469 470 508
f 469 508 507
f 470 471 509
f 470 509 508
f 471 472 510
f 471 510 509
f 472 473 511
f 472 511 510
f 473 474 512
f 473 512 511
f 474 475 513
f 474 513 512
f 475 476 514
f 475 514 513
f 476 477 515
f 476 515 514
f 477 478 516
f 477 516 515
f 478 479 517
f 478 517 516
f 479 480 518
f 479 518 517
f 480 481 519
f 480 519 518
f 481 482 520
f 481 520 519
f 482 483 521
f 482 521 520
f 483 484 522
f 483 522 521
f 484 485 523
f 484 523 522
f 485 486 524
f 485 524 523
f 486 487 525
f 486 525 524
f 487 488 526
f 487 526 525
f 488 489 527
f 488 527 526
f 489 490 528
f 489 528 527
f 490 491 529
f 490 529 528
f 491 492 530
f 491 530 529
f 492 493 531
f 492 531 530
f 493 494 532
f 493 532 531
f 494 495 533
f 494 533 532
f 495 496 534
f 495 534 533
f 496 497 535
f 496 535 534
f 497 498 536
f 497 536 535
f 498 499 537
f 498 537 536
f 499 500 538
f 499 538 537
f 500 501 539
f 500 539 538
f 501 502 540
f 501 540 539
f 503 504 542
f 503 542 541
f 504 505 543
f 504 543 542
f 505 506 544
f 505 544 543
f 506 507 545
f 506 545 544
f 507 508 546
f 507 546 545
f 508 509 547
f 508 547 546
f 509 510 548
f 509 548 547
f 510 511 549
f 510 549 548
f 511 512 550
f 511 550 549
f 512 513 551
f 512 551 550
f 513 514 552
f 513 552 551
f 514 515 553
f 514 553 552
f 515 516 554
f 515 554 553
f 516 517 555
f 516 555 554
f 517 518 556
f 517 556 555
f 518 519 557
f 518 557 556
f 519 520 558
f 519 558 557
f 520 521 559
f 520 559 558
f 521 522 560
f 521 560 559
f 522 523 561
f 522 561 560
f 523 524 562
f 523 562 561
f 524 525 563
f 524 563 562
f 525 526 564
f 525 564 563
f 526 527 565
f 526 565 564
f 527 528 566
f 527 566 565
f 528 529 567
f 528 567 566
f 529 530 568
f 529 568 567
f 530 531 569
f 530 569 568
f 531 532 570
f 531 570 569
f 532 533 571
f 532 571 570
f 533 534 572
f 533 572 571
f 534 535 573
f 534 573 572
f 535 536 574
f 535 574 573
f 536 537 575
f 536 575 574
f 537 538 576
f 537 576 575
f 538 539 577
f 538 577 576
f 539 540 578
f 539 578 577
f 541 542 580
f 541 580 579
f 542 543 581
f 542 581 580
f 543 544 582
f 543 582 581
f 544 545 583
f 544 583 582
f 545 546 584
f 545 584 583
f 546 547 585
f 546 585 584
f 547 548 586
f 547 586 585
f 548 549 587
f 548 587 586
f 549 550 588
f 549 588 587
f 550 551 589
f 550 589 588
f 551 552 590
f 551 590 589
f 552 553 591
f 552 591 590
f 553 554 592
f 553 592 591
f 554 555 593
f 554 593 592
f 555 556 594
f 555 594 593
f 556 557 595
f 556 595 594
f 557 558 596
f 557 596 595
f 558 559 597
f 558 597 596
f 559 560 598
f 559 598 597
f 560 561 599
f 560 599 598
f 561 562 600
f 561 600 599
f 562 563 601
f 562 601 600
f 563 564 602
f 563 602 601
f 564 565 603
f 564 603 602
f 565 566 604
f 565 604 603
f 566 567 605
f 566 605 604
f 567 568 606
f 567 606 605
f 568 569 607
f 568 607 606
f 569 570 608
f 569 608 607
f 570 571 609
f 570 609 608
f 571 572 610
f 571 610 609
f 572 573 611
f 572 611 610
f 573 574 612
f 573 612 611
f 574 575 613
f 574 613 612
f 575 576 614
f 575 614 613
f 576 577 615
f 576 615 614
f 577 578 616
f 577 616 615
f 579 580 618
f 579 618 617
f 580 581 619
f 580 619 618
f 581 582 620
f 581 620 619
f 582 583 621
f 582 621 620
f 583 584 622
f 583 622 621
f 584 585 623
f 584 623 622
f 585 586 624
f 585 624 623
f 586 587 625
f 586 625 624
f 587 588 626
f 587 626 625
f 588 589 627
f 588 627 626
f 589 590 628
f 589 628 627
f 590 591 629
f 590 629 628
f 591 592 630
f 591 630 629
f 592 593 631
f 592 631 630
f 593 594 632
f 593 632 631
f 594 595 633
f 594 633 632
f 595 596 634
f 595 634 633
f 596 597 635
f 596 635 634
f 597 598 636
f 597 636 635
f 598 599 637
f 598 637 636
f 599 600 638
f 599 638 637
f 600 601 639
f 600 639 638
f 601 602 640
f 601 640 639
f 602 603 641
f 602 641 640
f 603 604 642
f 603 642 641
f 604 605 643
f 604 643 642
f 605 606 644
f 605 644 643
f 606 607 645
f 606 645 644
f 607 608 646
f 607 646 645
f 608 609 647
f 608 647 646
f 609 610 648
f 609 648 647
f 610 611 649
f 610 649 648
f 611 612 650
f 611 650 649
f 612 613 651
f 612 651 650
f 613 614 652
f 613 652 651
f 614 615 653
f 614 653 652
f 615 616 654
f 615 654 653
f 617 618 656
f 617 656 655
f 618 619 657
f 618 657 656
f 619 620 658
f 619 658 657
f 620 621 659
f 620 659 658
f 621 622 660
f 621 660 659
f 622 623 661
f 622 661 660
f 623 624 662
f 623 662 661
f 624 625 663
f 624 663 662
f 625 626 664
f 625 664 663
f 626 627 665
f 626 665 664
f 627 628 666
f 627 666 665
f 628 629 667
f 628 667 666
f 629 630 668
f 629 668 667
f 630 631 669
f 630 669 668
f 631 632 670
f 631 670 669
f 632 633 671
f 632 671 670
f 633 634 672
f 633 672 671
f 634 635 673
f 634 673 672
f 635 636 674
f 635 674 673
f 636 637 675
f 636 675 674
f 637 638 676
f 637 676 675
f 638 639 677
f 638 677 676
f 639 640 678
f 639 678 677
f 640 641 679
f 640 679 678
f 641 642 680
f 641 680 679
f 642 643 681
f 642 681 680
f 643 644 682
f 643 682 681
f 644 645 683
f 644 683 682
f 645 646 684
f 645 684 683
f 646 647 685
f 646 685 684
f 647 648 686
f 647 686 685
f 648 649 687
f 648 687 686
f 649 650 688
f 649 688 687
f 650 651 689
f 650 689 688
f 651 652 690
f 651 690 689
f 652 653 691
f 652 691 690
f 653 654 692
f 653 692 691
f 655 656 694
f 655 694 693
f 656 657 695
f 656 695 694
f 657 658 696
f 657 696 695
f 658 659 697
f 658 697 696
f 659 660 698
f 659 698 697
f 660 661 699
f 660 699 698
f 661 662 700
f 661 700 699
f 662 663 701
f 662 701 700
f 663 664 702
f 663 702 701
f 664 665 703
f 664 703 702
f 665 666 704
f 665 704 703
f 666 667 705
f 666 705 704
f 667 668 706
f 667 706 705
f 668 669 707
f 668 707 706
f 669 670 708
f 669 708 707
f 670 671 709
f 670 709 708
f 671 672 710
f 671 710 709
f 672 673 711
f 672 711 710
f 673 674 712
f 673 712 711
f 674 675 713
f 674 713 712
f 675 676 714
f 675 714 713
f 676 677 715
f 676 715 714
f 677 678 716
f 677 716 715
f 678 679 717
f 678 717 716
f 679 680 718
f 679 718 717
f 680 681 719
f 680 719 718
f 681 682 720
f 681 720 719
f 682 683 721
f 682 721 720
f 683 684 722
f 683 722 721
f 684 685 723
f 684 723 722
f 685 686 724
f 685 724 723
f 686 687 725
f 686 725 724
f 687 688 726
f 687 726 725
f 688 689 727
f 688 727 726
f 689 690 728
f 689 728 727
f 690 691 729
f 690 729 728
f 691 692 730
f 691 730 729
f 693 694 732
f 693 732 731
f 694 695 733
f 694 733 732
f 695 696 734
f 695 734 733
f 696 697 735
f 696 735 734
f 697 698 736
f 697 736 735
f 698 699 737
f 698 737 736
f 699 700 738
f 699 738 737
f 700 701 739
f 700 739 738
f 701 702 740
f 701 740 739
f 702 703 741
f 702 741 740
f 703 704 742
f 703 742 741
f 704 705 743
f 704 743 742
f 705 706 744
f 705 744 743
f 706 707 745
f 706 745 744
f 707 708 746
f 707 746 745
f 708 709 747
f 708 747 746
f 709 710 748
f 709 748 747
f 710 711 749
f 710 749 748
f 711 712 750
f 711 750 749
f 712 713 751
f 712 751 750
f 713 714 752
f 713 752 751
f 714 715 753
f 714 753 752
f 715 716 754
f 715 754 753
f 716 717 755
f 716 755 754
f 717 718 756
f 717 756 755
f 718 719 757
f 718 757 756
f 719 720 758
f 719 758 757
f 720 721 759
f 720 759 758
f 721 722 760
f 721 760 759
f 722 723 761
f 722 761 760
f 723 724 762
f 723 762 761
f 724 725 763
f 724 763 762
f 725 726 764
f 725 764 763
f 726 727 765
f 726 765 764
f 727 728 766
f 727 766 765
f 728 729 767
f 728 767 766
f 729 730 768
f 729 768 767
f 731 732 770
f 731 770 769
f 732 733 771
f 732 771 770
f 733 734 772
f 733 772 771
f 734 735 773
f 734 773 772
f 735 736 774
f 735 774 773
f 736 737 775
f 736 775 774
f 737 738 776
f 737 776 775
f 738 739 777
f 738 777 776
f 739 740 778
f 739 778 777
f 740 741 779
f 740 779 778
f 741 742 780
f 741 780 779
f 742 743 781
f 742 781 780
f 743 744 782
f 743 782 781
f 744 745 783
f 744 783 782
f 745 746 784
f 745 784 783
f 746 747 785
f 746 785 784
f 747 748 786
f 747 786 785
f 748 749 787
f 748 787 786
f 749 750 788
f 749 788 787
f 750 751 789
f 750 789 788
f 751 752 790
f 751 790 789
f 752 753 791
f 752 791 790
f 753 754 792
f 753 792 791
f 754 755 793
f 754 793 792
f 755 756 794
f 755 794 793
f 756 757 795
f 756 795 794
f 757 758 796
f 757 796 795
f 758 759 797
f 758 797 796
f 759 760 798
f 759 798 797
f 760 761 799
f 760 799 798
f 761 762 800
f 761 800 799
f 762 763 801
f 762 801 800
f 763 764 802
f 763 802 801
f 764 765 803
f 764 803 802
f 765 766 804
f 765 804 803
f 766 767 805
f 766 805 804
f 767 768 806
f 767 806 805
f 769 770 808
f 769 808 807
f 770 771 809
f 770 809 808
f 771 772 810
f 771 810 809
f 772 773 811
f 772 811 810
f 773 774 812
f 773 812 811
f 774 775 813
f 774 813 812
f 775 776 814
f 775 814 813
f 776 777 815
f 776 815 814
f 777 778 816
f 777 816 815
f 778 779 817
f 778 817 816
f 779 780 818
f 779 818 817
f 780 781 819
f 780 819 818
f 781 782 820
f 781 820 819
f 782 783 821
f 782 821 820
f 783 784 822
f 783 822 821
f 784 785 823
f 784 823 822
f 785 786 824
f 785 824 823
f 786 787 825
f 786 825 824
f 787 788 826
f 787 826 825
f 788 789 827
f 788 827 826
f 789 790 828
f 789 828 827
f 790 791 829
f 790 829 828
f 791 792 830
f 791 830 829
f 792 793 831
f 792 831 830
f 793 794 832
f 793 832 831
f 794 795 833
f 794 833 832
f 795 796 834
f 795 834 833
f 796 797 835
f 796 835 834
f 797 798 836
f 797 836 835
f 798 799 837
f 798 837 836
f 799 800 838
f 799 838 837
f 800 801 839
f 800 839 838
f 801 802 840
f 801 840 839
f 802 803 841
f 802 841 840
f 803 804 842
f 803 842 841
f 804 805 843
f 804 843 842
f 805 806 844
f 805 844 843
f 807 808 846
f 807 846 845
f 808 809 847
f 808 847 846
f 809 810 848
f 809 848 847
f 810 811 849
f 810 849 848
f 811 812 850
f 811 850 849
f 812 813 851
f 812 851 850
f 813 814 852
f 813 852 851
f 814 815 853
f 814 853 852
f 815 816 854
f 815 854 853
f 816 817 855
f 816 855 854
f 817 818 856
f 817 856 855
f 818 819 857
f 818 857 856
f 819 820 858
f 819 858 857
f 820 821 859
f 820 859 858
f 821 822 860
f 821 860 859
f 822 823 861
f 822 861 860
f 823 824 862
f 823 862 861
f 824 825 863
f 824 863 862
f 825 826 864
f 825 864 863
f 826 827 865
f 826 865 864
f 827 828 866
f 827 866 865
f 828 829 867
f 828 867 866
f 829 830 868
f 829 868 867
f 830 831 869
f 830 869 868
f 831 832 870
f 831 870 869
f 832 833 871
f 832 871 870
f 833 834 872
f 833 872 871
f 834 835 873
f 834 873 872
f 835 836 874
f 835 874 873
f 836 837 875
f 836 875 874
f 837 838 876
f 837 876 875
f 838 839 877
f 838 877 876
f 839 840 878
f 839 878 877
f 840 841 879
f 840 879 878
f 841 842 880
f 841 880 879
f 842 843 881
f 842 881 880
f 843 844 882
f 843 882 881
f 845 846 884
f 845 884 883
f 846 847 885
f 846 885 884
f 847 848 886
f 847 886 885
f 848 849 887
f 848 887 886
f 849 850 888
f 849 888 887
f 850 851 889
f 850 889 888
f 851 852 890
f 851 890 889
f 852 853 891
f 852 891 890
f 853 854 892
f 853 892 891
f 854 855 893
f 854 893 892
f 855 856 894
f 855 894 893
f 856 857 895
f 856 895 894
f 857 858 896
f 857 896 895
f 858 859 897
f 858 897 896
f 859 860 898
f 859 898 897
f 860 861 899
f 860 899 898
f 861 862 900
f 861 900 899
f 862 863 901
f 862 901 900
f 863 864 902
f 863 902 901
f 864 865 903
f 864 903 902
f 865 866 904
f 865 904 903
f 866 867 905
f 866 905 904
f 867 868 906
f 867 906 905
f 868 869 907
f 868 907 906
f 869 870 908
f 869 908 907
f 870 871 909
f 870 909 908
f 871 872 910
f 871 910 909
f 872 873 911
f 872 911 910
f 873 874 912
f 873 912 911
f 874 875 913
f 874 913 912
f 875 876 914
f 875 914 913
f 876 877 915
f 876 915 914
f 877 878 916
f 877 916 915
f 878 879 917
f 878 917 916
f 879 880 918
f 879 918 917
f 880 881 919
f 880 919 918
f 881 882 920
f 881 920 919
f 883 884 922
f 883 922 921
f 884 885 923
f 884 923 922
f 885 886 924
f 885 924 923
f 886 887 925
f 886 925 924
f 887 888 926
f 887 926 925
f 888 889 927
f 888 927 926
f 889 890 928
f 889 928 927
f 890 891 929
f 890 929 928
f 891 892 930
f 891 930 929
f 892 893 931
f 892 931 930
f 893 894 932
f 893 932 931
f 894 895 933
f 894 933 932
f 895 896 934
f 895 934 933
f 896 897 935
f 896 935 934
f 897 898 936
f 897 936 935
f 898 899 937
f 898 937 936
f 899 900 938
f 899 938 937
f 900 901 939
f 900 939 938
f 901 902 940
f 901 940 939
f 902 903 941
f 902 941 940
f 903 904 942
f 903 942 941
f 904 905 943
f 904 943 942
f 905 906 944
f 905 944 943
f 906 907 945
f 906 945 944
f 907 908 946
f 907 946 945
f 908 909 947
f 908 947 946
f 909 910 948
f 909 948 947
f 910 911 949
f 910 949 948
f 911 912 950
f 911 950 949
f 912 913 951
f 912 951 950
f 913 914 952
f 913 952 951
f 914 915 953
f 914 953 952
f 915 916 954
f 915 954 953
f 916 917 955
f 916 955 954
f 917 918 956
f 917 956 955
f 918 919 957
f 918 957 956
f 919 920 958
f 919 958 957
f 921 922 960
f 921 960 959
f 922 923 961
f 922 961 960
f 923 924 962
f 923 962 961
f 924 925 963
f 924 963 962
f 925 926 964
f 925 964 963
f 926 927 965
f 926 965 964
f 927 928 966
f 927 966 965
f 928 929 967
f 928 967 966
f 929 930 968
f 929 968 967
f 930 931 969
f 930 969 968
f 931 932 970
f 931 970 969
f 932 933 971
f 932 971 970
f 933 934 972
f 933 972 971
f 934 935 973
f 934 973 972
f 935 936 974
f 935 974 973
f 936 937 975
f 936 975 974
f 937 938 976
f 937 976 975
f 938 939 977
f 938 977 976
f 939 940 978
f 939 978 977
f 940 941 979
f 940 979 978
f 941 942 980
f 941 980 979
f 942 943 981
f 942 981 980
f 943 944 982
f 943 982 981
f 944 945 983
f 944 983 982
f 945 946 984
f 945 984 983
f 946 947 985
f 946 985 984
f 947 948 986
f 947 986 985
f 948 949 987
f 948 987 986
f 949 950 988
f 949 988 987
f 950 951 989
f 950 989 988
f 951 952 990
f 951 990 989
f 952 953 991
f 952 991 990
f 953 954 992
f 953 992 991
f 954 955 993
f 954 993 992
f 955 956 994
f 955 994 993
f 956 957 995
f 956 995 994
f 957 958 996
f 957 996 995
f 959 960 998
f 959 998 997
f 960 961 999
f 960 999 998
f 961 962 1000
f 961 1000 999
f 962 963 1001
f 962 1001 1000
f 963 964 1002
f 963 1002 1001
f 964 965 1003
f 964 1003 1002
f 965 966 1004
f 965 1004 1003
f 966 967 1005
f 966 1005 1004
f 967 968 1006
f 967 1006 1005
f 968 969 1007
f 968 1007 1006
f 969 970 1008
f 969 1008 1007
f 970 971 1009
f 970 1009 1008
f 971 972 1010
f 971 1010 1009
f 972 973 1011
f 972 1011 1010
f 973 974 1012
f 973 1012 1011
f 974 975 1013
f 974 1013 1012
f 975 976 1014
f 975 1014 1013
f 976 977 1015
f 976 1015 1014
f 977 978 1016
f 977 1016 1015
f 978 979 1017
f 978 1017 1016
f 979 980 1018
f 979 1018 1017
f 980 981 1019
f 980 1019 1018
f 981 982 1020
f 981 1020 1019
f 982 983 1021
f 982 1021 1020
f 983 984 1022
f 983 1022 1021
f 984 985 1023
f 984 1023 1022
f 985 986 1024
f 985 1024 1023
f 986 987 1025
f 986 1025 1024
f 987 988 1026
f 987 1026 1025
f 988 989 1027
f 988 1027 1026
f 989 990 1028
f 989 1028 1027
f 990 991 1029
f 990 1029 1028
f 991 992 1030
f 991 1030 1029
f 992 993 1031
f 992 1031 1030
f 993 994 1032
f 993 1032 1031
f 994 995 1033
f 994 1033 1032
f 995 996 1034
f 995 1034 1033
f 997 998 1036
f 997 1036 1035
f 998 999 1037
f 998 1037 1036
f 999 1000 1038
f 999 1038 1037
f 1000 1001 1039
f 1000 1039 1038
f 1001 1002 1040
f 1001 1040 1039
f 1002 1003 1041
f 1002 1041 1040
f 1003 1004 1042
f 1003 1042 1041
f 1004 1005 1043
f 1004 1043 1042
f 1005 1006 1044
f 1005 1044 1043
f 1006 1007 1045
f 1006 1045 1044
f 1007 1008 1046
f 1007 1046 1045
f 1008 1009 1047
f 1008 1047 1046
f 1009 1010 1048
f 1009 1048 1047
f 1010 1011 1049
f 1010 1049 1048
f 1011 1012 1050
f 1011 1050 1049
f 1012 1013 1051
f 1012 1051 1050
f 1013 1014 1052
f 1013 1052 1051
f 1014 1015 1053
f 1014 1053 1052
f 1015 1016 1054
f 1015 1054 1053
f 1016 1017 1055
f 1016 1055 1054
f 1017 1018 1056
f 1017 1056 1055
f 1018 1019 1057
f 1018 1057 1056
f 1019 1020 1058
f 1019 1058 1057
f 1020 1021 1059
f 1020 1059 1058
f 1021 1022 1060
f 1021 1060 1059
f 1022 1023 1061
f 1022 1061 1060
f 1023 1024 1062
f 1023 1062 1061
f 1024 1025 1063
f 1024 1063 1062
f 1025 1026 1064
f 1025 1064 1063
f 1026 1027 1065
f 1026 1065 1064
f 1027 1028 1066
f 1027 1066 1065
f 1028 1029 1067
f 1028 1067 1066
f 1029 1030 1068
f 1029 1068 1067
f 1030 1031 1069
f 1030 1069 1068
f 1031 1032 1070
f 1031 1070 1069
f 1032 1033 1071
f 1032 1071 1070
f 1033 1034 1072
f 1033 1072 1071
f 1035 1036 1074
f 1035 1074 1073
f 1036 1037 1075
f 1036 1075 1074
f 1037 1038 1076
f 1037 1076 1075
f 1038 1039 1077
f 1038 1077 1076
f 1039 1040 1078
f 1039 1078 1077
f 1040 1041 1079
f 1040 1079 1078
f 1041 1042 1080
f 1041 1080 1079
f 1042 1043 1081
f 1042 1081 1080
f 1043 1044 1082
f 1043 1082 1081
f 1044 1045 1083
f 1044 1083 1082
f 1045 1046 1084
f 1045 1084 1083
f 1046 1047 1085
f 1046 1085 1084
f 1047 1048 1086
f 1047 1086 1085
f 1048 1049 1087
f 1048 1087 1086
f 1049 1050 1088
f 1049 1088 1087
f 1050 1051 1089
f 1050 1089 1088
f 1051 1052 1090
f 1051 1090 1089
f 1052 1053 1091
f 1052 1091 1090
f 1053 1054 1092
f 1053 1092 1091
f 1054 1055 1093
f 1054 1093 1092
f 1055 1056 1094
f 1055 1094 1093
f 1056 1057 1095
f 1056 1095 1094
f 1057 1058 1096
f 1057 1096 1095
f 1058 1059 1097
f 1058 1097 1096
f 1059 1060 1098
f 1059 1098 1097
f 1060 1061 1099
f 1060 1099 1098
f 1061 1062 1100
f 1061 1100 1099
f 1062 1063 1101
f 1062 1101 1100
f 1063 1064 1102
f 1063 1102 1101
f 1064 1065 1103
f 1064 1103 1102
f 1065 1066 1104
f 1065 1104 1103
f 1066 1067 1105
f 1066 1105 1104
f 1067 1068 1106
f 1067 1106 1105
f 1068 1069 1107
f 1068 1107 1106
f 1069 1070 1108
f 1069 1108 1107
f 1070 1071 1109
f 1070 1109 1108
f 1071 1072 1110
f 1071 1110 1109
f 1073 1074 1112
f 1073 1112 1111
f 1074 1075 1113
f 1074 1113 1112
f 1075 1076 1114
f 1075 1114 1113
f 1076 1077 1115
f 1076 1115 1114
f 1077 1078 1116
f 1077 1116 1115
f 1078 1079 1117
f 1078 1117 1116
f 1079 1080 1118
f 1079 1118 1117
f 1080 1081 1119
f 1080 1119 1118
f 1081 1082 1120
f 1081 1120 1119
f 1082 1083 1121
f 1082 1121 1120
f 1083 1084 1122
f 1083 1122 1121
f 1084 1085 1123
f 1084 1123 1122
f 1085 1086 1124
f 1085 1124 1123
f 1086 1087 1125
f 1086 1125 1124
f 1087 1088 1126
f 1087 1126 1125
f 1088 1089 1127
f 1088 1127 1126
f 1089 1090 1128
f 1089 1128 1127
f 1090 1091 1129
f 1090 1129 1128
f 1091 1092 1130
f 1091 1130 1129
f 1092 1093 1131
f 1092 1131 1130
f 1093 1094 1132
f 1093 1132 1131
f 1094 1095 1133
f 1094 1133 1132
f 1095 1096 1134
f 1095 1134 1133
f 1096 1097 1135
f 1096 1135 1134
f 1097 1098 1136
f 1097 1136 1135
f 1098 1099 1137
f 1098 1137 1136
f 1099 1100 1138
f 1099 1138 1137
f 1100 1101 1139
f 1100 1139 1138
f 1101 1102 1140
f 1101 1140 1139
f 1102 1103 1141
f 1102 1141 1140
f 1103 1104 1142
f 1103 1142 1141
f 1104 1105 1143
f 1104 1143 1142
f 1105 1106 1144
f 1105 1144 1143
f 1106 1107 1145
f 1106 1145 1144
f 1107 1108 1146
f 1107 1146 1145
f 1108 1109 1147
f 1108 1147 1146
f 1109 1110 1148
f 1109 1148 1147
f 1111 1112 1150
f 1111 1150 1149
f 1112 1113 1151
f 1112 1151 1150
f 1113 1114 1152
f 1113 1152 1151
f 1114 1115 1153
f 1114 1153 1152
f 1115 1116 1154
f 1115 1154 1153
f 1116 1117 1155
f 1116 1155 1154
f 1117 1118 1156
f 1117 1156 1155
f 1118 1119 1157
f 1118 1157 1156
f 1119 1120 1158
f 1119 1158 1157
f 1120 1121 1159
f 1120 1159 1158
f 1121 1122 1160
f 1121 1160 1159
f 1122 1123 1161
f 1122 1161 1160
f 1123 1124 1162
f 1123 1162 1161
f 1124 1125 1163
f 1124 1163 1162
f 1125 1126 1164
f 1125 1164 1163
f 1126 1127 1165
f 1126 1165 1164
f 1127 1128 1166
f 1127 1166 1165
f 1128 1129 1167
f 1128 1167 1166
f 1129 1130 1168
f 1129 1168 1167
f 1130 1131 1169
f 1130 1169 1168
f 1131 1132 1170
f 1131 1170 1169
f 1132 1133 1171
f 1132 1171 1170
f 1133 1134 1172
f 1133 1172 1171
f 1134 1135 1173
f 1134 1173 1172
f 1135 1136 1174
f 1135 1174 1173
f 1136 1137 1175
f 1136 1175 1174
f 1137 1138 1176
f 1137 1176 1175
f 1138 1139 1177
f 1138 1177 1176
f 1139 1140 1178
f 1139 1178 1177
f 1140 1141 1179
f 1140 1179 1178
f 1141 1142 1180
f 1141 1180 1179
f 1142 1143 1181
f 1142 1181 1180
f 1143 1144 1182
f 1143 1182 1181
f 1144 1145 1183
f 1144 1183 1182
f 1145 1146 1184
f 1145 1184 1183
f 1146 1147 1185
f 1146 1185 1184
f 1147 1148 1186
f 1147 1186 1185
f 1149 1150 1188
f 1149 1188 1187
f 1150 1151 1189
f 1150 1189 1188
f 1151 1152 1190
f 1151 1190 1189
f 1152 1153 1191
f 1152 1191 1190
f 1153 1154 1192
f 1153 1192 1191
f 1154 1155 1193
f 1154 1193 1192
f 1155 1156 1194
f 1155 1194 1193
f 1156 1157 1195
f 1156 1195 1194
f 1157 1158 1196
f 1157 1196 1195
f 1158 1159 1197
f 1158 1197 1196
f 1159 1160 1198
f 1159 1198 1197
f 1160 1161 1199
f 1160 1199 1198
f 1161 1162 1200
f 1161 1200 1199
f 1162 1163 1201
f 1162 1201 1200
f 1163 1164 1202
f 1163 1202 1201
f 1164 1165 1203
f 1164 1203 1202
f 1165 1166 1204
f 1165 1204 1203
f 1166 1167 1205
f 1166 1205 1204
f 1167 1168 1206
f 1167 1206 1205
f 1168 1169 1207
f 1168 1207 1206
f 1169 1170 1208
f 1169 1208 1207
f 1170 1171 1209
f 1170 1209 1208
f 1171 1172 1210
f 1171 1210 1209
f 1172 1173 1211
f 1172 1211 1210
f 1173 1174 1212
f 1173 1212 1211
f 1174 1175 1213
f 1174 1213 1212
f 1175 1176 1214
f 1175 1214 1213
f 1176 1177 1215
f 1176 1215 1214
f 1177 1178 1216
f 1177 1216 1215
f 1178 1179 1217
f 1178 1217 1216
f 1179 1180 1218
f 1179 1218 1217
f 1180 1181 1219
f 1180 1219 1218
f 1181 1182 1220
f 1181 1220 1219
f 1182 1183 1221
f 1182 1221 1220
f 1183 1184 1222
f 1183 1222 1221
f 1184 1185 1223
f 1184 1223 1222
f 1185 1186 1224
f 1185 1224 1223
f 1187 1188 1226
f 1187 1226 1225
f 1188 1189 1227
f 1188 1227 1226
f 1189 1190 1228
f 1189 1228 1227
f 1190 1191 1229
f 1190 1229 1228
f 1191 1192 1230
f 1191 1230 1229
f 1192 1193 1231
f 1192 1231 1230
f 1193 1194 1232
f 1193 1232 1231
f 1194 1195 1233
f 1194 1233 1232
f 1195 1196 1234
f 1195 1234 1233
f 1196 1197 1235
f 1196 1235 1234
f 1197 1198 1236
f 1197 1236 1235
f 1198 1199 1237
f 1198 1237 1236
f 1199 1200 1238
f 1199 1238 1237
f 1200 1201 1239
f 1200 1239 1238
f 1201 1202 1240
f 1201 1240 1239
f 1202 1203 1241
f 1202 1241 1240
f 1203 1204 1242
f 1203 1242 1241
f 1204 1205 1243
f 1204 1243 1242
f 1205 1206 1244
f 1205 1244 1243
f 1206 1207 1245
f 1206 1245 1244
f 1207 1208 1246
f 1207 1246 1245
f 1208 1209 1247
f 1208 1247 1246
f 1209 1210 1248
f 1209 1248 1247
f 1210 1211 1249
f 1210 1249 1248
f 1211 1212 1250
f 1211 1250 1249
f 1212 1213 1251
f 1212 1251 1250
f 1213 1214 1252
f 1213 1252 1251
f 1214 1215 1253
f 1214 1253 1252
f 1215 1216 1254
f 1215 1254 1253
f 1216 1217 1255
f 1216 1255 1254
f 1217 1218 1256
f 1217 1256 1255
f 1218 1219 1257
f 1218 1257 1256
f 1219 1220 1258
f 1219 1258 1257
f 1220 1221 1259
f 1220 1259 1258
f 1221 1222 1260
f 1221 1260 1259
f 1222 1223 1261
f 1222 1261 1260
f 1223 1224 1262
f 1223 1262 1261
f 1225 1226 1264
f 1225 1264 1263
f 1226 1227 1265
f 1226 1265 1264
f 1227 1228 1266
f 1227 1266 1265
f 1228 1229 1267
f 1228 1267 1266
f 1229 1230 1268
f 1229 1268 1267
f 1230 1231 1269
f 1230 1269 1268
f 1231 1232 1270
f 1231 1270 1269
f 1232 1233 1271
f 1232 1271 1270
f 1233 1234 1272
f 1233 1272 1271
f 1234 1235 1273
f 1234 1273 1272
f 1235 1236 1274
f 1235 1274 1273
f 1236 1237 1275
f 1236 1275 1274
f 1237 1238 1276
f 1237 1276 1275
f 1238 1239 1277
f 1238 1277 1276
f 1239 1240 1278
f 1239 1278 1277
f 1240 1241 1279
f 1240 1279 1278
f 1241 1242 1280
f 1241 1280 1279
f 1242 1243 1281
f 1242 1281 1280
f 1243 1244 1282
f 1243 1282 1281
f 1244 1245 1283
f 1244 1283 1282
f 1245 1246 1284
f 1245 1284 1283
f 1246 1247 1285
f 1246 1285 1284
f 1247 1248 1286
f 1247 1286 1285
f 1248 1249 1287
f 1248 1287 1286
f 1249 1250 1288
f 1249 1288 1287
f 1250 1251 1289
f 1250 1289 1288
f 1251 1252 1290
f 1251 1290 1289
f 1252 1253 1291
f 1252 1291 1290
f 1253 1254 1292
f 1253 1292 1291
f 1254 1255 1293
f 1254 1293 1292
f 1255 1256 1294
f 1255 1294 1293
f 1256 1257 1295
f 1256 1295 1294
f 1257 1258 1296
f 1257 1296 1295
f 1258 1259 1297
f 1258 1297 1296
f 1259 1260 1298
f 1259 1298 1297
f 1260 1261 1299
f 1260 1299 1298
f 1261 1262 1300
f 1261 1300 1299
f 1263 1264 1302
f 1263 1302 1301
f 1264 1265 1303
f 1264 1303 1302
f 1265 1266 1304
f 1265 1304 1303
f 1266 1267 1305
f 1266 1305 1304
f 1267 1268 1306
f 1267 1306 1305
f 1268 1269 1307
f 1268 1307 1306
f 1269 1270 1308
f 1269 1308 1307
f 1270 1271 1309
f 1270 1309 1308
f 1271 1272 1310
f 1271 1310 1309
f 1272 1273 1311
f 1272 1311 1310
f 1273 1274 1312
f 1273 1312 1311
f 1274 1275 1313
f 1274 1313 1312
f 1275 1276 1314
f 1275 1314 1313
f 1276 1277 1315
f 1276 1315 1314
f 1277 1278 1316
f 1277 1316 1315
f 1278 1279 1317
f 1278 1317 1316
f 1279 1280 1318
f 1279 1318 1317
f 1280 1281 1319
f 1280 1319 1318
f 1281 1282 1320
f 1281 1320 1319
f 1282 1283 1321
f 1282 1321 1320
f 1283 1284 1322
f 1283 1322 1321
f 1284 1285 1323
f 1284 1323 1322
f 1285 1286 1324
f 1285 1324 1323
f 1286 1287 1325
f 1286 1325 1324
f 1287 1288 1326
f 1287 1326 1325
f 1288 1289 1327
f 1288 1327 1326
f 1289 1290 1328
f 1289 1328 1327
f 1290 1291 1329
f 1290 1329 1328
f 1291 1292 1330
f 1291 1330 1329
f 1292 1293 1331
f 1292 1331 1330
f 1293 1294 1332
f 1293 1332 1331
f 1294 1295 1333
f 1294 1333 1332
f 1295 1296 1334
f 1295 1334 1333
f 1296 1297 1335
f 1296 1335 1334
f 1297 1298 1336
f 1297 1336 1335
f 1298 1299 1337
f 1298 1337 1336
f 1299 1300 1338
f 1299 1338 1337
f 1301 1302 1340
f 1301 1340 1339
f 1302 1303 1341
f 1302 1341 1340
f 1303 1304 1342
f 1303 1342 1341
f 1304 1305 1343
f 1304 1343 1342
f 1305 1306 1344
f 1305 1344 1343
f 1306 1307 1345
f 1306 1345 1344
f 1307 1308 1346
f 1307 1346 1345
f 1308 1309 1347
f 1308 1347 1346
f 1309 1310 1348
f 1309 1348 1347
f 1310 1311 1349
f 1310 1349 1348
f 1311 1312 1350
f 1311 1350 1349
f 1312 1313 1351
f 1312 1351 1350
f 1313 1314 1352
f 1313 1352 1351
f 1314 1315 1353
f 1314 1353 1352
f 1315 1316 1354
f 1315 1354 1353
f 1316 1317 1355
f 1316 1355 1354
f 1317 1318 1356
f 1317 1356 1355
f 1318 1319 1357
f 1318 1357 1356
f 1319 1320 1358
f 1319 1358 1357
f 1320 1321 1359
f 1320 1359 1358
f 1321 1322 1360
f 1321 1360 1359
f 1322 1323 1361
f 1322 1361 1360
f 1323 1324 1362
f 1323 1362 1361
f 1324 1325 1363
f 1324 1363 1362
f 1325 1326 1364
f 1325 1364 1363
f 1326 1327 1365
f 1326 1365 1364
f 1327 1328 1366
f 1327 1366 1365
f 1328 1329 1367
f 1328 1367 1366
f 1329 1330 1368
f 1329 1368 1367
f 1330 1331 1369
f 1330 1369 1368
f 1331 1332 1370
f 1331 1370 1369
f 1332 1333 1371
f 1332 1371 1370
f 1333 1334 1372
f 1333 1372 1371
f 1334 1335 1373
f 1334 1373 1372
f 1335 1336 1374
f 1335 1374 1373
f 1336 1337 1375
f 1336 1375 1374
f 1337 1338 1376
f 1337 1376 1375
f 1339 1340 1378
f 1339 1378 1377
f 1340 1341 1379
f 1340 1379 1378
f 1341 1342 1380
f 1341 1380 1379
f 1342 1343 1381
f 1342 1381 1380
f 1343 1344 1382
f 1343 1382 1381
f 1344 1345 1383
f 1344 1383 1382
f 1345 1346 1384
f 1345 1384 1383
f 1346 1347 1385
f 1346 1385 1384
f 1347 1348 1386
f 1347 1386 1385
f 1348 1349 1387
f 1348 1387 1386
f 1349 1350 1388
f 1349 1388 1387
f 1350 1351 1389
f 1350 1389 1388
f 1351 1352 1390
f 1351 1390 1389
f 1352 1353 1391
f 1352 1391 1390
f 1353 1354 1392
f 1353 1392 1391
f 1354 1355 1393
f 1354 1393 1392
f 1355 1356 1394
f 1355 1394 1393
f 1356 1357 1395
f 1356 1395 1394
f 1357 1358 1396
f 1357 1396 1395
f 1358 1359 1397
f 1358 1397 1396
f 1359 1360 1398
f 1359 1398 1397
f 1360 1361 1399
f 1360 1399 1398
f 1361 1362 1400
f 1361 1400 1399
f 1362 1363 1401
f 1362 1401 1400
f 1363 1364 1402
f 1363 1402 1401
f 1364 1365 1403
f 1364 1403 1402
f 1365 1366 1404
f 1365 1404 1403
f 1366 1367 1405
f 1366 1405 1404
f 1367 1368 1406
f 1367 1406 1405
f 1368 1369 1407
f 1368 1407 1406
f 1369 1370 1408
f 1369 1408 1407
f 1370 1371 1409
f 1370 1409 1408
f 1371 1372 1410
f 1371 1410 1409
f 1372 1373 1411
f 1372 1411 1410
f 1373 1374 1412
f 1373 1412 1411
f 1374 1375 1413
f 1374 1413 1412
f 1375 1376 1414
f 1375 1414 1413
f 1377 1378 1416
f 1377 1416 1415
f 1378 1379 1417
f 1378 1417 1416
f 1379 1380 1418
f 1379 1418 1417
f 1380 1381 1419
f 1380 1419 1418
f 1381 1382 1420
f 1381 1420 1419
f 1382 1383 1421
f 1382 1421 1420
f 1383 1384 1422
f 1383 1422 1421
f 1384 1385 1423
f 1384 1423 1422
f 1385 1386 1424
f 1385 1424 1423
f 1386 1387 1425
f 1386 1425 1424
f 1387 1388 1426
f 1387 1426 1425
f 1388 1389 1427
f 1388 1427 1426
f 1389 1390 1428
f 1389 1428 1427
f 1390 1391 1429
f 1390 1429 1428
f 1391 1392 1430
f 1391 1430 1429
f 1392 1393 1431
f 1392 1431 1430
f 1393 1394 1432
f 1393 1432 1431
f 1394 1395 1433
f 1394 1433 1432
f 1395 1396 1434
f 1395 1434 1433
f 1396 1397 1435
f 1396 1435 1434
f 1397 1398 1436
f 1397 1436 1435
f 1398 1399 1437
f 1398 1437 1436
f 1399 1400 1438
f 1399 1438 1437
f 1400 1401 1439
f 1400 1439 1438
f 1401 1402 1440
f 1401 1440 1439
f 1402 1403 1441
f 1402 1441 1440
f 1403 1404 1442
f 1403 1442 1441
f 1404 1405 1443
f 1404 1443 1442
f 1405 1406 1444
f 1405 1444 1443
f 1406 1407 1445
f 1406 1445 1444
f 1407 1408 1446
f 1407 1446 1445
f 1408 1409 1447
f 1408 1447 1446
f 1409 1410 1448
f 1409 1448 1447
f 1410 1411 1449
f 1410 1449 1448
f 1411 1412 1450
f 1411 1450 1449
f 1412 1413 1451
f 1412 1451 1450
f 1413 1414 1452
f 1413 1452 1451
f 1415 1416 1454
f 1415 1454 1453
f 1416 1417 1455
f 1416 1455 1454
f 1417 1418 1456
f 1417 1456 1455
f 1418 1419 1457
f 1418 1457 1456
f 1419 1420 1458
f 1419 1458 1457
f 1420 1421 1459
f 1420 1459 1458
f 1421 1422 1460
f 1421 1460 1459
f 1422 1423 1461
f 1422 1461 1460
f 1423 1424 1462
f 1423 1462 1461
f 1424 1425 1463
f 1424 1463 1462
f 1425 1426 1464
f 1425 1464 1463
f 1426 1427 1465
f 1426 1465 1464
f 1427 1428 1466
f 1427 1466 1465
f 1428 1429 1467
f 1428 1467 1466
f 1429 1430 1468
f 1429 1468 1467
f 1430 1431 1469
f 1430 1469 1468
f 1431 1432 1470
f 1431 1470 1469
f 1432 1433 1471
f 1432 1471 1470
f 1433 1434 1472
f 1433 1472 1471
f 1434 1435 1473
f 1434 1473 1472
f 1435 1436 1474
f 1435 1474 1473
f 1436 1437 1475
f 1436 1475 1474
f 1437 1438 1476
f 1437 1476 1475
f 1438 1439 1477
f 1438 1477 1476
f 1439 1440 1478
f 1439 1478 1477
f 1440 1441 1479
f 1440 1479 1478
f 1441 1442 1480
f 1441 1480 1479
f 1442 1443 1481
f 1442 1481 1480
f 1443 1444 1482
f 1443 1482 1481
f 1444 1445 1483
f 1444 1483 1482
f 1445 1446 1484
f 1445 1484 1483
f 1446 1447 1485
f 1446 1485 1484
f 1447 1448 1486
f 1447 1486 1485
f 1448 1449 1487
f 1448 1487 1486
f 1449 1450 1488
f 1449 1488 1487
f 1450 1451 1489
f 1450 1489 1488
f 1451 1452 1490
f 1451 1490 1489
f 1453 1454 1492
f 1453 1492 1491
f 1454 1455 1493
f 1454 1493 1492
f 1455 1456 1494
f 1455 1494 1493
f 1456 1457 1495
f 1456 1495 1494
f 1457 1458 1496
f 1457 1496 1495
f 1458 1459 1497
f 1458 1497 1496
f 1459 1460 1498
f 1459 1498 1497
f 1460 1461 1499
f 1460 1499 1498
f 1461 1462 1500
f 1461 1500 1499
f 1462 1463 1501
f 1462 1501 1500
f 1463 1464 1502
f 1463 1502 1501
f 1464 1465 1503
f 1464 1503 1502
f 1465 1466 1504
f 1465 1504 1503
f 1466 1467 1505
f 1466 1505 1504
f 1467 1468 1506
f 1467 1506 1505
f 1468 1469 1507
f 1468 1507 1506
f 1469 1470 1508
f 1469 1508 1507
f 1470 1471 1509
f 1470 1509 1508
f 1471 1472 1510
f 1471 1510 1509
f 1472 1473 1511
f 1472 1511 1510
f 1473 1474 1512
f 1473 1512 1511
f 1474 1475 1513
f 1474 1513 1512
f 1475 1476 1514
f 1475 1514 1513
f 1476 1477 1515
f 1476 1515 1514
f 1477 1478 1516
f 1477 1516 1515
f 1478 1479 1517
f 1478 1517 1516
f 1479 1480 1518
f 1479 1518 1517
f 1480 1481 1519
f 1480 1519 1518
f 1481 1482 1520
f 1481 1520 1519
f 1482 1483 1521
f 1482 1521 1520
f 1483 1484 1522
f 1483 1522 1521
f 1484 1485 1523
f 1484 1523 1522
f 1485 1486 1524
f 1485 1524 1523
f 1486 1487 1525
f 1486 1525 1524
f 1487 1488 1526
f 1487 1526 1525
f 1488 1489 1527
f 1488 1527 1526
f 1489 1490 1528
f 1489 1528 1527
f 1491 1492 1530
f 1491 1530 1529
f 1492 1493 1531
f 1492 1531 1530
f 1493 1494 1532
f 1493 1532 1531
f 1494 1495 1533
f 1494 1533 1532
f 1495 1496 1534
f 1495 1534 1533
f 1496 1497 1535
f 1496 1535 1534
f 1497 1498 1536
f 1497 1536 1535
f 1498 1499 1537
f 1498 1537 1536
f 1499 1500 1538
f 1499 1538 1537
f 1500 1501 1539
f 1500 1539 1538
f 1501 1502 1540
f 1501 1540 1539
f 1502 1503 1541
f 1502 1541 1540
f 1503 1504 1542
f 1503 1542 1541
f 1504 1505 1543
f 1504 1543 1542
f 1505 1506 1544
f 1505 1544 1543
f 1506 1507 1545
f 1506 1545 1544
f 1507 1508 1546
f 1507 1546 1545
f 1508 1509 1547
f 1508 1547 1546
f 1509 1510 1548
f 1509 1548 1547
f 1510 1511 1549
f 1510 1549 1548
f 1511 1512 1550
f 1511 1550 1549
f 1512 1513 1551
f 1512 1551 1550
f 1513 1514 1552
f 1513 1552 1551
f 1514 1515 1553
f 1514 1553 1552
f 1515 1516 1554
f 1515 1554 1553
f 1516 1517 1555
f 1516 1555 1554
f 1517 1518 1556
f 1517 1556 1555
f 1518 1519 1557
f 1518 1557 1556
f 1519 1520 1558
f 1519 1558 1557
f 1520 1521 1559
f 1520 1559 1558
f 1521 1522 1560
f 1521 1560 1559
f 1522 1523 1561
f 1522 1561 1560
f 1523 1524 1562
f 1523 1562 1561
f 1524 1525 1563
f 1524 1563 1562
f 1525 1526 1564
f 1525 1564 1563
f 1526 1527 1565
f 1526 1565 1564
f 1527 1528 1566
f 1527 1566 1565
f 1529 1530 1568
f 1529 1568 1567
f 1530 1531 1569
f 1530 1569 1568
f 1531 1532 1570
f 1531 1570 1569
f 1532 1533 1571
f 1532 1571 1570
f 1533 1534 1572
f 1533 1572 1571
f 1534 1535 1573
f 1534 1573 1572
f 1535 1536 1574
f 1535 1574 1573
f 1536 1537 1575
f 1536 1575 1574
f 1537 1538 1576
f 1537 1576 1575
f 1538 1539 1577
f 1538 1577 1576
f 1539 1540 1578
f 1539 1578 1577
f 1540 1541 1579
f 1540 1579 1578
f 1541 1542 1580
f 1541 1580 1579
f 1542 1543 1581
f 1542 1581 1580
f 1543 1544 1582
f 1543 1582 1581
f 1544 1545 1583
f 1544 1583 1582
f 1545 1546 1584
f 1545 1584 1583
f 1546 1547 1585
f 1546 1585 1584
f 1547 1548 1586
f 1547 1586 1585
f 1548 1549 1587
f 1548 1587 1586
f 1549 1550 1588
f 1549 1588 1587
f 1550 1551 1589
f 1550 1589 1588
f 1551 1552 1590
f 1551 1590 1589
f 1552 1553 1591
f 1552 1591 1590
f 1553 1554 1592
f 1553 1592 1591
f 1554 1555 1593
f 1554 1593 1592
f 1555 1556 1594
f 1555 1594 1593
f 1556 1557 1595
f 1556 1595 1594
f 1557 1558 1596
f 1557 1596 1595
f 1558 1559 1597
f 1558 1597 1596
f 1559 1560 1598
f 1559 1598 1597
f 1560 1561 1599
f 1560 1599 1598
f 1561 1562 1600
f 1561 1600 1599
f 1562 1563 1601
f 1562 1601 1600
f 1563 1564 1602
f 1563 1602 1601
f 1564 1565 1603
f 1564 1603 1602
f 1565 1566 1604
f 1565 1604 1603
f 1567 1568 1606
f 1567 1606 1605
f 1568 1569 1607
f 1568 1607 1606
f 1569 1570 1608
f 1569 1608 1607
f 1570 1571 1609
f 1570 1609 1608
f 1571 1572 1610
f 1571 1610 1609
f 1572 1573 1611
f 1572 1611 1610
f 1573 1574 1612
f 1573 1612 1611
f 1574 1575 1613
f 1574 1613 1612
f 1575 1576 1614
f 1575 1614 1613
f 1576 1577 1615
f 1576 1615 1614
f 1577 1578 1616
f 1577 1616 1615
f 1578 1579 1617
f 1578 1617 1616
f 1579 1580 1618
f 1579 1618 1617
f 1580 1581 1619
f 1580 1619 1618
f 1581 1582 1620
f 1581 1620 1619
f 1582 1583 1621
f 1582 1621 1620
f 1583 1584 1622
f 1583 1622 1621
f 1584 1585 1623
f 1584 1623 1622
f 1585 1586 1624
f 1585 1624 1623
f 1586 1587 1625
f 1586 1625 1624
f 1587 1588 1626
f 1587 1626 1625
f 1588 1589 1627
f 1588 1627 1626
f 1589 1590 1628
f 1589 1628 1627
f 1590 1591 1629
f 1590 1629 1628
f 1591 1592 1630
f 1591 1630 1629
f 1592 1593 1631
f 1592 1631 1630
f 1593 1594 1632
f 1593 1632 1631
f 1594 1595 1633
f 1594 1633 1632
f 1595 1596 1634
f 1595 1634 1633
f 1596 1597 1635
f 1596 1635 1634
f 1597 1598 1636
f 1597 1636 1635
f 1598 1599 1637
f 1598 1637 1636
f 1599 1600 1638
f 1599 1638 1637
f 1600 1601 1639
f 1600 1639 1638
f 1601 1602 1640
f 1601 1640 1639
f 1602 1603 1641
f 1602 1641 1640
f 1603 1604 1642
f 1603 1642 1641
f 1605 1606 124
f 1605 124 123
f 1606 1607 125
f 1606 125 124
f 1607 1608 126
f 1607 126 125
f 1608 1609 127
f 1608 127 126
f 1609 1610 128
f 1609 128 127
f 1610 1611 129
f 1610 129 128
f 1611 1612 130
f 1611 130 129
f 1612 1613 131
f 1612 131 130
f 1613 1614 132
f 1613 132 131
f 1614 1615 133
f 1614 133 132
f 1615 1616 134
f 1615 134 133
f 1616 1617 135
f 1616 135 134
f 1617 1618 136
f 1617 136 135
f 1618 1619 137
f 1618 137 136
f 1619 1620 138
f 1619 138 137
f 1620 1621 139
f 1620 139 138
f 1621 1622 140
f 1621 140 139
f 1622 1623 141
f 1622 141 140
f 1623 1624 142
f 1623 142 141
f 1624 1625 143
f 1624 143 142
f 1625 1626 144
f 1625 144 143
f 1626 1627 145
f 1626 145 144
f 1627 1628 146
f 1627 146 145
f 1628 1629 147
f 1628 147 146
f 1629 1630 148
f 1629 148 147
f 1630 1631 149
f 1630 149 148
f 1631 1632 150
f 1631 150 149
f 1632 1633 151
f 1632 151 150
f 1633 1634 152
f 1633 152 151
f 1634 1635 153
f 1634 153 152
f 1635 1636 154
f 1635 154 153
f 1636 1637 155
f 1636 155 154
f 1637 1638 156
f 1637 156 155
f 1638 1639 157
f 1638 157 156
f 1639 1640 158
f 1639 158 157
f 1640 1641 159
f 1640 159 158
f 1641 1642 160
f 1641 160 159
