# Generated by Visualization Toolkit
v 19.5237 20.0252 20.4534
v 20.4763 19.9748 19.5466
v 20.2468 19.4628 20.2891
v 19.7532 20.5371 19.7109
v 20.4918 19.5672 19.9386
v 20.2141 20.3191 19.4658
v 19.7859 19.6809 20.5342
v 19.5082 20.4329 20.0614
v 20.4688 19.9907 19.5383
v 20.2608 19.4623 20.2756
v 19.7392 20.5376 19.7244
v 19.5312 20.0093 20.4617
v 19.5762 19.9282 20.4982
v 20.3291 19.4674 20.2024
v 19.671 20.533 19.7983
v 20.4246 20.0716 19.5024
v 20.3223 20.21 19.4661
v 19.5712 20.495 19.9358
v 19.6777 19.79 20.5339
v 20.4287 19.505 20.0642
v 20.00004005432129 20.0000057220459 20.65810203552246
v 20.00004005432129 20.0000057220459 19.34202766418457
v 20.052989959716797 20.0000057220459 20.655967712402344
v 20.1055965423584 20.0000057220459 20.649580001831055
v 20.15751838684082 20.0000057220459 20.638980865478516
v 20.208419799804688 20.0000057220459 20.624237060546875
v 20.25796890258789 20.0000057220459 20.605445861816406
v 20.305845260620117 20.0000057220459 20.582727432250977
v 20.35173797607422 20.0000057220459 20.556230545043945
v 20.39535140991211 20.0000057220459 20.526126861572266
v 20.436399459838867 20.0000057220459 20.492612838745117
v 20.47461700439453 20.0000057220459 20.455904006958008
v 20.50975799560547 20.0000057220459 20.416236877441406
v 20.541593551635742 20.0000057220459 20.373872756958008
v 20.569917678833008 20.0000057220459 20.329082489013672
v 20.59454345703125 20.0000057220459 20.28215980529785
v 20.615314483642578 20.0000057220459 20.233407974243164
v 20.632097244262695 20.0000057220459 20.183141708374023
v 20.644779205322266 20.0000057220459 20.131689071655273
v 20.653278350830078 20.0000057220459 20.079381942749023
v 20.657543182373047 20.0000057220459 20.026561737060547
v 20.657543182373047 20.0000057220459 19.973567962646484
v 20.653278350830078 20.0000057220459 19.920747756958008
v 20.644779205322266 20.0000057220459 19.868440628051758
v 20.632097244262695 20.0000057220459 19.816987991333008
v 20.615314483642578 20.0000057220459 19.766721725463867
v 20.59454345703125 20.0000057220459 19.71796989440918
v 20.569917678833008 20.0000057220459 19.67104721069336
v 20.541593551635742 20.0000057220459 19.626256942749023
v 20.50975799560547 20.0000057220459 19.583892822265625
v 20.47461700439453 20.0000057220459 19.544225692749023
v 20.436399459838867 20.0000057220459 19.507516860961914
v 20.39535140991211 20.0000057220459 19.474002838134766
v 20.35173797607422 20.0000057220459 19.443899154663086
v 20.305845260620117 20.0000057220459 19.417402267456055
v 20.25796890258789 20.0000057220459 19.394683837890625
v 20.208419799804688 20.0000057220459 19.375892639160156
v 20.15751838684082 20.0000057220459 19.361148834228516
v 20.1055965423584 20.0000057220459 19.350549697875977
v 20.052989959716797 20.0000057220459 19.344161987304688
v 20.052337646484375 20.008289337158203 20.655967712402344
v 20.104297637939453 20.016517639160156 20.649580001831055
v 20.155580520629883 20.024641036987305 20.638980865478516
v 20.205854415893555 20.032604217529297 20.624237060546875
v 20.254793167114258 20.040353775024414 20.605445861816406
v 20.302080154418945 20.04784393310547 20.582727432250977
v 20.347408294677734 20.055023193359375 20.556230545043945
v 20.390483856201172 20.061845779418945 20.526126861572266
v 20.431026458740234 20.068267822265625 20.492612838745117
v 20.468774795532227 20.07424545288086 20.455904006958008
v 20.503482818603516 20.079742431640625 20.416236877441406
v 20.534927368164062 20.0847225189209 20.373872756958008
v 20.56290054321289 20.089153289794922 20.329082489013672
v 20.58722496032715 20.093006134033203 20.28215980529785
v 20.60774040222168 20.096256256103516 20.233407974243164
v 20.62431526184082 20.098880767822266 20.183141708374023
v 20.6368408203125 20.10086441040039 20.131689071655273
v 20.64523696899414 20.102195739746094 20.079381942749023
v 20.64944839477539 20.102861404418945 20.026561737060547
v 20.64944839477539 20.102861404418945 19.973567962646484
v 20.64523696899414 20.102195739746094 19.920747756958008
v 20.6368408203125 20.10086441040039 19.868440628051758
v 20.62431526184082 20.098880767822266 19.816987991333008
v 20.60774040222168 20.096256256103516 19.766721725463867
v 20.58722496032715 20.093006134033203 19.71796989440918
v 20.56290054321289 20.089153289794922 19.67104721069336
v 20.534927368164062 20.0847225189209 19.626256942749023
v 20.503482818603516 20.079742431640625 19.583892822265625
v 20.468774795532227 20.07424545288086 19.544225692749023
v 20.431026458740234 20.068267822265625 19.507516860961914
v 20.390483856201172 20.061845779418945 19.474002838134766
v 20.347408294677734 20.055023193359375 19.443899154663086
v 20.302080154418945 20.04784393310547 19.417402267456055
v 20.254793167114258 20.040353775024414 19.394683837890625
v 20.205854415893555 20.032604217529297 19.375892639160156
v 20.155580520629883 20.024641036987305 19.361148834228516
v 20.104297637939453 20.016517639160156 19.350549697875977
v 20.052337646484375 20.008289337158203 19.344161987304688
v 20.050397872924805 20.016368865966797 20.655967712402344
v 20.10042953491211 20.032625198364258 20.649580001831055
v 20.149810791015625 20.048669815063477 20.638980865478516
v 20.19822120666504 20.06439781188965 20.624237060546875
v 20.245344161987305 20.079710006713867 20.605445861816406
v 20.290878295898438 20.094505310058594 20.582727432250977
v 20.334524154663086 20.108686447143555 20.556230545043945
v 20.37600326538086 20.122163772583008 20.526126861572266
v 20.415042877197266 20.13484764099121 20.492612838745117
v 20.451391220092773 20.146657943725586 20.455904006958008
v 20.484811782836914 20.15751838684082 20.416236877441406
v 20.51508903503418 20.167354583740234 20.373872756958008
v 20.542024612426758 20.17610740661621 20.329082489013672
v 20.565446853637695 20.183717727661133 20.28215980529785
v 20.585201263427734 20.190135955810547 20.233407974243164
v 20.60116195678711 20.195322036743164 20.183141708374023
v 20.613222122192383 20.199241638183594 20.131689071655273
v 20.621307373046875 20.201868057250977 20.079381942749023
v 20.625362396240234 20.20318603515625 20.026561737060547
v 20.625362396240234 20.20318603515625 19.973567962646484
v 20.621307373046875 20.201868057250977 19.920747756958008
v 20.613222122192383 20.199241638183594 19.868440628051758
v 20.60116195678711 20.195322036743164 19.816987991333008
v 20.585201263427734 20.190135955810547 19.766721725463867
v 20.565446853637695 20.183717727661133 19.71796989440918
v 20.542024612426758 20.17610740661621 19.67104721069336
v 20.51508903503418 20.167354583740234 19.626256942749023
v 20.484811782836914 20.15751838684082 19.583892822265625
v 20.451391220092773 20.146657943725586 19.544225692749023
v 20.415042877197266 20.13484764099121 19.507516860961914
v 20.37600326538086 20.122163772583008 19.474002838134766
v 20.334524154663086 20.108686447143555 19.443899154663086
v 20.290878295898438 20.094505310058594 19.417402267456055
v 20.245344161987305 20.079710006713867 19.394683837890625
v 20.19822120666504 20.06439781188965 19.375892639160156
v 20.149810791015625 20.048669815063477 19.361148834228516
v 20.10042953491211 20.032625198364258 19.350549697875977
v 20.050397872924805 20.016368865966797 19.344161987304688
v 20.047218322753906 20.024044036865234 20.655967712402344
v 20.094091415405273 20.047927856445312 20.649580001831055
v 20.14035415649414 20.07149887084961 20.638980865478516
v 20.185707092285156 20.094608306884766 20.624237060546875
v 20.229856491088867 20.117103576660156 20.605445861816406
v 20.27251434326172 20.138837814331055 20.582727432250977
v 20.313405990600586 20.1596736907959 20.556230545043945
v 20.352264404296875 20.179473876953125 20.526126861572266
v 20.388839721679688 20.198108673095703 20.492612838745117
v 20.42289161682129 20.2154598236084 20.455904006958008
v 20.45420265197754 20.231412887573242 20.416236877441406
v 20.482568740844727 20.245866775512695 20.373872756958008
v 20.50780487060547 20.258724212646484 20.329082489013672
v 20.529747009277344 20.26990509033203 20.28215980529785
v 20.548254013061523 20.279335021972656 20.233407974243164
v 20.56320571899414 20.28695297241211 20.183141708374023
v 20.574506759643555 20.29271125793457 20.131689071655273
v 20.582080841064453 20.29656982421875 20.079381942749023
v 20.585880279541016 20.298505783081055 20.026561737060547
v 20.585880279541016 20.298505783081055 19.973567962646484
v 20.582080841064453 20.29656982421875 19.920747756958008
v 20.574506759643555 20.29271125793457 19.868440628051758
v 20.56320571899414 20.28695297241211 19.816987991333008
v 20.548254013061523 20.279335021972656 19.766721725463867
v 20.529747009277344 20.26990509033203 19.71796989440918
v 20.50780487060547 20.258724212646484 19.67104721069336
v 20.482568740844727 20.245866775512695 19.626256942749023
v 20.45420265197754 20.231412887573242 19.583892822265625
v 20.42289161682129 20.2154598236084 19.544225692749023
v 20.388839721679688 20.198108673095703 19.507516860961914
v 20.352264404296875 20.179473876953125 19.474002838134766
v 20.313405990600586 20.1596736907959 19.443899154663086
v 20.27251434326172 20.138837814331055 19.417402267456055
v 20.229856491088867 20.117103576660156 19.394683837890625
v 20.185707092285156 20.094608306884766 19.375892639160156
v 20.14035415649414 20.07149887084961 19.361148834228516
v 20.094091415405273 20.047927856445312 19.350549697875977
v 20.047218322753906 20.024044036865234 19.344161987304688
v 20.042877197265625 20.031129837036133 20.655967712402344
v 20.085437774658203 20.062049865722656 20.649580001831055
v 20.127443313598633 20.09256935119629 20.638980865478516
v 20.168622970581055 20.122488021850586 20.624237060546875
v 20.208707809448242 20.151613235473633 20.605445861816406
v 20.2474422454834 20.17975425720215 20.582727432250977
v 20.284570693969727 20.206727981567383 20.556230545043945
v 20.319852828979492 20.232362747192383 20.526126861572266
v 20.35306167602539 20.25649070739746 20.492612838745117
v 20.383981704711914 20.278955459594727 20.455904006958008
v 20.412410736083984 20.299610137939453 20.416236877441406
v 20.43816566467285 20.318323135375977 20.373872756958008
v 20.46108055114746 20.334970474243164 20.329082489013672
v 20.481002807617188 20.349445343017578 20.28215980529785
v 20.4978084564209 20.361656188964844 20.233407974243164
v 20.511384963989258 20.371519088745117 20.183141708374023
v 20.521644592285156 20.37897300720215 20.131689071655273
v 20.528522491455078 20.383970260620117 20.079381942749023
v 20.531970977783203 20.386476516723633 20.026561737060547
v 20.531970977783203 20.386476516723633 19.973567962646484
v 20.528522491455078 20.383970260620117 19.920747756958008
v 20.521644592285156 20.37897300720215 19.868440628051758
v 20.511384963989258 20.371519088745117 19.816987991333008
v 20.4978084564209 20.361656188964844 19.766721725463867
v 20.481002807617188 20.349445343017578 19.71796989440918
v 20.46108055114746 20.334970474243164 19.67104721069336
v 20.43816566467285 20.318323135375977 19.626256942749023
v 20.412410736083984 20.299610137939453 19.583892822265625
v 20.383981704711914 20.278955459594727 19.544225692749023
v 20.35306167602539 20.25649070739746 19.507516860961914
v 20.319852828979492 20.232362747192383 19.474002838134766
v 20.284570693969727 20.206727981567383 19.443899154663086
v 20.2474422454834 20.17975425720215 19.417402267456055
v 20.208707809448242 20.151613235473633 19.394683837890625
v 20.168622970581055 20.122488021850586 19.375892639160156
v 20.127443313598633 20.09256935119629 19.361148834228516
v 20.085437774658203 20.062049865722656 19.350549697875977
v 20.042877197265625 20.031129837036133 19.344161987304688
v 20.0374813079834 20.037446975708008 20.655967712402344
v 20.07468032836914 20.07464599609375 20.649580001831055
v 20.11139488220215 20.111360549926758 20.638980865478516
v 20.14738655090332 20.14735221862793 20.624237060546875
v 20.182422637939453 20.182388305664062 20.605445861816406
v 20.216276168823242 20.21624183654785 20.582727432250977
v 20.248727798461914 20.248693466186523 20.556230545043945
v 20.27956771850586 20.27953338623047 20.526126861572266
v 20.308591842651367 20.308557510375977 20.492612838745117
v 20.335617065429688 20.335582733154297 20.455904006958008
v 20.36046600341797 20.360431671142578 20.416236877441406
v 20.382976531982422 20.38294219970703 20.373872756958008
v 20.403003692626953 20.402969360351562 20.329082489013672
v 20.42041778564453 20.42038345336914 20.28215980529785
v 20.43510627746582 20.43507194519043 20.233407974243164
v 20.446971893310547 20.446937561035156 20.183141708374023
v 20.4559383392334 20.455904006958008 20.131689071655273
v 20.461950302124023 20.461915969848633 20.079381942749023
v 20.4649658203125 20.46493148803711 20.026561737060547
v 20.4649658203125 20.46493148803711 19.973567962646484
v 20.461950302124023 20.461915969848633 19.920747756958008
v 20.4559383392334 20.455904006958008 19.868440628051758
v 20.446971893310547 20.446937561035156 19.816987991333008
v 20.43510627746582 20.43507194519043 19.766721725463867
v 20.42041778564453 20.42038345336914 19.71796989440918
v 20.403003692626953 20.402969360351562 19.67104721069336
v 20.382976531982422 20.38294219970703 19.626256942749023
v 20.36046600341797 20.360431671142578 19.583892822265625
v 20.335617065429688 20.335582733154297 19.544225692749023
v 20.308591842651367 20.308557510375977 19.507516860961914
v 20.27956771850586 20.27953338623047 19.474002838134766
v 20.248727798461914 20.248693466186523 19.443899154663086
v 20.216276168823242 20.21624183654785 19.417402267456055
v 20.182422637939453 20.182388305664062 19.394683837890625
v 20.14738655090332 20.14735221862793 19.375892639160156
v 20.11139488220215 20.111360549926758 19.361148834228516
v 20.07468032836914 20.07464599609375 19.350549697875977
v 20.0374813079834 20.037446975708008 19.344161987304688
v 20.031164169311523 20.042842864990234 20.655967712402344
v 20.062084197998047 20.085403442382812 20.649580001831055
v 20.09260368347168 20.127408981323242 20.638980865478516
v 20.122522354125977 20.168588638305664 20.624237060546875
v 20.151647567749023 20.20867347717285 20.605445861816406
v 20.17978858947754 20.247407913208008 20.582727432250977
v 20.206762313842773 20.284536361694336 20.556230545043945
v 20.232397079467773 20.3198184967041 20.526126861572266
v 20.25652503967285 20.35302734375 20.492612838745117
v 20.278989791870117 20.383947372436523 20.455904006958008
v 20.299644470214844 20.412376403808594 20.416236877441406
v 20.318357467651367 20.43813133239746 20.373872756958008
v 20.335004806518555 20.46104621887207 20.329082489013672
v 20.34947967529297 20.480968475341797 20.28215980529785
v 20.361690521240234 20.497774124145508 20.233407974243164
v 20.371553421020508 20.511350631713867 20.183141708374023
v 20.37900733947754 20.521610260009766 20.131689071655273
v 20.384004592895508 20.528488159179688 20.079381942749023
v 20.386510848999023 20.531936645507812 20.026561737060547
v 20.386510848999023 20.531936645507812 19.973567962646484
v 20.384004592895508 20.528488159179688 19.920747756958008
v 20.37900733947754 20.521610260009766 19.868440628051758
v 20.371553421020508 20.511350631713867 19.816987991333008
v 20.361690521240234 20.497774124145508 19.766721725463867
v 20.34947967529297 20.480968475341797 19.71796989440918
v 20.335004806518555 20.46104621887207 19.67104721069336
v 20.318357467651367 20.43813133239746 19.626256942749023
v 20.299644470214844 20.412376403808594 19.583892822265625
v 20.278989791870117 20.383947372436523 19.544225692749023
v 20.25652503967285 20.35302734375 19.507516860961914
v 20.232397079467773 20.3198184967041 19.474002838134766
v 20.206762313842773 20.284536361694336 19.443899154663086
v 20.17978858947754 20.247407913208008 19.417402267456055
v 20.151647567749023 20.20867347717285 19.394683837890625
v 20.122522354125977 20.168588638305664 19.375892639160156
v 20.09260368347168 20.127408981323242 19.361148834228516
v 20.062084197998047 20.085403442382812 19.350549697875977
v 20.031164169311523 20.042842864990234 19.344161987304688
v 20.024078369140625 20.047183990478516 20.655967712402344
v 20.047962188720703 20.094057083129883 20.649580001831055
v 20.071533203125 20.14031982421875 20.638980865478516
v 20.094642639160156 20.185672760009766 20.624237060546875
v 20.117137908935547 20.229822158813477 20.605445861816406
v 20.138872146606445 20.272480010986328 20.582727432250977
v 20.15970802307129 20.313371658325195 20.556230545043945
v 20.179508209228516 20.352230072021484 20.526126861572266
v 20.198143005371094 20.388805389404297 20.492612838745117
v 20.21549415588379 20.4228572845459 20.455904006958008
v 20.231447219848633 20.45416831970215 20.416236877441406
v 20.245901107788086 20.482534408569336 20.373872756958008
v 20.258758544921875 20.507770538330078 20.329082489013672
v 20.269939422607422 20.529712677001953 20.28215980529785
v 20.279369354248047 20.548219680786133 20.233407974243164
v 20.2869873046875 20.56317138671875 20.183141708374023
v 20.29274559020996 20.574472427368164 20.131689071655273
v 20.29660415649414 20.582046508789062 20.079381942749023
v 20.298540115356445 20.585845947265625 20.026561737060547
v 20.298540115356445 20.585845947265625 19.973567962646484
v 20.29660415649414 20.582046508789062 19.920747756958008
v 20.29274559020996 20.574472427368164 19.868440628051758
v 20.2869873046875 20.56317138671875 19.816987991333008
v 20.279369354248047 20.548219680786133 19.766721725463867
v 20.269939422607422 20.529712677001953 19.71796989440918
v 20.258758544921875 20.507770538330078 19.67104721069336
v 20.245901107788086 20.482534408569336 19.626256942749023
v 20.231447219848633 20.45416831970215 19.583892822265625
v 20.21549415588379 20.4228572845459 19.544225692749023
v 20.198143005371094 20.388805389404297 19.507516860961914
v 20.179508209228516 20.352230072021484 19.474002838134766
v 20.15970802307129 20.313371658325195 19.443899154663086
v 20.138872146606445 20.272480010986328 19.417402267456055
v 20.117137908935547 20.229822158813477 19.394683837890625
v 20.094642639160156 20.185672760009766 19.375892639160156
v 20.071533203125 20.14031982421875 19.361148834228516
v 20.047962188720703 20.094057083129883 19.350549697875977
v 20.024078369140625 20.047183990478516 19.344161987304688
v 20.016403198242188 20.050363540649414 20.655967712402344
v 20.03265953063965 20.10039520263672 20.649580001831055
v 20.048704147338867 20.149776458740234 20.638980865478516
v 20.06443214416504 20.19818687438965 20.624237060546875
v 20.079744338989258 20.245309829711914 20.605445861816406
v 20.094539642333984 20.290843963623047 20.582727432250977
v 20.108720779418945 20.334489822387695 20.556230545043945
v 20.1221981048584 20.37596893310547 20.526126861572266
v 20.1348819732666 20.415008544921875 20.492612838745117
v 20.146692276000977 20.451356887817383 20.455904006958008
v 20.15755271911621 20.484777450561523 20.416236877441406
v 20.167388916015625 20.51505470275879 20.373872756958008
v 20.1761417388916 20.541990280151367 20.329082489013672
v 20.183752059936523 20.565412521362305 20.28215980529785
v 20.190170288085938 20.585166931152344 20.233407974243164
v 20.195356369018555 20.60112762451172 20.183141708374023
v 20.199275970458984 20.613187789916992 20.131689071655273
v 20.201902389526367 20.621273040771484 20.079381942749023
v 20.20322036743164 20.625328063964844 20.026561737060547
v 20.20322036743164 20.625328063964844 19.973567962646484
v 20.201902389526367 20.621273040771484 19.920747756958008
v 20.199275970458984 20.613187789916992 19.868440628051758
v 20.195356369018555 20.60112762451172 19.816987991333008
v 20.190170288085938 20.585166931152344 19.766721725463867
v 20.183752059936523 20.565412521362305 19.71796989440918
v 20.1761417388916 20.541990280151367 19.67104721069336
v 20.167388916015625 20.51505470275879 19.626256942749023
v 20.15755271911621 20.484777450561523 19.583892822265625
v 20.146692276000977 20.451356887817383 19.544225692749023
v 20.1348819732666 20.415008544921875 19.507516860961914
v 20.1221981048584 20.37596893310547 19.474002838134766
v 20.108720779418945 20.334489822387695 19.443899154663086
v 20.094539642333984 20.290843963623047 19.417402267456055
v 20.079744338989258 20.245309829711914 19.394683837890625
v 20.06443214416504 20.19818687438965 19.375892639160156
v 20.048704147338867 20.149776458740234 19.361148834228516
v 20.03265953063965 20.10039520263672 19.350549697875977
v 20.016403198242188 20.050363540649414 19.344161987304688
v 20.008323669433594 20.052303314208984 20.655967712402344
v 20.016551971435547 20.104263305664062 20.649580001831055
v 20.024675369262695 20.155546188354492 20.638980865478516
v 20.032638549804688 20.205820083618164 20.624237060546875
v 20.040388107299805 20.254758834838867 20.605445861816406
v 20.04787826538086 20.302045822143555 20.582727432250977
v 20.055057525634766 20.347373962402344 20.556230545043945
v 20.061880111694336 20.39044952392578 20.526126861572266
v 20.068302154541016 20.430992126464844 20.492612838745117
v 20.07427978515625 20.468740463256836 20.455904006958008
v 20.079776763916016 20.503448486328125 20.416236877441406
v 20.08475685119629 20.534893035888672 20.373872756958008
v 20.089187622070312 20.5628662109375 20.329082489013672
v 20.093040466308594 20.587190628051758 20.28215980529785
v 20.096290588378906 20.60770606994629 20.233407974243164
v 20.098915100097656 20.62428092956543 20.183141708374023
v 20.10089874267578 20.63680648803711 20.131689071655273
v 20.102230072021484 20.64520263671875 20.079381942749023
v 20.102895736694336 20.6494140625 20.026561737060547
v 20.102895736694336 20.6494140625 19.973567962646484
v 20.102230072021484 20.64520263671875 19.920747756958008
v 20.10089874267578 20.63680648803711 19.868440628051758
v 20.098915100097656 20.62428092956543 19.816987991333008
v 20.096290588378906 20.60770606994629 19.766721725463867
v 20.093040466308594 20.587190628051758 19.71796989440918
v 20.089187622070312 20.5628662109375 19.67104721069336
v 20.08475685119629 20.534893035888672 19.626256942749023
v 20.079776763916016 20.503448486328125 19.583892822265625
v 20.07427978515625 20.468740463256836 19.544225692749023
v 20.068302154541016 20.430992126464844 19.507516860961914
v 20.061880111694336 20.39044952392578 19.474002838134766
v 20.055057525634766 20.347373962402344 19.443899154663086
v 20.04787826538086 20.302045822143555 19.417402267456055
v 20.040388107299805 20.254758834838867 19.394683837890625
v 20.032638549804688 20.205820083618164 19.375892639160156
v 20.024675369262695 20.155546188354492 19.361148834228516
v 20.016551971435547 20.104263305664062 19.350549697875977
v 20.008323669433594 20.052303314208984 19.344161987304688
v 20.00004005432129 20.052955627441406 20.655967712402344
v 20.00004005432129 20.105562210083008 20.649580001831055
v 20.00004005432129 20.15748405456543 20.638980865478516
v 20.00004005432129 20.208385467529297 20.624237060546875
v 20.00004005432129 20.2579345703125 20.605445861816406
v 20.00004005432129 20.305810928344727 20.582727432250977
v 20.00004005432129 20.351703643798828 20.556230545043945
v 20.00004005432129 20.39531707763672 20.526126861572266
v 20.00004005432129 20.436365127563477 20.492612838745117
v 20.00004005432129 20.47458267211914 20.455904006958008
v 20.00004005432129 20.509723663330078 20.416236877441406
v 20.00004005432129 20.54155921936035 20.373872756958008
v 20.00004005432129 20.569883346557617 20.329082489013672
v 20.00004005432129 20.59450912475586 20.28215980529785
v 20.00004005432129 20.615280151367188 20.233407974243164
v 20.00004005432129 20.632062911987305 20.183141708374023
v 20.00004005432129 20.644744873046875 20.131689071655273
v 20.00004005432129 20.653244018554688 20.079381942749023
v 20.00004005432129 20.657508850097656 20.026561737060547
v 20.00004005432129 20.657508850097656 19.973567962646484
v 20.00004005432129 20.653244018554688 19.920747756958008
v 20.00004005432129 20.644744873046875 19.868440628051758
v 20.00004005432129 20.632062911987305 19.816987991333008
v 20.00004005432129 20.615280151367188 19.766721725463867
v 20.00004005432129 20.59450912475586 19.71796989440918
v 20.00004005432129 20.569883346557617 19.67104721069336
v 20.00004005432129 20.54155921936035 19.626256942749023
v 20.00004005432129 20.509723663330078 19.583892822265625
v 20.00004005432129 20.47458267211914 19.544225692749023
v 20.00004005432129 20.436365127563477 19.507516860961914
v 20.00004005432129 20.39531707763672 19.474002838134766
v 20.00004005432129 20.351703643798828 19.443899154663086
v 20.00004005432129 20.305810928344727 19.417402267456055
v 20.00004005432129 20.2579345703125 19.394683837890625
v 20.00004005432129 20.208385467529297 19.375892639160156
v 20.00004005432129 20.15748405456543 19.361148834228516
v 20.00004005432129 20.105562210083008 19.350549697875977
v 20.00004005432129 20.052955627441406 19.344161987304688
v 19.991756439208984 20.052303314208984 20.655967712402344
v 19.98352813720703 20.104263305664062 20.649580001831055
v 19.975404739379883 20.155546188354492 20.638980865478516
v 19.96744155883789 20.205820083618164 20.624237060546875
v 19.959692001342773 20.254758834838867 20.605445861816406
v 19.95220184326172 20.302045822143555 20.582727432250977
v 19.945022583007812 20.347373962402344 20.556230545043945
v 19.938199996948242 20.39044952392578 20.526126861572266
v 19.931777954101562 20.430992126464844 20.492612838745117
v 19.925800323486328 20.468740463256836 20.455904006958008
v 19.920303344726562 20.503448486328125 20.416236877441406
v 19.91532325744629 20.534893035888672 20.373872756958008
v 19.910892486572266 20.5628662109375 20.329082489013672
v 19.907039642333984 20.587190628051758 20.28215980529785
v 19.903789520263672 20.60770606994629 20.233407974243164
v 19.901165008544922 20.62428092956543 20.183141708374023
v 19.899181365966797 20.63680648803711 20.131689071655273
v 19.897850036621094 20.64520263671875 20.079381942749023
v 19.897184371948242 20.6494140625 20.026561737060547
v 19.897184371948242 20.6494140625 19.973567962646484
v 19.897850036621094 20.64520263671875 19.920747756958008
v 19.899181365966797 20.63680648803711 19.868440628051758
v 19.901165008544922 20.62428092956543 19.816987991333008
v 19.903789520263672 20.60770606994629 19.766721725463867
v 19.907039642333984 20.587190628051758 19.71796989440918
v 19.910892486572266 20.5628662109375 19.67104721069336
v 19.91532325744629 20.534893035888672 19.626256942749023
v 19.920303344726562 20.503448486328125 19.583892822265625
v 19.925800323486328 20.468740463256836 19.544225692749023
v 19.931777954101562 20.430992126464844 19.507516860961914
v 19.938199996948242 20.39044952392578 19.474002838134766
v 19.945022583007812 20.347373962402344 19.443899154663086
v 19.95220184326172 20.302045822143555 19.417402267456055
v 19.959692001342773 20.254758834838867 19.394683837890625
v 19.96744155883789 20.205820083618164 19.375892639160156
v 19.975404739379883 20.155546188354492 19.361148834228516
v 19.98352813720703 20.104263305664062 19.350549697875977
v 19.991756439208984 20.052303314208984 19.344161987304688
v 19.98367691040039 20.050363540649414 20.655967712402344
v 19.96742057800293 20.10039520263672 20.649580001831055
v 19.95137596130371 20.149776458740234 20.638980865478516
v 19.93564796447754 20.19818687438965 20.624237060546875
v 19.92033576965332 20.245309829711914 20.605445861816406
v 19.905540466308594 20.290843963623047 20.582727432250977
v 19.891359329223633 20.334489822387695 20.556230545043945
v 19.87788200378418 20.37596893310547 20.526126861572266
v 19.865198135375977 20.415008544921875 20.492612838745117
v 19.8533878326416 20.451356887817383 20.455904006958008
v 19.842527389526367 20.484777450561523 20.416236877441406
v 19.832691192626953 20.51505470275879 20.373872756958008
v 19.823938369750977 20.541990280151367 20.329082489013672
v 19.816328048706055 20.565412521362305 20.28215980529785
v 19.80990982055664 20.585166931152344 20.233407974243164
v 19.804723739624023 20.60112762451172 20.183141708374023
v 19.800804138183594 20.613187789916992 20.131689071655273
v 19.79817771911621 20.621273040771484 20.079381942749023
v 19.796859741210938 20.625328063964844 20.026561737060547
v 19.796859741210938 20.625328063964844 19.973567962646484
v 19.79817771911621 20.621273040771484 19.920747756958008
v 19.800804138183594 20.613187789916992 19.868440628051758
v 19.804723739624023 20.60112762451172 19.816987991333008
v 19.80990982055664 20.585166931152344 19.766721725463867
v 19.816328048706055 20.565412521362305 19.71796989440918
v 19.823938369750977 20.541990280151367 19.67104721069336
v 19.832691192626953 20.51505470275879 19.626256942749023
v 19.842527389526367 20.484777450561523 19.583892822265625
v 19.8533878326416 20.451356887817383 19.544225692749023
v 19.865198135375977 20.415008544921875 19.507516860961914
v 19.87788200378418 20.37596893310547 19.474002838134766
v 19.891359329223633 20.334489822387695 19.443899154663086
v 19.905540466308594 20.290843963623047 19.417402267456055
v 19.92033576965332 20.245309829711914 19.394683837890625
v 19.93564796447754 20.19818687438965 19.375892639160156
v 19.95137596130371 20.149776458740234 19.361148834228516
v 19.96742057800293 20.10039520263672 19.350549697875977
v 19.98367691040039 20.050363540649414 19.344161987304688
v 19.976001739501953 20.047183990478516 20.655967712402344
v 19.952117919921875 20.094057083129883 20.649580001831055
v 19.928546905517578 20.14031982421875 20.638980865478516
v 19.905437469482422 20.185672760009766 20.624237060546875
v 19.88294219970703 20.229822158813477 20.605445861816406
v 19.861207962036133 20.272480010986328 20.582727432250977
v 19.84037208557129 20.313371658325195 20.556230545043945
v 19.820571899414062 20.352230072021484 20.526126861572266
v 19.801937103271484 20.388805389404297 20.492612838745117
v 19.78458595275879 20.4228572845459 20.455904006958008
v 19.768632888793945 20.45416831970215 20.416236877441406
v 19.754179000854492 20.482534408569336 20.373872756958008
v 19.741321563720703 20.507770538330078 20.329082489013672
v 19.730140686035156 20.529712677001953 20.28215980529785
v 19.72071075439453 20.548219680786133 20.233407974243164
v 19.713092803955078 20.56317138671875 20.183141708374023
v 19.707334518432617 20.574472427368164 20.131689071655273
v 19.703475952148438 20.582046508789062 20.079381942749023
v 19.701539993286133 20.585845947265625 20.026561737060547
v 19.701539993286133 20.585845947265625 19.973567962646484
v 19.703475952148438 20.582046508789062 19.920747756958008
v 19.707334518432617 20.574472427368164 19.868440628051758
v 19.713092803955078 20.56317138671875 19.816987991333008
v 19.72071075439453 20.548219680786133 19.766721725463867
v 19.730140686035156 20.529712677001953 19.71796989440918
v 19.741321563720703 20.507770538330078 19.67104721069336
v 19.754179000854492 20.482534408569336 19.626256942749023
v 19.768632888793945 20.45416831970215 19.583892822265625
v 19.78458595275879 20.4228572845459 19.544225692749023
v 19.801937103271484 20.388805389404297 19.507516860961914
v 19.820571899414062 20.352230072021484 19.474002838134766
v 19.84037208557129 20.313371658325195 19.443899154663086
v 19.861207962036133 20.272480010986328 19.417402267456055
v 19.88294219970703 20.229822158813477 19.394683837890625
v 19.905437469482422 20.185672760009766 19.375892639160156
v 19.928546905517578 20.14031982421875 19.361148834228516
v 19.952117919921875 20.094057083129883 19.350549697875977
v 19.976001739501953 20.047183990478516 19.344161987304688
v 19.968915939331055 20.042842864990234 20.655967712402344
v 19.93799591064453 20.085403442382812 20.649580001831055
v 19.9074764251709 20.127408981323242 20.638980865478516
v 19.8775577545166 20.168588638305664 20.624237060546875
v 19.848432540893555 20.20867347717285 20.605445861816406
v 19.82029151916504 20.247407913208008 20.582727432250977
v 19.793317794799805 20.284536361694336 20.556230545043945
v 19.767683029174805 20.3198184967041 20.526126861572266
v 19.743555068969727 20.35302734375 20.492612838745117
v 19.72109031677246 20.383947372436523 20.455904006958008
v 19.700435638427734 20.412376403808594 20.416236877441406
v 19.68172264099121 20.43813133239746 20.373872756958008
v 19.665075302124023 20.46104621887207 20.329082489013672
v 19.65060043334961 20.480968475341797 20.28215980529785
v 19.638389587402344 20.497774124145508 20.233407974243164
v 19.62852668762207 20.511350631713867 20.183141708374023
v 19.62107276916504 20.521610260009766 20.131689071655273
v 19.61607551574707 20.528488159179688 20.079381942749023
v 19.613569259643555 20.531936645507812 20.026561737060547
v 19.613569259643555 20.531936645507812 19.973567962646484
v 19.61607551574707 20.528488159179688 19.920747756958008
v 19.62107276916504 20.521610260009766 19.868440628051758
v 19.62852668762207 20.511350631713867 19.816987991333008
v 19.638389587402344 20.497774124145508 19.766721725463867
v 19.65060043334961 20.480968475341797 19.71796989440918
v 19.665075302124023 20.46104621887207 19.67104721069336
v 19.68172264099121 20.43813133239746 19.626256942749023
v 19.700435638427734 20.412376403808594 19.583892822265625
v 19.72109031677246 20.383947372436523 19.544225692749023
v 19.743555068969727 20.35302734375 19.507516860961914
v 19.767683029174805 20.3198184967041 19.474002838134766
v 19.793317794799805 20.284536361694336 19.443899154663086
v 19.82029151916504 20.247407913208008 19.417402267456055
v 19.848432540893555 20.20867347717285 19.394683837890625
v 19.8775577545166 20.168588638305664 19.375892639160156
v 19.9074764251709 20.127408981323242 19.361148834228516
v 19.93799591064453 20.085403442382812 19.350549697875977
v 19.968915939331055 20.042842864990234 19.344161987304688
v 19.96259880065918 20.037446975708008 20.655967712402344
v 19.925399780273438 20.07464599609375 20.649580001831055
v 19.88868522644043 20.111360549926758 20.638980865478516
v 19.852693557739258 20.14735221862793 20.624237060546875
v 19.817657470703125 20.182388305664062 20.605445861816406
v 19.783803939819336 20.21624183654785 20.582727432250977
v 19.751352310180664 20.248693466186523 20.556230545043945
v 19.72051239013672 20.27953338623047 20.526126861572266
v 19.69148826599121 20.308557510375977 20.492612838745117
v 19.66446304321289 20.335582733154297 20.455904006958008
v 19.63961410522461 20.360431671142578 20.416236877441406
v 19.617103576660156 20.38294219970703 20.373872756958008
v 19.597076416015625 20.402969360351562 20.329082489013672
v 19.579662322998047 20.42038345336914 20.28215980529785
v 19.564973831176758 20.43507194519043 20.233407974243164
v 19.55310821533203 20.446937561035156 20.183141708374023
v 19.54414176940918 20.455904006958008 20.131689071655273
v 19.538129806518555 20.461915969848633 20.079381942749023
v 19.535114288330078 20.46493148803711 20.026561737060547
v 19.535114288330078 20.46493148803711 19.973567962646484
v 19.538129806518555 20.461915969848633 19.920747756958008
v 19.54414176940918 20.455904006958008 19.868440628051758
v 19.55310821533203 20.446937561035156 19.816987991333008
v 19.564973831176758 20.43507194519043 19.766721725463867
v 19.579662322998047 20.42038345336914 19.71796989440918
v 19.597076416015625 20.402969360351562 19.67104721069336
v 19.617103576660156 20.38294219970703 19.626256942749023
v 19.63961410522461 20.360431671142578 19.583892822265625
v 19.66446304321289 20.335582733154297 19.544225692749023
v 19.69148826599121 20.308557510375977 19.507516860961914
v 19.72051239013672 20.27953338623047 19.474002838134766
v 19.751352310180664 20.248693466186523 19.443899154663086
v 19.783803939819336 20.21624183654785 19.417402267456055
v 19.817657470703125 20.182388305664062 19.394683837890625
v 19.852693557739258 20.14735221862793 19.375892639160156
v 19.88868522644043 20.111360549926758 19.361148834228516
v 19.925399780273438 20.07464599609375 19.350549697875977
v 19.96259880065918 20.037446975708008 19.344161987304688
v 19.957202911376953 20.031129837036133 20.655967712402344
v 19.914642333984375 20.062049865722656 20.649580001831055
v 19.872636795043945 20.09256935119629 20.638980865478516
v 19.831457138061523 20.122488021850586 20.624237060546875
v 19.791372299194336 20.151613235473633 20.605445861816406
v 19.75263786315918 20.17975425720215 20.582727432250977
v 19.71550941467285 20.206727981567383 20.556230545043945
v 19.680227279663086 20.232362747192383 20.526126861572266
v 19.647018432617188 20.25649070739746 20.492612838745117
v 19.616098403930664 20.278955459594727 20.455904006958008
v 19.587669372558594 20.299610137939453 20.416236877441406
v 19.561914443969727 20.318323135375977 20.373872756958008
v 19.538999557495117 20.334970474243164 20.329082489013672
v 19.51907730102539 20.349445343017578 20.28215980529785
v 19.50227165222168 20.361656188964844 20.233407974243164
v 19.48869514465332 20.371519088745117 20.183141708374023
v 19.478435516357422 20.37897300720215 20.131689071655273
v 19.4715576171875 20.383970260620117 20.079381942749023
v 19.468109130859375 20.386476516723633 20.026561737060547
v 19.468109130859375 20.386476516723633 19.973567962646484
v 19.4715576171875 20.383970260620117 19.920747756958008
v 19.478435516357422 20.37897300720215 19.868440628051758
v 19.48869514465332 20.371519088745117 19.816987991333008
v 19.50227165222168 20.361656188964844 19.766721725463867
v 19.51907730102539 20.349445343017578 19.71796989440918
v 19.538999557495117 20.334970474243164 19.67104721069336
v 19.561914443969727 20.318323135375977 19.626256942749023
v 19.587669372558594 20.299610137939453 19.583892822265625
v 19.616098403930664 20.278955459594727 19.544225692749023
v 19.647018432617188 20.25649070739746 19.507516860961914
v 19.680227279663086 20.232362747192383 19.474002838134766
v 19.71550941467285 20.206727981567383 19.443899154663086
v 19.75263786315918 20.17975425720215 19.417402267456055
v 19.791372299194336 20.151613235473633 19.394683837890625
v 19.831457138061523 20.122488021850586 19.375892639160156
v 19.872636795043945 20.09256935119629 19.361148834228516
v 19.914642333984375 20.062049865722656 19.350549697875977
v 19.957202911376953 20.031129837036133 19.344161987304688
v 19.952861785888672 20.024044036865234 20.655967712402344
v 19.905988693237305 20.047927856445312 20.649580001831055
v 19.859725952148438 20.07149887084961 20.638980865478516
v 19.814373016357422 20.094608306884766 20.624237060546875
v 19.77022361755371 20.117103576660156 20.605445861816406
v 19.72756576538086 20.138837814331055 20.582727432250977
v 19.686674118041992 20.1596736907959 20.556230545043945
v 19.647815704345703 20.179473876953125 20.526126861572266
v 19.61124038696289 20.198108673095703 20.492612838745117
v 19.57718849182129 20.2154598236084 20.455904006958008
v 19.54587745666504 20.231412887573242 20.416236877441406
v 19.51751136779785 20.245866775512695 20.373872756958008
v 19.49227523803711 20.258724212646484 20.329082489013672
v 19.470333099365234 20.26990509033203 20.28215980529785
v 19.451826095581055 20.279335021972656 20.233407974243164
v 19.436874389648438 20.28695297241211 20.183141708374023
v 19.425573348999023 20.29271125793457 20.131689071655273
v 19.417999267578125 20.29656982421875 20.079381942749023
v 19.414199829101562 20.298505783081055 20.026561737060547
v 19.414199829101562 20.298505783081055 19.973567962646484
v 19.417999267578125 20.29656982421875 19.920747756958008
v 19.425573348999023 20.29271125793457 19.868440628051758
v 19.436874389648438 20.28695297241211 19.816987991333008
v 19.451826095581055 20.279335021972656 19.766721725463867
v 19.470333099365234 20.26990509033203 19.71796989440918
v 19.49227523803711 20.258724212646484 19.67104721069336
v 19.51751136779785 20.245866775512695 19.626256942749023
v 19.54587745666504 20.231412887573242 19.583892822265625
v 19.57718849182129 20.2154598236084 19.544225692749023
v 19.61124038696289 20.198108673095703 19.507516860961914
v 19.647815704345703 20.179473876953125 19.474002838134766
v 19.686674118041992 20.1596736907959 19.443899154663086
v 19.72756576538086 20.138837814331055 19.417402267456055
v 19.77022361755371 20.117103576660156 19.394683837890625
v 19.814373016357422 20.094608306884766 19.375892639160156
v 19.859725952148438 20.07149887084961 19.361148834228516
v 19.905988693237305 20.047927856445312 19.350549697875977
v 19.952861785888672 20.024044036865234 19.344161987304688
v 19.949682235717773 20.016368865966797 20.655967712402344
v 19.89965057373047 20.032625198364258 20.649580001831055
v 19.850269317626953 20.048669815063477 20.638980865478516
v 19.80185890197754 20.06439781188965 20.624237060546875
v 19.754735946655273 20.079710006713867 20.605445861816406
v 19.70920181274414 20.094505310058594 20.582727432250977
v 19.665555953979492 20.108686447143555 20.556230545043945
v 19.62407684326172 20.122163772583008 20.526126861572266
v 19.585037231445312 20.13484764099121 20.492612838745117
v 19.548688888549805 20.146657943725586 20.455904006958008
v 19.515268325805664 20.15751838684082 20.416236877441406
v 19.4849910736084 20.167354583740234 20.373872756958008
v 19.45805549621582 20.17610740661621 20.329082489013672
v 19.434633255004883 20.183717727661133 20.28215980529785
v 19.414878845214844 20.190135955810547 20.233407974243164
v 19.39891815185547 20.195322036743164 20.183141708374023
v 19.386857986450195 20.199241638183594 20.131689071655273
v 19.378772735595703 20.201868057250977 20.079381942749023
v 19.374717712402344 20.20318603515625 20.026561737060547
v 19.374717712402344 20.20318603515625 19.973567962646484
v 19.378772735595703 20.201868057250977 19.920747756958008
v 19.386857986450195 20.199241638183594 19.868440628051758
v 19.39891815185547 20.195322036743164 19.816987991333008
v 19.414878845214844 20.190135955810547 19.766721725463867
v 19.434633255004883 20.183717727661133 19.71796989440918
v 19.45805549621582 20.17610740661621 19.67104721069336
v 19.4849910736084 20.167354583740234 19.626256942749023
v 19.515268325805664 20.15751838684082 19.583892822265625
v 19.548688888549805 20.146657943725586 19.544225692749023
v 19.585037231445312 20.13484764099121 19.507516860961914
v 19.62407684326172 20.122163772583008 19.474002838134766
v 19.665555953979492 20.108686447143555 19.443899154663086
v 19.70920181274414 20.094505310058594 19.417402267456055
v 19.754735946655273 20.079710006713867 19.394683837890625
v 19.80185890197754 20.06439781188965 19.375892639160156
v 19.850269317626953 20.048669815063477 19.361148834228516
v 19.89965057373047 20.032625198364258 19.350549697875977
v 19.949682235717773 20.016368865966797 19.344161987304688
v 19.947742462158203 20.008289337158203 20.655967712402344
v 19.895782470703125 20.016517639160156 20.649580001831055
v 19.844499588012695 20.024641036987305 20.638980865478516
v 19.794225692749023 20.032604217529297 20.624237060546875
v 19.74528694152832 20.040353775024414 20.605445861816406
v 19.697999954223633 20.04784393310547 20.582727432250977
v 19.652671813964844 20.055023193359375 20.556230545043945
v 19.609596252441406 20.061845779418945 20.526126861572266
v 19.569053649902344 20.068267822265625 20.492612838745117
v 19.53130531311035 20.07424545288086 20.455904006958008
v 19.496597290039062 20.079742431640625 20.416236877441406
v 19.465152740478516 20.0847225189209 20.373872756958008
v 19.437179565429688 20.089153289794922 20.329082489013672
v 19.41285514831543 20.093006134033203 20.28215980529785
v 19.3923397064209 20.096256256103516 20.233407974243164
v 19.375764846801758 20.098880767822266 20.183141708374023
v 19.363239288330078 20.10086441040039 20.131689071655273
v 19.354843139648438 20.102195739746094 20.079381942749023
v 19.350631713867188 20.102861404418945 20.026561737060547
v 19.350631713867188 20.102861404418945 19.973567962646484
v 19.354843139648438 20.102195739746094 19.920747756958008
v 19.363239288330078 20.10086441040039 19.868440628051758
v 19.375764846801758 20.098880767822266 19.816987991333008
v 19.3923397064209 20.096256256103516 19.766721725463867
v 19.41285514831543 20.093006134033203 19.71796989440918
v 19.437179565429688 20.089153289794922 19.67104721069336
v 19.465152740478516 20.0847225189209 19.626256942749023
v 19.496597290039062 20.079742431640625 19.583892822265625
v 19.53130531311035 20.07424545288086 19.544225692749023
v 19.569053649902344 20.068267822265625 19.507516860961914
v 19.609596252441406 20.061845779418945 19.474002838134766
v 19.652671813964844 20.055023193359375 19.443899154663086
v 19.697999954223633 20.04784393310547 19.417402267456055
v 19.74528694152832 20.040353775024414 19.394683837890625
v 19.794225692749023 20.032604217529297 19.375892639160156
v 19.844499588012695 20.024641036987305 19.361148834228516
v 19.895782470703125 20.016517639160156 19.350549697875977
v 19.947742462158203 20.008289337158203 19.344161987304688
v 19.94709014892578 20.0000057220459 20.655967712402344
v 19.89448356628418 20.0000057220459 20.649580001831055
v 19.842561721801758 20.0000057220459 20.638980865478516
v 19.79166030883789 20.0000057220459 20.624237060546875
v 19.742111206054688 20.0000057220459 20.605445861816406
v 19.69423484802246 20.0000057220459 20.582727432250977
v 19.64834213256836 20.0000057220459 20.556230545043945
v 19.60472869873047 20.0000057220459 20.526126861572266
v 19.56368064880371 20.0000057220459 20.492612838745117
v 19.525463104248047 20.0000057220459 20.455904006958008
v 19.49032211303711 20.0000057220459 20.416236877441406
v 19.458486557006836 20.0000057220459 20.373872756958008
v 19.43016242980957 20.0000057220459 20.329082489013672
v 19.405536651611328 20.0000057220459 20.28215980529785
v 19.384765625 20.0000057220459 20.233407974243164
v 19.367982864379883 20.0000057220459 20.183141708374023
v 19.355300903320312 20.0000057220459 20.131689071655273
v 19.3468017578125 20.0000057220459 20.079381942749023
v 19.34253692626953 20.0000057220459 20.026561737060547
v 19.34253692626953 20.0000057220459 19.973567962646484
v 19.3468017578125 20.0000057220459 19.920747756958008
v 19.355300903320312 20.0000057220459 19.868440628051758
v 19.367982864379883 20.0000057220459 19.816987991333008
v 19.384765625 20.0000057220459 19.766721725463867
v 19.405536651611328 20.0000057220459 19.71796989440918
v 19.43016242980957 20.0000057220459 19.67104721069336
v 19.458486557006836 20.0000057220459 19.626256942749023
v 19.49032211303711 20.0000057220459 19.583892822265625
v 19.525463104248047 20.0000057220459 19.544225692749023
v 19.56368064880371 20.0000057220459 19.507516860961914
v 19.60472869873047 20.0000057220459 19.474002838134766
v 19.64834213256836 20.0000057220459 19.443899154663086
v 19.69423484802246 20.0000057220459 19.417402267456055
v 19.742111206054688 20.0000057220459 19.394683837890625
v 19.79166030883789 20.0000057220459 19.375892639160156
v 19.842561721801758 20.0000057220459 19.361148834228516
v 19.89448356628418 20.0000057220459 19.350549697875977
v 19.94709014892578 20.0000057220459 19.344161987304688
v 19.947742462158203 19.991722106933594 20.655967712402344
v 19.895782470703125 19.98349380493164 20.649580001831055
v 19.844499588012695 19.975370407104492 20.638980865478516
v 19.794225692749023 19.9674072265625 20.624237060546875
v 19.74528694152832 19.959657669067383 20.605445861816406
v 19.697999954223633 19.952167510986328 20.582727432250977
v 19.652671813964844 19.944988250732422 20.556230545043945
v 19.609596252441406 19.93816566467285 20.526126861572266
v 19.569053649902344 19.931743621826172 20.492612838745117
v 19.53130531311035 19.925765991210938 20.455904006958008
v 19.496597290039062 19.920269012451172 20.416236877441406
v 19.465152740478516 19.9152889251709 20.373872756958008
v 19.437179565429688 19.910858154296875 20.329082489013672
v 19.41285514831543 19.907005310058594 20.28215980529785
v 19.3923397064209 19.90375518798828 20.233407974243164
v 19.375764846801758 19.90113067626953 20.183141708374023
v 19.363239288330078 19.899147033691406 20.131689071655273
v 19.354843139648438 19.897815704345703 20.079381942749023
v 19.350631713867188 19.89715003967285 20.026561737060547
v 19.350631713867188 19.89715003967285 19.973567962646484
v 19.354843139648438 19.897815704345703 19.920747756958008
v 19.363239288330078 19.899147033691406 19.868440628051758
v 19.375764846801758 19.90113067626953 19.816987991333008
v 19.3923397064209 19.90375518798828 19.766721725463867
v 19.41285514831543 19.907005310058594 19.71796989440918
v 19.437179565429688 19.910858154296875 19.67104721069336
v 19.465152740478516 19.9152889251709 19.626256942749023
v 19.496597290039062 19.920269012451172 19.583892822265625
v 19.53130531311035 19.925765991210938 19.544225692749023
v 19.569053649902344 19.931743621826172 19.507516860961914
v 19.609596252441406 19.93816566467285 19.474002838134766
v 19.652671813964844 19.944988250732422 19.443899154663086
v 19.697999954223633 19.952167510986328 19.417402267456055
v 19.74528694152832 19.959657669067383 19.394683837890625
v 19.794225692749023 19.9674072265625 19.375892639160156
v 19.844499588012695 19.975370407104492 19.361148834228516
v 19.895782470703125 19.98349380493164 19.350549697875977
v 19.947742462158203 19.991722106933594 19.344161987304688
v 19.949682235717773 19.983642578125 20.655967712402344
v 19.89965057373047 19.96738624572754 20.649580001831055
v 19.850269317626953 19.95134162902832 20.638980865478516
v 19.80185890197754 19.93561363220215 20.624237060546875
v 19.754735946655273 19.92030143737793 20.605445861816406
v 19.70920181274414 19.905506134033203 20.582727432250977
v 19.665555953979492 19.891324996948242 20.556230545043945
v 19.62407684326172 19.87784767150879 20.526126861572266
v 19.585037231445312 19.865163803100586 20.492612838745117
v 19.548688888549805 19.85335350036621 20.455904006958008
v 19.515268325805664 19.842493057250977 20.416236877441406
v 19.4849910736084 19.832656860351562 20.373872756958008
v 19.45805549621582 19.823904037475586 20.329082489013672
v 19.434633255004883 19.816293716430664 20.28215980529785
v 19.414878845214844 19.80987548828125 20.233407974243164
v 19.39891815185547 19.804689407348633 20.183141708374023
v 19.386857986450195 19.800769805908203 20.131689071655273
v 19.378772735595703 19.79814338684082 20.079381942749023
v 19.374717712402344 19.796825408935547 20.026561737060547
v 19.374717712402344 19.796825408935547 19.973567962646484
v 19.378772735595703 19.79814338684082 19.920747756958008
v 19.386857986450195 19.800769805908203 19.868440628051758
v 19.39891815185547 19.804689407348633 19.816987991333008
v 19.414878845214844 19.80987548828125 19.766721725463867
v 19.434633255004883 19.816293716430664 19.71796989440918
v 19.45805549621582 19.823904037475586 19.67104721069336
v 19.4849910736084 19.832656860351562 19.626256942749023
v 19.515268325805664 19.842493057250977 19.583892822265625
v 19.548688888549805 19.85335350036621 19.544225692749023
v 19.585037231445312 19.865163803100586 19.507516860961914
v 19.62407684326172 19.87784767150879 19.474002838134766
v 19.665555953979492 19.891324996948242 19.443899154663086
v 19.70920181274414 19.905506134033203 19.417402267456055
v 19.754735946655273 19.92030143737793 19.394683837890625
v 19.80185890197754 19.93561363220215 19.375892639160156
v 19.850269317626953 19.95134162902832 19.361148834228516
v 19.89965057373047 19.96738624572754 19.350549697875977
v 19.949682235717773 19.983642578125 19.344161987304688
v 19.952861785888672 19.975967407226562 20.655967712402344
v 19.905988693237305 19.952083587646484 20.649580001831055
v 19.859725952148438 19.928512573242188 20.638980865478516
v 19.814373016357422 19.90540313720703 20.624237060546875
v 19.77022361755371 19.88290786743164 20.605445861816406
v 19.72756576538086 19.861173629760742 20.582727432250977
v 19.686674118041992 19.8403377532959 20.556230545043945
v 19.647815704345703 19.820537567138672 20.526126861572266
v 19.61124038696289 19.801902770996094 20.492612838745117
v 19.57718849182129 19.7845516204834 20.455904006958008
v 19.54587745666504 19.768598556518555 20.416236877441406
v 19.51751136779785 19.7541446685791 20.373872756958008
v 19.49227523803711 19.741287231445312 20.329082489013672
v 19.470333099365234 19.730106353759766 20.28215980529785
v 19.451826095581055 19.72067642211914 20.233407974243164
v 19.436874389648438 19.713058471679688 20.183141708374023
v 19.425573348999023 19.707300186157227 20.131689071655273
v 19.417999267578125 19.703441619873047 20.079381942749023
v 19.414199829101562 19.701505661010742 20.026561737060547
v 19.414199829101562 19.701505661010742 19.973567962646484
v 19.417999267578125 19.703441619873047 19.920747756958008
v 19.425573348999023 19.707300186157227 19.868440628051758
v 19.436874389648438 19.713058471679688 19.816987991333008
v 19.451826095581055 19.72067642211914 19.766721725463867
v 19.470333099365234 19.730106353759766 19.71796989440918
v 19.49227523803711 19.741287231445312 19.67104721069336
v 19.51751136779785 19.7541446685791 19.626256942749023
v 19.54587745666504 19.768598556518555 19.583892822265625
v 19.57718849182129 19.7845516204834 19.544225692749023
v 19.61124038696289 19.801902770996094 19.507516860961914
v 19.647815704345703 19.820537567138672 19.474002838134766
v 19.686674118041992 19.8403377532959 19.443899154663086
v 19.72756576538086 19.861173629760742 19.417402267456055
v 19.77022361755371 19.88290786743164 19.394683837890625
v 19.814373016357422 19.90540313720703 19.375892639160156
v 19.859725952148438 19.928512573242188 19.361148834228516
v 19.905988693237305 19.952083587646484 19.350549697875977
v 19.952861785888672 19.975967407226562 19.344161987304688
v 19.957202911376953 19.968881607055664 20.655967712402344
v 19.914642333984375 19.93796157836914 20.649580001831055
v 19.872636795043945 19.907442092895508 20.638980865478516
v 19.831457138061523 19.87752342224121 20.624237060546875
v 19.791372299194336 19.848398208618164 20.605445861816406
v 19.75263786315918 19.82025718688965 20.582727432250977
v 19.71550941467285 19.793283462524414 20.556230545043945
v 19.680227279663086 19.767648696899414 20.526126861572266
v 19.647018432617188 19.743520736694336 20.492612838745117
v 19.616098403930664 19.72105598449707 20.455904006958008
v 19.587669372558594 19.700401306152344 20.416236877441406
v 19.561914443969727 19.68168830871582 20.373872756958008
v 19.538999557495117 19.665040969848633 20.329082489013672
v 19.51907730102539 19.65056610107422 20.28215980529785
v 19.50227165222168 19.638355255126953 20.233407974243164
v 19.48869514465332 19.62849235534668 20.183141708374023
v 19.478435516357422 19.62103843688965 20.131689071655273
v 19.4715576171875 19.61604118347168 20.079381942749023
v 19.468109130859375 19.613534927368164 20.026561737060547
v 19.468109130859375 19.613534927368164 19.973567962646484
v 19.4715576171875 19.61604118347168 19.920747756958008
v 19.478435516357422 19.62103843688965 19.868440628051758
v 19.48869514465332 19.62849235534668 19.816987991333008
v 19.50227165222168 19.638355255126953 19.766721725463867
v 19.51907730102539 19.65056610107422 19.71796989440918
v 19.538999557495117 19.665040969848633 19.67104721069336
v 19.561914443969727 19.68168830871582 19.626256942749023
v 19.587669372558594 19.700401306152344 19.583892822265625
v 19.616098403930664 19.72105598449707 19.544225692749023
v 19.647018432617188 19.743520736694336 19.507516860961914
v 19.680227279663086 19.767648696899414 19.474002838134766
v 19.71550941467285 19.793283462524414 19.443899154663086
v 19.75263786315918 19.82025718688965 19.417402267456055
v 19.791372299194336 19.848398208618164 19.394683837890625
v 19.831457138061523 19.87752342224121 19.375892639160156
v 19.872636795043945 19.907442092895508 19.361148834228516
v 19.914642333984375 19.93796157836914 19.350549697875977
v 19.957202911376953 19.968881607055664 19.344161987304688
v 19.96259880065918 19.96256446838379 20.655967712402344
v 19.925399780273438 19.925365447998047 20.649580001831055
v 19.88868522644043 19.88865089416504 20.638980865478516
v 19.852693557739258 19.852659225463867 20.624237060546875
v 19.817657470703125 19.817623138427734 20.605445861816406
v 19.783803939819336 19.783769607543945 20.582727432250977
v 19.751352310180664 19.751317977905273 20.556230545043945
v 19.72051239013672 19.720478057861328 20.526126861572266
v 19.69148826599121 19.69145393371582 20.492612838745117
v 19.66446304321289 19.6644287109375 20.455904006958008
v 19.63961410522461 19.63957977294922 20.416236877441406
v 19.617103576660156 19.617069244384766 20.373872756958008
v 19.597076416015625 19.597042083740234 20.329082489013672
v 19.579662322998047 19.579627990722656 20.28215980529785
v 19.564973831176758 19.564939498901367 20.233407974243164
v 19.55310821533203 19.55307388305664 20.183141708374023
v 19.54414176940918 19.54410743713379 20.131689071655273
v 19.538129806518555 19.538095474243164 20.079381942749023
v 19.535114288330078 19.535079956054688 20.026561737060547
v 19.535114288330078 19.535079956054688 19.973567962646484
v 19.538129806518555 19.538095474243164 19.920747756958008
v 19.54414176940918 19.54410743713379 19.868440628051758
v 19.55310821533203 19.55307388305664 19.816987991333008
v 19.564973831176758 19.564939498901367 19.766721725463867
v 19.579662322998047 19.579627990722656 19.71796989440918
v 19.597076416015625 19.597042083740234 19.67104721069336
v 19.617103576660156 19.617069244384766 19.626256942749023
v 19.63961410522461 19.63957977294922 19.583892822265625
v 19.66446304321289 19.6644287109375 19.544225692749023
v 19.69148826599121 19.69145393371582 19.507516860961914
v 19.72051239013672 19.720478057861328 19.474002838134766
v 19.751352310180664 19.751317977905273 19.443899154663086
v 19.783803939819336 19.783769607543945 19.417402267456055
v 19.817657470703125 19.817623138427734 19.394683837890625
v 19.852693557739258 19.852659225463867 19.375892639160156
v 19.88868522644043 19.88865089416504 19.361148834228516
v 19.925399780273438 19.925365447998047 19.350549697875977
v 19.96259880065918 19.96256446838379 19.344161987304688
v 19.968915939331055 19.957168579101562 20.655967712402344
v 19.93799591064453 19.914608001708984 20.649580001831055
v 19.9074764251709 19.872602462768555 20.638980865478516
v 19.8775577545166 19.831422805786133 20.624237060546875
v 19.848432540893555 19.791337966918945 20.605445861816406
v 19.82029151916504 19.75260353088379 20.582727432250977
v 19.793317794799805 19.71547508239746 20.556230545043945
v 19.767683029174805 19.680192947387695 20.526126861572266
v 19.743555068969727 19.646984100341797 20.492612838745117
v 19.72109031677246 19.616064071655273 20.455904006958008
v 19.700435638427734 19.587635040283203 20.416236877441406
v 19.68172264099121 19.561880111694336 20.373872756958008
v 19.665075302124023 19.538965225219727 20.329082489013672
v 19.65060043334961 19.51904296875 20.28215980529785
v 19.638389587402344 19.50223731994629 20.233407974243164
v 19.62852668762207 19.48866081237793 20.183141708374023
v 19.62107276916504 19.47840118408203 20.131689071655273
v 19.61607551574707 19.47152328491211 20.079381942749023
v 19.613569259643555 19.468074798583984 20.026561737060547
v 19.613569259643555 19.468074798583984 19.973567962646484
v 19.61607551574707 19.47152328491211 19.920747756958008
v 19.62107276916504 19.47840118408203 19.868440628051758
v 19.62852668762207 19.48866081237793 19.816987991333008
v 19.638389587402344 19.50223731994629 19.766721725463867
v 19.65060043334961 19.51904296875 19.71796989440918
v 19.665075302124023 19.538965225219727 19.67104721069336
v 19.68172264099121 19.561880111694336 19.626256942749023
v 19.700435638427734 19.587635040283203 19.583892822265625
v 19.72109031677246 19.616064071655273 19.544225692749023
v 19.743555068969727 19.646984100341797 19.507516860961914
v 19.767683029174805 19.680192947387695 19.474002838134766
v 19.793317794799805 19.71547508239746 19.443899154663086
v 19.82029151916504 19.75260353088379 19.417402267456055
v 19.848432540893555 19.791337966918945 19.394683837890625
v 19.8775577545166 19.831422805786133 19.375892639160156
v 19.9074764251709 19.872602462768555 19.361148834228516
v 19.93799591064453 19.914608001708984 19.350549697875977
v 19.968915939331055 19.957168579101562 19.344161987304688
v 19.976001739501953 19.95282745361328 20.655967712402344
v 19.952117919921875 19.905954360961914 20.649580001831055
v 19.928546905517578 19.859691619873047 20.638980865478516
v 19.905437469482422 19.81433868408203 20.624237060546875
v 19.88294219970703 19.77018928527832 20.605445861816406
v 19.861207962036133 19.72753143310547 20.582727432250977
v 19.84037208557129 19.6866397857666 20.556230545043945
v 19.820571899414062 19.647781372070312 20.526126861572266
v 19.801937103271484 19.6112060546875 20.492612838745117
v 19.78458595275879 19.5771541595459 20.455904006958008
v 19.768632888793945 19.54584312438965 20.416236877441406
v 19.754179000854492 19.51747703552246 20.373872756958008
v 19.741321563720703 19.49224090576172 20.329082489013672
v 19.730140686035156 19.470298767089844 20.28215980529785
v 19.72071075439453 19.451791763305664 20.233407974243164
v 19.713092803955078 19.436840057373047 20.183141708374023
v 19.707334518432617 19.425539016723633 20.131689071655273
v 19.703475952148438 19.417964935302734 20.079381942749023
v 19.701539993286133 19.414165496826172 20.026561737060547
v 19.701539993286133 19.414165496826172 19.973567962646484
v 19.703475952148438 19.417964935302734 19.920747756958008
v 19.707334518432617 19.425539016723633 19.868440628051758
v 19.713092803955078 19.436840057373047 19.816987991333008
v 19.72071075439453 19.451791763305664 19.766721725463867
v 19.730140686035156 19.470298767089844 19.71796989440918
v 19.741321563720703 19.49224090576172 19.67104721069336
v 19.754179000854492 19.51747703552246 19.626256942749023
v 19.768632888793945 19.54584312438965 19.583892822265625
v 19.78458595275879 19.5771541595459 19.544225692749023
v 19.801937103271484 19.6112060546875 19.507516860961914
v 19.820571899414062 19.647781372070312 19.474002838134766
v 19.84037208557129 19.6866397857666 19.443899154663086
v 19.861207962036133 19.72753143310547 19.417402267456055
v 19.88294219970703 19.77018928527832 19.394683837890625
v 19.905437469482422 19.81433868408203 19.375892639160156
v 19.928546905517578 19.859691619873047 19.361148834228516
v 19.952117919921875 19.905954360961914 19.350549697875977
v 19.976001739501953 19.95282745361328 19.344161987304688
v 19.98367691040039 19.949647903442383 20.655967712402344
v 19.96742057800293 19.899616241455078 20.649580001831055
v 19.95137596130371 19.850234985351562 20.638980865478516
v 19.93564796447754 19.80182456970215 20.624237060546875
v 19.92033576965332 19.754701614379883 20.605445861816406
v 19.905540466308594 19.70916748046875 20.582727432250977
v 19.891359329223633 19.6655216217041 20.556230545043945
v 19.87788200378418 19.624042510986328 20.526126861572266
v 19.865198135375977 19.585002899169922 20.492612838745117
v 19.8533878326416 19.548654556274414 20.455904006958008
v 19.842527389526367 19.515233993530273 20.416236877441406
v 19.832691192626953 19.484956741333008 20.373872756958008
v 19.823938369750977 19.45802116394043 20.329082489013672
v 19.816328048706055 19.434598922729492 20.28215980529785
v 19.80990982055664 19.414844512939453 20.233407974243164
v 19.804723739624023 19.398883819580078 20.183141708374023
v 19.800804138183594 19.386823654174805 20.131689071655273
v 19.79817771911621 19.378738403320312 20.079381942749023
v 19.796859741210938 19.374683380126953 20.026561737060547
v 19.796859741210938 19.374683380126953 19.973567962646484
v 19.79817771911621 19.378738403320312 19.920747756958008
v 19.800804138183594 19.386823654174805 19.868440628051758
v 19.804723739624023 19.398883819580078 19.816987991333008
v 19.80990982055664 19.414844512939453 19.766721725463867
v 19.816328048706055 19.434598922729492 19.71796989440918
v 19.823938369750977 19.45802116394043 19.67104721069336
v 19.832691192626953 19.484956741333008 19.626256942749023
v 19.842527389526367 19.515233993530273 19.583892822265625
v 19.8533878326416 19.548654556274414 19.544225692749023
v 19.865198135375977 19.585002899169922 19.507516860961914
v 19.87788200378418 19.624042510986328 19.474002838134766
v 19.891359329223633 19.6655216217041 19.443899154663086
v 19.905540466308594 19.70916748046875 19.417402267456055
v 19.92033576965332 19.754701614379883 19.394683837890625
v 19.93564796447754 19.80182456970215 19.375892639160156
v 19.95137596130371 19.850234985351562 19.361148834228516
v 19.96742057800293 19.899616241455078 19.350549697875977
v 19.98367691040039 19.949647903442383 19.344161987304688
v 19.991756439208984 19.947708129882812 20.655967712402344
v 19.98352813720703 19.895748138427734 20.649580001831055
v 19.975404739379883 19.844465255737305 20.638980865478516
v 19.96744155883789 19.794191360473633 20.624237060546875
v 19.959692001342773 19.74525260925293 20.605445861816406
v 19.95220184326172 19.697965621948242 20.582727432250977
v 19.945022583007812 19.652637481689453 20.556230545043945
v 19.938199996948242 19.609561920166016 20.526126861572266
v 19.931777954101562 19.569019317626953 20.492612838745117
v 19.925800323486328 19.53127098083496 20.455904006958008
v 19.920303344726562 19.496562957763672 20.416236877441406
v 19.91532325744629 19.465118408203125 20.373872756958008
v 19.910892486572266 19.437145233154297 20.329082489013672
v 19.907039642333984 19.41282081604004 20.28215980529785
v 19.903789520263672 19.392305374145508 20.233407974243164
v 19.901165008544922 19.375730514526367 20.183141708374023
v 19.899181365966797 19.363204956054688 20.131689071655273
v 19.897850036621094 19.354808807373047 20.079381942749023
v 19.897184371948242 19.350597381591797 20.026561737060547
v 19.897184371948242 19.350597381591797 19.973567962646484
v 19.897850036621094 19.354808807373047 19.920747756958008
v 19.899181365966797 19.363204956054688 19.868440628051758
v 19.901165008544922 19.375730514526367 19.816987991333008
v 19.903789520263672 19.392305374145508 19.766721725463867
v 19.907039642333984 19.41282081604004 19.71796989440918
v 19.910892486572266 19.437145233154297 19.67104721069336
v 19.91532325744629 19.465118408203125 19.626256942749023
v 19.920303344726562 19.496562957763672 19.583892822265625
v 19.925800323486328 19.53127098083496 19.544225692749023
v 19.931777954101562 19.569019317626953 19.507516860961914
v 19.938199996948242 19.609561920166016 19.474002838134766
v 19.945022583007812 19.652637481689453 19.443899154663086
v 19.95220184326172 19.697965621948242 19.417402267456055
v 19.959692001342773 19.74525260925293 19.394683837890625
v 19.96744155883789 19.794191360473633 19.375892639160156
v 19.975404739379883 19.844465255737305 19.361148834228516
v 19.98352813720703 19.895748138427734 19.350549697875977
v 19.991756439208984 19.947708129882812 19.344161987304688
v 20.00004005432129 19.94705581665039 20.655967712402344
v 20.00004005432129 19.89444923400879 20.649580001831055
v 20.00004005432129 19.842527389526367 20.638980865478516
v 20.00004005432129 19.7916259765625 20.624237060546875
v 20.00004005432129 19.742076873779297 20.605445861816406
v 20.00004005432129 19.69420051574707 20.582727432250977
v 20.00004005432129 19.64830780029297 20.556230545043945
v 20.00004005432129 19.604694366455078 20.526126861572266
v 20.00004005432129 19.56364631652832 20.492612838745117
v 20.00004005432129 19.525428771972656 20.455904006958008
v 20.00004005432129 19.49028778076172 20.416236877441406
v 20.00004005432129 19.458452224731445 20.373872756958008
v 20.00004005432129 19.43012809753418 20.329082489013672
v 20.00004005432129 19.405502319335938 20.28215980529785
v 20.00004005432129 19.38473129272461 20.233407974243164
v 20.00004005432129 19.367948532104492 20.183141708374023
v 20.00004005432129 19.355266571044922 20.131689071655273
v 20.00004005432129 19.34676742553711 20.079381942749023
v 20.00004005432129 19.34250259399414 20.026561737060547
v 20.00004005432129 19.34250259399414 19.973567962646484
v 20.00004005432129 19.34676742553711 19.920747756958008
v 20.00004005432129 19.355266571044922 19.868440628051758
v 20.00004005432129 19.367948532104492 19.816987991333008
v 20.00004005432129 19.38473129272461 19.766721725463867
v 20.00004005432129 19.405502319335938 19.71796989440918
v 20.00004005432129 19.43012809753418 19.67104721069336
v 20.00004005432129 19.458452224731445 19.626256942749023
v 20.00004005432129 19.49028778076172 19.583892822265625
v 20.00004005432129 19.525428771972656 19.544225692749023
v 20.00004005432129 19.56364631652832 19.507516860961914
v 20.00004005432129 19.604694366455078 19.474002838134766
v 20.00004005432129 19.64830780029297 19.443899154663086
v 20.00004005432129 19.69420051574707 19.417402267456055
v 20.00004005432129 19.742076873779297 19.394683837890625
v 20.00004005432129 19.7916259765625 19.375892639160156
v 20.00004005432129 19.842527389526367 19.361148834228516
v 20.00004005432129 19.89444923400879 19.350549697875977
v 20.00004005432129 19.94705581665039 19.344161987304688
v 20.008323669433594 19.947708129882812 20.655967712402344
v 20.016551971435547 19.895748138427734 20.649580001831055
v 20.024675369262695 19.844465255737305 20.638980865478516
v 20.032638549804688 19.794191360473633 20.624237060546875
v 20.040388107299805 19.74525260925293 20.605445861816406
v 20.04787826538086 19.697965621948242 20.582727432250977
v 20.055057525634766 19.652637481689453 20.556230545043945
v 20.061880111694336 19.609561920166016 20.526126861572266
v 20.068302154541016 19.569019317626953 20.492612838745117
v 20.07427978515625 19.53127098083496 20.455904006958008
v 20.079776763916016 19.496562957763672 20.416236877441406
v 20.08475685119629 19.465118408203125 20.373872756958008
v 20.089187622070312 19.437145233154297 20.329082489013672
v 20.093040466308594 19.41282081604004 20.28215980529785
v 20.096290588378906 19.392305374145508 20.233407974243164
v 20.098915100097656 19.375730514526367 20.183141708374023
v 20.10089874267578 19.363204956054688 20.131689071655273
v 20.102230072021484 19.354808807373047 20.079381942749023
v 20.102895736694336 19.350597381591797 20.026561737060547
v 20.102895736694336 19.350597381591797 19.973567962646484
v 20.102230072021484 19.354808807373047 19.920747756958008
v 20.10089874267578 19.363204956054688 19.868440628051758
v 20.098915100097656 19.375730514526367 19.816987991333008
v 20.096290588378906 19.392305374145508 19.766721725463867
v 20.093040466308594 19.41282081604004 19.71796989440918
v 20.089187622070312 19.437145233154297 19.67104721069336
v 20.08475685119629 19.465118408203125 19.626256942749023
v 20.079776763916016 19.496562957763672 19.583892822265625
v 20.07427978515625 19.53127098083496 19.544225692749023
v 20.068302154541016 19.569019317626953 19.507516860961914
v 20.061880111694336 19.609561920166016 19.474002838134766
v 20.055057525634766 19.652637481689453 19.443899154663086
v 20.04787826538086 19.697965621948242 19.417402267456055
v 20.040388107299805 19.74525260925293 19.394683837890625
v 20.032638549804688 19.794191360473633 19.375892639160156
v 20.024675369262695 19.844465255737305 19.361148834228516
v 20.016551971435547 19.895748138427734 19.350549697875977
v 20.008323669433594 19.947708129882812 19.344161987304688
v 20.016403198242188 19.949647903442383 20.655967712402344
v 20.03265953063965 19.899616241455078 20.649580001831055
v 20.048704147338867 19.850234985351562 20.638980865478516
v 20.06443214416504 19.80182456970215 20.624237060546875
v 20.079744338989258 19.754701614379883 20.605445861816406
v 20.094539642333984 19.70916748046875 20.582727432250977
v 20.108720779418945 19.6655216217041 20.556230545043945
v 20.1221981048584 19.624042510986328 20.526126861572266
v 20.1348819732666 19.585002899169922 20.492612838745117
v 20.146692276000977 19.548654556274414 20.455904006958008
v 20.15755271911621 19.515233993530273 20.416236877441406
v 20.167388916015625 19.484956741333008 20.373872756958008
v 20.1761417388916 19.45802116394043 20.329082489013672
v 20.183752059936523 19.434598922729492 20.28215980529785
v 20.190170288085938 19.414844512939453 20.233407974243164
v 20.195356369018555 19.398883819580078 20.183141708374023
v 20.199275970458984 19.386823654174805 20.131689071655273
v 20.201902389526367 19.378738403320312 20.079381942749023
v 20.20322036743164 19.374683380126953 20.026561737060547
v 20.20322036743164 19.374683380126953 19.973567962646484
v 20.201902389526367 19.378738403320312 19.920747756958008
v 20.199275970458984 19.386823654174805 19.868440628051758
v 20.195356369018555 19.398883819580078 19.816987991333008
v 20.190170288085938 19.414844512939453 19.766721725463867
v 20.183752059936523 19.434598922729492 19.71796989440918
v 20.1761417388916 19.45802116394043 19.67104721069336
v 20.167388916015625 19.484956741333008 19.626256942749023
v 20.15755271911621 19.515233993530273 19.583892822265625
v 20.146692276000977 19.548654556274414 19.544225692749023
v 20.1348819732666 19.585002899169922 19.507516860961914
v 20.1221981048584 19.624042510986328 19.474002838134766
v 20.108720779418945 19.6655216217041 19.443899154663086
v 20.094539642333984 19.70916748046875 19.417402267456055
v 20.079744338989258 19.754701614379883 19.394683837890625
v 20.06443214416504 19.80182456970215 19.375892639160156
v 20.048704147338867 19.850234985351562 19.361148834228516
v 20.03265953063965 19.899616241455078 19.350549697875977
v 20.016403198242188 19.949647903442383 19.344161987304688
v 20.024078369140625 19.95282745361328 20.655967712402344
v 20.047962188720703 19.905954360961914 20.649580001831055
v 20.071533203125 19.859691619873047 20.638980865478516
v 20.094642639160156 19.81433868408203 20.624237060546875
v 20.117137908935547 19.77018928527832 20.605445861816406
v 20.138872146606445 19.72753143310547 20.582727432250977
v 20.15970802307129 19.6866397857666 20.556230545043945
v 20.179508209228516 19.647781372070312 20.526126861572266
v 20.198143005371094 19.6112060546875 20.492612838745117
v 20.21549415588379 19.5771541595459 20.455904006958008
v 20.231447219848633 19.54584312438965 20.416236877441406
v 20.245901107788086 19.51747703552246 20.373872756958008
v 20.258758544921875 19.49224090576172 20.329082489013672
v 20.269939422607422 19.470298767089844 20.28215980529785
v 20.279369354248047 19.451791763305664 20.233407974243164
v 20.2869873046875 19.436840057373047 20.183141708374023
v 20.29274559020996 19.425539016723633 20.131689071655273
v 20.29660415649414 19.417964935302734 20.079381942749023
v 20.298540115356445 19.414165496826172 20.026561737060547
v 20.298540115356445 19.414165496826172 19.973567962646484
v 20.29660415649414 19.417964935302734 19.920747756958008
v 20.29274559020996 19.425539016723633 19.868440628051758
v 20.2869873046875 19.436840057373047 19.816987991333008
v 20.279369354248047 19.451791763305664 19.766721725463867
v 20.269939422607422 19.470298767089844 19.71796989440918
v 20.258758544921875 19.49224090576172 19.67104721069336
v 20.245901107788086 19.51747703552246 19.626256942749023
v 20.231447219848633 19.54584312438965 19.583892822265625
v 20.21549415588379 19.5771541595459 19.544225692749023
v 20.198143005371094 19.6112060546875 19.507516860961914
v 20.179508209228516 19.647781372070312 19.474002838134766
v 20.15970802307129 19.6866397857666 19.443899154663086
v 20.138872146606445 19.72753143310547 19.417402267456055
v 20.117137908935547 19.77018928527832 19.394683837890625
v 20.094642639160156 19.81433868408203 19.375892639160156
v 20.071533203125 19.859691619873047 19.361148834228516
v 20.047962188720703 19.905954360961914 19.350549697875977
v 20.024078369140625 19.95282745361328 19.344161987304688
v 20.031164169311523 19.957168579101562 20.655967712402344
v 20.062084197998047 19.914608001708984 20.649580001831055
v 20.09260368347168 19.872602462768555 20.638980865478516
v 20.122522354125977 19.831422805786133 20.624237060546875
v 20.151647567749023 19.791337966918945 20.605445861816406
v 20.17978858947754 19.75260353088379 20.582727432250977
v 20.206762313842773 19.71547508239746 20.556230545043945
v 20.232397079467773 19.680192947387695 20.526126861572266
v 20.25652503967285 19.646984100341797 20.492612838745117
v 20.278989791870117 19.616064071655273 20.455904006958008
v 20.299644470214844 19.587635040283203 20.416236877441406
v 20.318357467651367 19.561880111694336 20.373872756958008
v 20.335004806518555 19.538965225219727 20.329082489013672
v 20.34947967529297 19.51904296875 20.28215980529785
v 20.361690521240234 19.50223731994629 20.233407974243164
v 20.371553421020508 19.48866081237793 20.183141708374023
v 20.37900733947754 19.47840118408203 20.131689071655273
v 20.384004592895508 19.47152328491211 20.079381942749023
v 20.386510848999023 19.468074798583984 20.026561737060547
v 20.386510848999023 19.468074798583984 19.973567962646484
v 20.384004592895508 19.47152328491211 19.920747756958008
v 20.37900733947754 19.47840118408203 19.868440628051758
v 20.371553421020508 19.48866081237793 19.816987991333008
v 20.361690521240234 19.50223731994629 19.766721725463867
v 20.34947967529297 19.51904296875 19.71796989440918
v 20.335004806518555 19.538965225219727 19.67104721069336
v 20.318357467651367 19.561880111694336 19.626256942749023
v 20.299644470214844 19.587635040283203 19.583892822265625
v 20.278989791870117 19.616064071655273 19.544225692749023
v 20.25652503967285 19.646984100341797 19.507516860961914
v 20.232397079467773 19.680192947387695 19.474002838134766
v 20.206762313842773 19.71547508239746 19.443899154663086
v 20.17978858947754 19.75260353088379 19.417402267456055
v 20.151647567749023 19.791337966918945 19.394683837890625
v 20.122522354125977 19.831422805786133 19.375892639160156
v 20.09260368347168 19.872602462768555 19.361148834228516
v 20.062084197998047 19.914608001708984 19.350549697875977
v 20.031164169311523 19.957168579101562 19.344161987304688
v 20.0374813079834 19.96256446838379 20.655967712402344
v 20.07468032836914 19.925365447998047 20.649580001831055
v 20.11139488220215 19.88865089416504 20.638980865478516
v 20.14738655090332 19.852659225463867 20.624237060546875
v 20.182422637939453 19.817623138427734 20.605445861816406
v 20.216276168823242 19.783769607543945 20.582727432250977
v 20.248727798461914 19.751317977905273 20.556230545043945
v 20.27956771850586 19.720478057861328 20.526126861572266
v 20.308591842651367 19.69145393371582 20.492612838745117
v 20.335617065429688 19.6644287109375 20.455904006958008
v 20.36046600341797 19.63957977294922 20.416236877441406
v 20.382976531982422 19.617069244384766 20.373872756958008
v 20.403003692626953 19.597042083740234 20.329082489013672
v 20.42041778564453 19.579627990722656 20.28215980529785
v 20.43510627746582 19.564939498901367 20.233407974243164
v 20.446971893310547 19.55307388305664 20.183141708374023
v 20.4559383392334 19.54410743713379 20.131689071655273
v 20.461950302124023 19.538095474243164 20.079381942749023
v 20.4649658203125 19.535079956054688 20.026561737060547
v 20.4649658203125 19.535079956054688 19.973567962646484
v 20.461950302124023 19.538095474243164 19.920747756958008
v 20.4559383392334 19.54410743713379 19.868440628051758
v 20.446971893310547 19.55307388305664 19.816987991333008
v 20.43510627746582 19.564939498901367 19.766721725463867
v 20.42041778564453 19.579627990722656 19.71796989440918
v 20.403003692626953 19.597042083740234 19.67104721069336
v 20.382976531982422 19.617069244384766 19.626256942749023
v 20.36046600341797 19.63957977294922 19.583892822265625
v 20.335617065429688 19.6644287109375 19.544225692749023
v 20.308591842651367 19.69145393371582 19.507516860961914
v 20.27956771850586 19.720478057861328 19.474002838134766
v 20.248727798461914 19.751317977905273 19.443899154663086
v 20.216276168823242 19.783769607543945 19.417402267456055
v 20.182422637939453 19.817623138427734 19.394683837890625
v 20.14738655090332 19.852659225463867 19.375892639160156
v 20.11139488220215 19.88865089416504 19.361148834228516
v 20.07468032836914 19.925365447998047 19.350549697875977
v 20.0374813079834 19.96256446838379 19.344161987304688
v 20.042877197265625 19.968881607055664 20.655967712402344
v 20.085437774658203 19.93796157836914 20.649580001831055
v 20.127443313598633 19.907442092895508 20.638980865478516
v 20.168622970581055 19.87752342224121 20.624237060546875
v 20.208707809448242 19.848398208618164 20.605445861816406
v 20.2474422454834 19.82025718688965 20.582727432250977
v 20.284570693969727 19.793283462524414 20.556230545043945
v 20.319852828979492 19.767648696899414 20.526126861572266
v 20.35306167602539 19.743520736694336 20.492612838745117
v 20.383981704711914 19.72105598449707 20.455904006958008
v 20.412410736083984 19.700401306152344 20.416236877441406
v 20.43816566467285 19.68168830871582 20.373872756958008
v 20.46108055114746 19.665040969848633 20.329082489013672
v 20.481002807617188 19.65056610107422 20.28215980529785
v 20.4978084564209 19.638355255126953 20.233407974243164
v 20.511384963989258 19.62849235534668 20.183141708374023
v 20.521644592285156 19.62103843688965 20.131689071655273
v 20.528522491455078 19.61604118347168 20.079381942749023
v 20.531970977783203 19.613534927368164 20.026561737060547
v 20.531970977783203 19.613534927368164 19.973567962646484
v 20.528522491455078 19.61604118347168 19.920747756958008
v 20.521644592285156 19.62103843688965 19.868440628051758
v 20.511384963989258 19.62849235534668 19.816987991333008
v 20.4978084564209 19.638355255126953 19.766721725463867
v 20.481002807617188 19.65056610107422 19.71796989440918
v 20.46108055114746 19.665040969848633 19.67104721069336
v 20.43816566467285 19.68168830871582 19.626256942749023
v 20.412410736083984 19.700401306152344 19.583892822265625
v 20.383981704711914 19.72105598449707 19.544225692749023
v 20.35306167602539 19.743520736694336 19.507516860961914
v 20.319852828979492 19.767648696899414 19.474002838134766
v 20.284570693969727 19.793283462524414 19.443899154663086
v 20.2474422454834 19.82025718688965 19.417402267456055
v 20.208707809448242 19.848398208618164 19.394683837890625
v 20.168622970581055 19.87752342224121 19.375892639160156
v 20.127443313598633 19.907442092895508 19.361148834228516
v 20.085437774658203 19.93796157836914 19.350549697875977
v 20.042877197265625 19.968881607055664 19.344161987304688
v 20.047218322753906 19.975967407226562 20.655967712402344
v 20.094091415405273 19.952083587646484 20.649580001831055
v 20.14035415649414 19.928512573242188 20.638980865478516
v 20.185707092285156 19.90540313720703 20.624237060546875
v 20.229856491088867 19.88290786743164 20.605445861816406
v 20.27251434326172 19.861173629760742 20.582727432250977
v 20.313405990600586 19.8403377532959 20.556230545043945
v 20.352264404296875 19.820537567138672 20.526126861572266
v 20.388839721679688 19.801902770996094 20.492612838745117
v 20.42289161682129 19.7845516204834 20.455904006958008
v 20.45420265197754 19.768598556518555 20.416236877441406
v 20.482568740844727 19.7541446685791 20.373872756958008
v 20.50780487060547 19.741287231445312 20.329082489013672
v 20.529747009277344 19.730106353759766 20.28215980529785
v 20.548254013061523 19.72067642211914 20.233407974243164
v 20.56320571899414 19.713058471679688 20.183141708374023
v 20.574506759643555 19.707300186157227 20.131689071655273
v 20.582080841064453 19.703441619873047 20.079381942749023
v 20.585880279541016 19.701505661010742 20.026561737060547
v 20.585880279541016 19.701505661010742 19.973567962646484
v 20.582080841064453 19.703441619873047 19.920747756958008
v 20.574506759643555 19.707300186157227 19.868440628051758
v 20.56320571899414 19.713058471679688 19.816987991333008
v 20.548254013061523 19.72067642211914 19.766721725463867
v 20.529747009277344 19.730106353759766 19.71796989440918
v 20.50780487060547 19.741287231445312 19.67104721069336
v 20.482568740844727 19.7541446685791 19.626256942749023
v 20.45420265197754 19.768598556518555 19.583892822265625
v 20.42289161682129 19.7845516204834 19.544225692749023
v 20.388839721679688 19.801902770996094 19.507516860961914
v 20.352264404296875 19.820537567138672 19.474002838134766
v 20.313405990600586 19.8403377532959 19.443899154663086
v 20.27251434326172 19.861173629760742 19.417402267456055
v 20.229856491088867 19.88290786743164 19.394683837890625
v 20.185707092285156 19.90540313720703 19.375892639160156
v 20.14035415649414 19.928512573242188 19.361148834228516
v 20.094091415405273 19.952083587646484 19.350549697875977
v 20.047218322753906 19.975967407226562 19.344161987304688
v 20.050397872924805 19.983642578125 20.655967712402344
v 20.10042953491211 19.96738624572754 20.649580001831055
v 20.149810791015625 19.95134162902832 20.638980865478516
v 20.19822120666504 19.93561363220215 20.624237060546875
v 20.245344161987305 19.92030143737793 20.605445861816406
v 20.290878295898438 19.905506134033203 20.582727432250977
v 20.334524154663086 19.891324996948242 20.556230545043945
v 20.37600326538086 19.87784767150879 20.526126861572266
v 20.415042877197266 19.865163803100586 20.492612838745117
v 20.451391220092773 19.85335350036621 20.455904006958008
v 20.484811782836914 19.842493057250977 20.416236877441406
v 20.51508903503418 19.832656860351562 20.373872756958008
v 20.542024612426758 19.823904037475586 20.329082489013672
v 20.565446853637695 19.816293716430664 20.28215980529785
v 20.585201263427734 19.80987548828125 20.233407974243164
v 20.60116195678711 19.804689407348633 20.183141708374023
v 20.613222122192383 19.800769805908203 20.131689071655273
v 20.621307373046875 19.79814338684082 20.079381942749023
v 20.625362396240234 19.796825408935547 20.026561737060547
v 20.625362396240234 19.796825408935547 19.973567962646484
v 20.621307373046875 19.79814338684082 19.920747756958008
v 20.613222122192383 19.800769805908203 19.868440628051758
v 20.60116195678711 19.804689407348633 19.816987991333008
v 20.585201263427734 19.80987548828125 19.766721725463867
v 20.565446853637695 19.816293716430664 19.71796989440918
v 20.542024612426758 19.823904037475586 19.67104721069336
v 20.51508903503418 19.832656860351562 19.626256942749023
v 20.484811782836914 19.842493057250977 19.583892822265625
v 20.451391220092773 19.85335350036621 19.544225692749023
v 20.415042877197266 19.865163803100586 19.507516860961914
v 20.37600326538086 19.87784767150879 19.474002838134766
v 20.334524154663086 19.891324996948242 19.443899154663086
v 20.290878295898438 19.905506134033203 19.417402267456055
v 20.245344161987305 19.92030143737793 19.394683837890625
v 20.19822120666504 19.93561363220215 19.375892639160156
v 20.149810791015625 19.95134162902832 19.361148834228516
v 20.10042953491211 19.96738624572754 19.350549697875977
v 20.050397872924805 19.983642578125 19.344161987304688
v 20.052337646484375 19.991722106933594 20.655967712402344
v 20.104297637939453 19.98349380493164 20.649580001831055
v 20.155580520629883 19.975370407104492 20.638980865478516
v 20.205854415893555 19.9674072265625 20.624237060546875
v 20.254793167114258 19.959657669067383 20.605445861816406
v 20.302080154418945 19.952167510986328 20.582727432250977
v 20.347408294677734 19.944988250732422 20.556230545043945
v 20.390483856201172 19.93816566467285 20.526126861572266
v 20.431026458740234 19.931743621826172 20.492612838745117
v 20.468774795532227 19.925765991210938 20.455904006958008
v 20.503482818603516 19.920269012451172 20.416236877441406
v 20.534927368164062 19.9152889251709 20.373872756958008
v 20.56290054321289 19.910858154296875 20.329082489013672
v 20.58722496032715 19.907005310058594 20.28215980529785
v 20.60774040222168 19.90375518798828 20.233407974243164
v 20.62431526184082 19.90113067626953 20.183141708374023
v 20.6368408203125 19.899147033691406 20.131689071655273
v 20.64523696899414 19.897815704345703 20.079381942749023
v 20.64944839477539 19.89715003967285 20.026561737060547
v 20.64944839477539 19.89715003967285 19.973567962646484
v 20.64523696899414 19.897815704345703 19.920747756958008
v 20.6368408203125 19.899147033691406 19.868440628051758
v 20.62431526184082 19.90113067626953 19.816987991333008
v 20.60774040222168 19.90375518798828 19.766721725463867
v 20.58722496032715 19.907005310058594 19.71796989440918
v 20.56290054321289 19.910858154296875 19.67104721069336
v 20.534927368164062 19.9152889251709 19.626256942749023
v 20.503482818603516 19.920269012451172 19.583892822265625
v 20.468774795532227 19.925765991210938 19.544225692749023
v 20.431026458740234 19.931743621826172 19.507516860961914
v 20.390483856201172 19.93816566467285 19.474002838134766
v 20.347408294677734 19.944988250732422 19.443899154663086
v 20.302080154418945 19.952167510986328 19.417402267456055
v 20.254793167114258 19.959657669067383 19.394683837890625
v 20.205854415893555 19.9674072265625 19.375892639160156
v 20.155580520629883 19.975370407104492 19.361148834228516
v 20.104297637939453 19.98349380493164 19.350549697875977
v 20.052337646484375 19.991722106933594 19.344161987304688
f 1 2 3
f 1 4 2
f 1 3 4
f 2 4 3
f 5 6 7
f 5 8 6
f 5 7 8
f 6 8 7
f 9 10 11
f 9 12 10
f 9 11 12
f 10 12 11
f 13 14 15
f 13 16 14
f 13 15 16
f 14 16 15
f 17 18 19
f 17 20 18
f 17 19 20
f 18 20 19
f 23 61 21
f 61 99 21
f 99 137 21
f 137 175 21
f 175 213 21
f 213 251 21
f 251 289 21
f 289 327 21
f 327 365 21
f 365 403 21
f 403 441 21
f 441 479 21
f 479 517 21
f 517 555 21
f 555 593 21
f 593 631 21
f 631 669 21
f 669 707 21
f 707 745 21
f 745 783 21
f 783 821 21
f 821 859 21
f 859 897 21
f 897 935 21
f 935 973 21
f 973 1011 21
f 1011 1049 21
f 1049 1087 21
f 1087 1125 21
f 1125 1163 21
f 1163 1201 21
f 1201 1239 21
f 1239 1277 21
f 1277 1315 21
f 1315 1353 21
f 1353 1391 21
f 1391 1429 21
f 1429 1467 21
f 1467 1505 21
f 1505 23 21
f 60 22 98
f 98 22 136
f 136 22 174
f 174 22 212
f 212 22 250
f 250 22 288
f 288 22 326
f 326 22 364
f 364 22 402
f 402 22 440
f 440 22 478
f 478 22 516
f 516 22 554
f 554 22 592
f 592 22 630
f 630 22 668
f 668 22 706
f 706 22 744
f 744 22 782
f 782 22 820
f 820 22 858
f 858 22 896
f 896 22 934
f 934 22 972
f 972 22 1010
f 1010 22 1048
f 1048 22 1086
f 1086 22 1124
f 1124 22 1162
f 1162 22 1200
f 1200 22 1238
f 1238 22 1276
f 1276 22 1314
f 1314 22 1352
f 1352 22 1390
f 1390 22 1428
f 1428 22 1466
f 1466 22 1504
f 1504 22 1542
f 1542 22 60
f 23 24 62
f 23 62 61
f 24 25 63
f 24 63 62
f 25 26 64
f 25 64 63
f 26 27 65
f 26 65 64
f 27 28 66
f 27 66 65
f 28 29 67
f 28 67 66
f 29 30 68
f 29 68 67
f 30 31 69
f 30 69 68
f 31 32 70
f 31 70 69
f 32 33 71
f 32 71 70
f 33 34 72
f 33 72 71
f 34 35 73
f 34 73 72
f 35 36 74
f 35 74 73
f 36 37 75
f 36 75 74
f 37 38 76
f 37 76 75
f 38 39 77
f 38 77 76
f 39 40 78
f 39 78 77
f 40 41 79
f 40 79 78
f 41 42 80
f 41 80 79
f 42 43 81
f 42 81 80
f 43 44 82
f 43 82 81
f 44 45 83
f 44 83 82
f 45 46 84
f 45 84 83
f 46 47 85
f 46 85 84
f 47 48 86
f 47 86 85
f 48 49 87
f 48 87 86
f 49 50 88
f 49 88 87
f 50 51 89
f 50 89 88
f 51 52 90
f 51 90 89
f 52 53 91
f 52 91 90
f 53 54 92
f 53 92 91
f 54 55 93
f 54 93 92
f 55 56 94
f 55 94 93
f 56 57 95
f 56 95 94
f 57 58 96
f 57 96 95
f 58 59 97
f 58 97 96
f 59 60 98
f 59 98 97
f 61 62 100
f 61 100 99
f 62 63 101
f 62 101 100
f 63 64 102
f 63 102 101
f 64 65 103
f 64 103 102
f 65 66 104
f 65 104 103
f 66 67 105
f 66 105 104
f 67 68 106
f 67 106 105
f 68 69 107
f 68 107 106
f 69 70 108
f 69 108 107
f 70 71 109
f 70 109 108
f 71 72 110
f 71 110 109
f 72 73 111
f 72 111 110
f 73 74 112
f 73 112 111
f 74 75 113
f 74 113 112
f 75 76 114
f 75 114 113
f 76 77 115
f 76 115 114
f 77 78 116
f 77 116 115
f 78 79 117
f 78 117 116
f 79 80 118
f 79 118 117
f 80 81 119
f 80 119 118
f 81 82 120
f 81 120 119
f 82 83 121
f 82 121 120
f 83 84 122
f 83 122 121
f 84 85 123
f 84 123 122
f 85 86 124
f 85 124 123
f 86 87 125
f 86 125 124
f 87 88 126
f 87 126 125
f 88 89 127
f 88 127 126
f 89 90 128
f 89 128 127
f 90 91 129
f 90 129 128
f 91 92 130
f 91 130 129
f 92 93 131
f 92 131 130
f 93 94 132
f 93 132 131
f 94 95 133
f 94 133 132
f 95 96 134
f 95 134 133
f 96 97 135
f 96 135 134
f 97 98 136
f 97 136 135
f 99 100 138
f 99 138 137
f 100 101 139
f 100 139 138
f 101 102 140
f 101 140 139
f 102 103 141
f 102 141 140
f 103 104 142
f 103 142 141
f 104 105 143
f 104 143 142
f 105 106 144
f 105 144 143
f 106 107 145
f 106 145 144
f 107 108 146
f 107 146 145
f 108 109 147
f 108 147 146
f 109 110 148
f 109 148 147
f 110 111 149
f 110 149 148
f 111 112 150
f 111 150 149
f 112 113 151
f 112 151 150
f 113 114 152
f 113 152 151
f 114 115 153
f 114 153 152
f 115 116 154
f 115 154 153
f 116 117 155
f 116 155 154
f 117 118 156
f 117 156 155
f 118 119 157
f 118 157 156
f 119 120 158
f 119 158 157
f 120 121 159
f 120 159 158
f 121 122 160
f 121 160 159
f 122 123 161
f 122 161 160
f 123 124 162
f 123 162 161
f 124 125 163
f 124 163 162
f 125 126 164
f 125 164 163
f 126 127 165
f 126 165 164
f 127 128 166
f 127 166 165
f 128 129 167
f 128 167 166
f 129 130 168
f 129 168 167
f 130 131 169
f 130 169 168
f 131 132 170
f 131 170 169
f 132 133 171
f 132 171 170
f 133 134 172
f 133 172 171
f 134 135 173
f 134 173 172
f 135 136 174
f 135 174 173
f 137 138 176
f 137 176 175
f 138 139 177
f 138 177 176
f 139 140 178
f 139 178 177
f 140 141 179
f 140 179 178
f 141 142 180
f 141 180 179
f 142 143 181
f 142 181 180
f 143 144 182
f 143 182 181
f 144 145 183
f 144 183 182
f 145 146 184
f 145 184 183
f 146 147 185
f 146 185 184
f 147 148 186
f 147 186 185
f 148 149 187
f 148 187 186
f 149 150 188
f 149 188 187
f 150 151 189
f 150 189 188
f 151 152 190
f 151 190 189
f 152 153 191
f 152 191 190
f 153 154 192
f 153 192 191
f 154 155 193
f 154 193 192
f 155 156 194
f 155 194 193
f 156 157 195
f 156 195 194
f 157 158 196
f 157 196 195
f 158 159 197
f 158 197 196
f 159 160 198
f 159 198 197
f 160 161 199
f 160 199 198
f 161 162 200
f 161 200 199
f 162 163 201
f 162 201 200
f 163 164 202
f 163 202 201
f 164 165 203
f 164 203 202
f 165 166 204
f 165 204 203
f 166 167 205
f 166 205 204
f 167 168 206
f 167 206 205
f 168 169 207
f 168 207 206
f 169 170 208
f 169 208 207
f 170 171 209
f 170 209 208
f 171 172 210
f 171 210 209
f 172 173 211
f 172 211 210
f 173 174 212
f 173 212 211
f 175 176 214
f 175 214 213
f 176 177 215
f 176 215 214
f 177 178 216
f 177 216 215
f 178 179 217
f 178 217 216
f 179 180 218
f 179 218 217
f 180 181 219
f 180 219 218
f 181 182 220
f 181 220 219
f 182 183 221
f 182 221 220
f 183 184 222
f 183 222 221
f 184 185 223
f 184 223 222
f 185 186 224
f 185 224 223
f 186 187 225
f 186 225 224
f 187 188 226
f 187 226 225
f 188 189 227
f 188 227 226
f 189 190 228
f 189 228 227
f 190 191 229
f 190 229 228
f 191 192 230
f 191 230 229
f 192 193 231
f 192 231 230
f 193 194 232
f 193 232 231
f 194 195 233
f 194 233 232
f 195 196 234
f 195 234 233
f 196 197 235
f 196 235 234
f 197 198 236
f 197 236 235
f 198 199 237
f 198 237 236
f 199 200 238
f 199 238 237
f 200 201 239
f 200 239 238
f 201 202 240
f 201 240 239
f 202 203 241
f 202 241 240
f 203 204 242
f 203 242 241
f 204 205 243
f 204 243 242
f 205 206 244
f 205 244 243
f 206 207 245
f 206 245 244
f 207 208 246
f 207 246 245
f 208 209 247
f 208 247 246
f 209 210 248
f 209 248 247
f 210 211 249
f 210 249 248
f 211 212 250
f 211 250 249
f 213 214 252
f 213 252 251
f 214 215 253
f 214 253 252
f 215 216 254
f 215 254 253
f 216 217 255
f 216 255 254
f 217 218 256
f 217 256 255
f 218 219 257
f 218 257 256
f 219 220 258
f 219 258 257
f 220 221 259
f 220 259 258
f 221 222 260
f 221 260 259
f 222 223 261
f 222 261 260
f 223 224 262
f 223 262 261
f 224 225 263
f 224 263 262
f 225 226 264
f 225 264 263
f 226 227 265
f 226 265 264
f 227 228 266
f 227 266 265
f 228 229 267
f 228 267 266
f 229 230 268
f 229 268 267
f 230 231 269
f 230 269 268
f 231 232 270
f 231 270 269
f 232 233 271
f 232 271 270
f 233 234 272
f 233 272 271
f 234 235 273
f 234 273 272
f 235 236 274
f 235 274 273
f 236 237 275
f 236 275 274
f 237 238 276
f 237 276 275
f 238 239 277
f 238 277 276
f 239 240 278
f 239 278 277
f 240 241 279
f 240 279 278
f 241 242 280
f 241 280 279
f 242 243 281
f 242 281 280
f 243 244 282
f 243 282 281
f 244 245 283
f 244 283 282
f 245 246 284
f 245 284 283
f 246 247 285
f 246 285 284
f 247 248 286
f 247 286 285
f 248 249 287
f 248 287 286
f 249 250 288
f 249 288 287
f 251 252 290
f 251 290 289
f 252 253 291
f 252 291 290
f 253 254 292
f 253 292 291
f 254 255 293
f 254 293 292
f 255 256 294
f 255 294 293
f 256 257 295
f 256 295 294
f 257 258 296
f 257 296 295
f 258 259 297
f 258 297 296
f 259 260 298
f 259 298 297
f 260 261 299
f 260 299 298
f 261 262 300
f 261 300 299
f 262 263 301
f 262 301 300
f 263 264 302
f 263 302 301
f 264 265 303
f 264 303 302
f 265 266 304
f 265 304 303
f 266 267 305
f 266 305 304
f 267 268 306
f 267 306 305
f 268 269 307
f 268 307 306
f 269 270 308
f 269 308 307
f 270 271 309
f 270 309 308
f 271 272 310
f 271 310 309
f 272 273 311
f 272 311 310
f 273 274 312
f 273 312 311
f 274 275 313
f 274 313 312
f 275 276 314
f 275 314 313
f 276 277 315
f 276 315 314
f 277 278 316
f 277 316 315
f 278 279 317
f 278 317 316
f 279 280 318
f 279 318 317
f 280 281 319
f 280 319 318
f 281 282 320
f 281 320 319
f 282 283 321
f 282 321 320
f 283 284 322
f 283 322 321
f 284 285 323
f 284 323 322
f 285 286 324
f 285 324 323
f 286 287 325
f 286 325 324
f 287 288 326
f 287 326 325
f 289 290 328
f 289 328 327
f 290 291 329
f 290 329 328
f 291 292 330
f 291 330 329
f 292 293 331
f 292 331 330
f 293 294 332
f 293 332 331
f 294 295 333
f 294 333 332
f 295 296 334
f 295 334 333
f 296 297 335
f 296 335 334
f 297 298 336
f 297 336 335
f 298 299 337
f 298 337 336
f 299 300 338
f 299 338 337
f 300 301 339
f 300 339 338
f 301 302 340
f 301 340 339
f 302 303 341
f 302 341 340
f 303 304 342
f 303 342 341
f 304 305 343
f 304 343 342
f 305 306 344
f 305 344 343
f 306 307 345
f 306 345 344
f 307 308 346
f 307 346 345
f 308 309 347
f 308 347 346
f 309 310 348
f 309 348 347
f 310 311 349
f 310 349 348
f 311 312 350
f 311 350 349
f 312 313 351
f 312 351 350
f 313 314 352
f 313 352 351
f 314 315 353
f 314 353 352
f 315 316 354
f 315 354 353
f 316 317 355
f 316 355 354
f 317 318 356
f 317 356 355
f 318 319 357
f 318 357 356
f 319 320 358
f 319 358 357
f 320 321 359
f 320 359 358
f 321 322 360
f 321 360 359
f 322 323 361
f 322 361 360
f 323 324 362
f 323 362 361
f 324 325 363
f 324 363 362
f 325 326 364
f 325 364 363
f 327 328 366
f 327 366 365
f 328 329 367
f 328 367 366
f 329 330 368
f 329 368 367
f 330 331 369
f 330 369 368
f 331 332 370
f 331 370 369
f 332 333 371
f 332 371 370
f 333 334 372
f 333 372 371
f 334 335 373
f 334 373 372
f 335 336 374
f 335 374 373
f 336 337 375
f 336 375 374
f 337 338 376
f 337 376 375
f 338 339 377
f 338 377 376
f 339 340 378
f 339 378 377
f 340 341 379
f 340 379 378
f 341 342 380
f 341 380 379
f 342 343 381
f 342 381 380
f 343 344 382
f 343 382 381
f 344 345 383
f 344 383 382
f 345 346 384
f 345 384 383
f 346 347 385
f 346 385 384
f 347 348 386
f 347 386 385
f 348 349 387
f 348 387 386
f 349 350 388
f 349 388 387
f 350 351 389
f 350 389 388
f 351 352 390
f 351 390 389
f 352 353 391
f 352 391 390
f 353 354 392
f 353 392 391
f 354 355 393
f 354 393 392
f 355 356 394
f 355 394 393
f 356 357 395
f 356 395 394
f 357 358 396
f 357 396 395
f 358 359 397
f 358 397 396
f 359 360 398
f 359 398 397
f 360 361 399
f 360 399 398
f 361 362 400
f 361 400 399
f 362 363 401
f 362 401 400
f 363 364 402
f 363 402 401
f 365 366 404
f 365 404 403
f 366 367 405
f 366 405 404
f 367 368 406
f 367 406 405
f 368 369 407
f 368 407 406
f 369 370 408
f 369 408 407
f 370 371 409
f 370 409 408
f 371 372 410
f 371 410 409
f 372 373 411
f 372 411 410
f 373 374 412
f 373 412 411
f 374 375 413
f 374 413 412
f 375 376 414
f 375 414 413
f 376 377 415
f 376 415 414
f 377 378 416
f 377 416 415
f 378 379 417
f 378 417 416
f 379 380 418
f 379 418 417
f 380 381 419
f 380 419 418
f 381 382 420
f 381 420 419
f 382 383 421
f 382 421 420
f 383 384 422
f 383 422 421
f 384 385 423
f 384 423 422
f 385 386 424
f 385 424 423
f 386 387 425
f 386 425 424
f 387 388 426
f 387 426 425
f 388 389 427
f 388 427 426
f 389 390 428
f 389 428 427
f 390 391 429
f 390 429 428
f 391 392 430
f 391 430 429
f 392 393 431
f 392 431 430
f 393 394 432
f 393 432 431
f 394 395 433
f 394 433 432
f 395 396 434
f 395 434 433
f 396 397 435
f 396 435 434
f 397 398 436
f 397 436 435
f 398 399 437
f 398 437 436
f 399 400 438
f 399 438 437
f 400 401 439
f 400 439 438
f 401 402 440
f 401 440 439
f 403 404 442
f 403 442 441
f 404 405 443
f 404 443 442
f 405 406 444
f 405 444 443
f 406 407 445
f 406 445 444
f 407 408 446
f 407 446 445
f 408 409 447
f 408 447 446
f 409 410 448
f 409 448 447
f 410 411 449
f 410 449 448
f 411 412 450
f 411 450 449
f 412 413 451
f 412 451 450
f 413 414 452
f 413 452 451
f 414 415 453
f 414 453 452
f 415 416 454
f 415 454 453
f 416 417 455
f 416 455 454
f 417 418 456
f 417 456 455
f 418 419 457
f 418 457 456
f 419 420 458
f 419 458 457
f 420 421 459
f 420 459 458
f 421 422 460
f 421 460 459
f 422 423 461
f 422 461 460
f 423 424 462
f 423 462 461
f 424 425 463
f 424 463 462
f 425 426 464
f 425 464 463
f 426 427 465
f 426 465 464
f 427 428 466
f 427 466 465
f 428 429 467
f 428 467 466
f 429 430 468
f 429 468 467
f 430 431 469
f 430 469 468
f 431 432 470
f 431 470 469
f 432 433 471
f 432 471 470
f 433 434 472
f 433 472 471
f 434 435 473
f 434 473 472
f 435 436 474
f 435 474 473
f 436 437 475
f 436 475 474
f 437 438 476
f 437 476 475
f 438 439 477
f 438 477 476
f 439 440 478
f 439 478 477
f 441 442 480
f 441 480 479
f 442 443 481
f 442 481 480
f 443 444 482
f 443 482 481
f 444 445 483
f 444 483 482
f 445 446 484
f 445 484 483
f 446 447 485
f 446 485 484
f 447 448 486
f 447 486 485
f 448 449 487
f 448 487 486
f 449 450 488
f 449 488 487
f 450 451 489
f 450 489 488
f 451 452 490
f 451 490 489
f 452 453 491
f 452 491 490
f 453 454 492
f 453 492 491
f 454 455 493
f 454 493 492
f 455 456 494
f 455 494 493
f 456 457 495
f 456 495 494
f 457 458 496
f 457 496 495
f 458 459 497
f 458 497 496
f 459 460 498
f 459 498 497
f 460 461 499
f 460 499 498
f 461 462 500
f 461 500 499
f 462 463 501
f 462 501 500
f 463 464 502
f 463 502 501
f 464 465 503
f 464 503 502
f 465 466 504
f 465 504 503
f 466 467 505
f 466 505 504
f 467 468 506
f 467 506 505
f 468 469 507
f 468 507 506
f 469 470 508
f 469 508 507
f 470 471 509
f 470 509 508
f 471 472 510
f 471 510 509
f 472 473 511
f 472 511 510
f 473 474 512
f 473 512 511
f 474 475 513
f 474 513 512
f 475 476 514
f 475 514 513
f 476 477 515
f 476 515 514
f 477 478 516
f 477 516 515
f 479 480 518
f 479 518 517
f 480 481 519
f 480 519 518
f 481 482 520
f 481 520 519
f 482 483 521
f 482 521 520
f 483 484 522
f 483 522 521
f 484 485 523
f 484 523 522
f 485 486 524
f 485 524 523
f 486 487 525
f 486 525 524
f 487 488 526
f 487 526 525
f 488 489 527
f 488 527 526
f 489 490 528
f 489 528 527
f 490 491 529
f 490 529 528
f 491 492 530
f 491 530 529
f 492 493 531
f 492 531 530
f 493 494 532
f 493 532 531
f 494 495 533
f 494 533 532
f 495 496 534
f 495 534 533
f 496 497 535
f 496 535 534
f 497 498 536
f 497 536 535
f 498 499 537
f 498 537 536
f 499 500 538
f 499 538 537
f 500 501 539
f 500 539 538
f 501 502 540
f 501 540 539
f 502 503 541
f 502 541 540
f 503 504 542
f 503 542 541
f 504 505 543
f 504 543 542
f 505 506 544
f 505 544 543
f 506 507 545
f 506 545 544
f 507 508 546
f 507 546 545
f 508 509 547
f 508 547 546
f 509 510 548
f 509 548 547
f 510 511 549
f 510 549 548
f 511 512 550
f 511 550 549
f 512 513 551
f 512 551 550
f 513 514 552
f 513 552 551
f 514 515 553
f 514 553 552
f 515 516 554
f 515 554 553
f 517 518 556
f 517 556 555
f 518 519 557
f 518 557 556
f 519 520 558
f 519 558 557
f 520 521 559
f 520 559 558
f 521 522 560
f 521 560 559
f 522 523 561
f 522 561 560
f 523 524 562
f 523 562 561
f 524 525 563
f 524 563 562
f 525 526 564
f 525 564 563
f 526 527 565
f 526 565 564
f 527 528 566
f 527 566 565
f 528 529 567
f 528 567 566
f 529 530 568
f 529 568 567
f 530 531 569
f 530 569 568
f 531 532 570
f 531 570 569
f 532 533 571
f 532 571 570
f 533 534 572
f 533 572 571
f 534 535 573
f 534 573 572
f 535 536 574
f 535 574 573
f 536 537 575
f 536 575 574
f 537 538 576
f 537 576 575
f 538 539 577
f 538 577 576
f 539 540 578
f 539 578 577
f 540 541 579
f 540 579 578
f 541 542 580
f 541 580 579
f 542 543 581
f 542 581 580
f 543 544 582
f 543 582 581
f 544 545 583
f 544 583 582
f 545 546 584
f 545 584 583
f 546 547 585
f 546 585 584
f 547 548 586
f 547 586 585
f 548 549 587
f 548 587 586
f 549 550 588
f 549 588 587
f 550 551 589
f 550 589 588
f 551 552 590
f 551 590 589
f 552 553 591
f 552 591 590
f 553 554 592
f 553 592 591
f 555 556 594
f 555 594 593
f 556 557 595
f 556 595 594
f 557 558 596
f 557 596 595
f 558 559 597
f 558 597 596
f 559 560 598
f 559 598 597
f 560 561 599
f 560 599 598
f 561 562 600
f 561 600 599
f 562 563 601
f 562 601 600
f 563 564 602
f 563 602 601
f 564 565 603
f 564 603 602
f 565 566 604
f 565 604 603
f 566 567 605
f 566 605 604
f 567 568 606
f 567 606 605
f 568 569 607
f 568 607 606
f 569 570 608
f 569 608 607
f 570 571 609
f 570 609 608
f 571 572 610
f 571 610 609
f 572 573 611
f 572 611 610
f 573 574 612
f 573 612 611
f 574 575 613
f 574 613 612
f 575 576 614
f 575 614 613
f 576 577 615
f 576 615 614
f 577 578 616
f 577 616 615
f 578 579 617
f 578 617 616
f 579 580 618
f 579 618 617
f 580 581 619
f 580 619 618
f 581 582 620
f 581 620 619
f 582 583 621
f 582 621 620
f 583 584 622
f 583 622 621
f 584 585 623
f 584 623 622
f 585 586 624
f 585 624 623
f 586 587 625
f 586 625 624
f 587 588 626
f 587 626 625
f 588 589 627
f 588 627 626
f 589 590 628
f 589 628 627
f 590 591 629
f 590 629 628
f 591 592 630
f 591 630 629
f 593 594 632
f 593 632 631
f 594 595 633
f 594 633 632
f 595 596 634
f 595 634 633
f 596 597 635
f 596 635 634
f 597 598 636
f 597 636 635
f 598 599 637
f 598 637 636
f 599 600 638
f 599 638 637
f 600 601 639
f 600 639 638
f 601 602 640
f 601 640 639
f 602 603 641
f 602 641 640
f 603 604 642
f 603 642 641
f 604 605 643
f 604 643 642
f 605 606 644
f 605 644 643
f 606 607 645
f 606 645 644
f 607 608 646
f 607 646 645
f 608 609 647
f 608 647 646
f 609 610 648
f 609 648 647
f 610 611 649
f 610 649 648
f 611 612 650
f 611 650 649
f 612 613 651
f 612 651 650
f 613 614 652
f 613 652 651
f 614 615 653
f 614 653 652
f 615 616 654
f 615 654 653
f 616 617 655
f 616 655 654
f 617 618 656
f 617 656 655
f 618 619 657
f 618 657 656
f 619 620 658
f 619 658 657
f 620 621 659
f 620 659 658
f 621 622 660
f 621 660 659
f 622 623 661
f 622 661 660
f 623 624 662
f 623 662 661
f 624 625 663
f 624 663 662
f 625 626 664
f 625 664 663
f 626 627 665
f 626 665 664
f 627 628 666
f 627 666 665
f 628 629 667
f 628 667 666
f 629 630 668
f 629 668 667
f 631 632 670
f 631 670 669
f 632 633 671
f 632 671 670
f 633 634 672
f 633 672 671
f 634 635 673
f 634 673 672
f 635 636 674
f 635 674 673
f 636 637 675
f 636 675 674
f 637 638 676
f 637 676 675
f 638 639 677
f 638 677 676
f 639 640 678
f 639 678 677
f 640 641 679
f 640 679 678
f 641 642 680
f 641 680 679
f 642 643 681
f 642 681 680
f 643 644 682
f 643 682 681
f 644 645 683
f 644 683 682
f 645 646 684
f 645 684 683
f 646 647 685
f 646 685 684
f 647 648 686
f 647 686 685
f 648 649 687
f 648 687 686
f 649 650 688
f 649 688 687
f 650 651 689
f 650 689 688
f 651 652 690
f 651 690 689
f 652 653 691
f 652 691 690
f 653 654 692
f 653 692 691
f 654 655 693
f 654 693 692
f 655 656 694
f 655 694 693
f 656 657 695
f 656 695 694
f 657 658 696
f 657 696 695
f 658 659 697
f 658 697 696
f 659 660 698
f 659 698 697
f 660 661 699
f 660 699 698
f 661 662 700
f 661 700 699
f 662 663 701
f 662 701 700
f 663 664 702
f 663 702 701
f 664 665 703
f 664 703 702
f 665 666 704
f 665 704 703
f 666 667 705
f 666 705 704
f 667 668 706
f 667 706 705
f 669 670 708
f 669 708 707
f 670 671 709
f 670 709 708
f 671 672 710
f 671 710 709
f 672 673 711
f 672 711 710
f 673 674 712
f 673 712 711
f 674 675 713
f 674 713 712
f 675 676 714
f 675 714 713
f 676 677 715
f 676 715 714
f 677 678 716
f 677 716 715
f 678 679 717
f 678 717 716
f 679 680 718
f 679 718 717
f 680 681 719
f 680 719 718
f 681 682 720
f 681 720 719
f 682 683 721
f 682 721 720
f 683 684 722
f 683 722 721
f 684 685 723
f 684 723 722
f 685 686 724
f 685 724 723
f 686 687 725
f 686 725 724
f 687 688 726
f 687 726 725
f 688 689 727
f 688 727 726
f 689 690 728
f 689 728 727
f 690 691 729
f 690 729 728
f 691 692 730
f 691 730 729
f 692 693 731
f 692 731 730
f 693 694 732
f 693 732 731
f 694 695 733
f 694 733 732
f 695 696 734
f 695 734 733
f 696 697 735
f 696 735 734
f 697 698 736
f 697 736 735
f 698 699 737
f 698 737 736
f 699 700 738
f 699 738 737
f 700 701 739
f 700 739 738
f 701 702 740
f 701 740 739
f 702 703 741
f 702 741 740
f 703 704 742
f 703 742 741
f 704 705 743
f 704 743 742
f 705 706 744
f 705 744 743
f 707 708 746
f 707 746 745
f 708 709 747
f 708 747 746
f 709 710 748
f 709 748 747
f 710 711 749
f 710 749 748
f 711 712 750
f 711 750 749
f 712 713 751
f 712 751 750
f 713 714 752
f 713 752 751
f 714 715 753
f 714 753 752
f 715 716 754
f 715 754 753
f 716 717 755
f 716 755 754
f 717 718 756
f 717 756 755
f 718 719 757
f 718 757 756
f 719 720 758
f 719 758 757
f 720 721 759
f 720 759 758
f 721 722 760
f 721 760 759
f 722 723 761
f 722 761 760
f 723 724 762
f 723 762 761
f 724 725 763
f 724 763 762
f 725 726 764
f 725 764 763
f 726 727 765
f 726 765 764
f 727 728 766
f 727 766 765
f 728 729 767
f 728 767 766
f 729 730 768
f 729 768 767
f 730 731 769
f 730 769 768
f 731 732 770
f 731 770 769
f 732 733 771
f 732 771 770
f 733 734 772
f 733 772 771
f 734 735 773
f 734 773 772
f 735 736 774
f 735 774 773
f 736 737 775
f 736 775 774
f 737 738 776
f 737 776 775
f 738 739 777
f 738 777 776
f 739 740 778
f 739 778 777
f 740 741 779
f 740 779 778
f 741 742 780
f 741 780 779
f 742 743 781
f 742 781 780
f 743 744 782
f 743 782 781
f 745 746 784
f 745 784 783
f 746 747 785
f 746 785 784
f 747 748 786
f 747 786 785
f 748 749 787
f 748 787 786
f 749 750 788
f 749 788 787
f 750 751 789
f 750 789 788
f 751 752 790
f 751 790 789
f 752 753 791
f 752 791 790
f 753 754 792
f 753 792 791
f 754 755 793
f 754 793 792
f 755 756 794
f 755 794 793
f 756 757 795
f 756 795 794
f 757 758 796
f 757 796 795
f 758 759 797
f 758 797 796
f 759 760 798
f 759 798 797
f 760 761 799
f 760 799 798
f 761 762 800
f 761 800 799
f 762 763 801
f 762 801 800
f 763 764 802
f 763 802 801
f 764 765 803
f 764 803 802
f 765 766 804
f 765 804 803
f 766 767 805
f 766 805 804
f 767 768 806
f 767 806 805
f 768 769 807
f 768 807 806
f 769 770 808
f 769 808 807
f 770 771 809
f 770 809 808
f 771 772 810
f 771 810 809
f 772 773 811
f 772 811 810
f 773 774 812
f 773 812 811
f 774 775 813
f 774 813 812
f 775 776 814
f 775 814 813
f 776 777 815
f 776 815 814
f 777 778 816
f 777 816 815
f 778 779 817
f 778 817 816
f 779 780 818
f 779 818 817
f 780 781 819
f 780 819 818
f 781 782 820
f 781 820 819
f 783 784 822
f 783 822 821
f 784 785 823
f 784 823 822
f 785 786 824
f 785 824 823
f 786 787 825
f 786 825 824
f 787 788 826
f 787 826 825
f 788 789 827
f 788 827 826
f 789 790 828
f 789 828 827
f 790 791 829
f 790 829 828
f 791 792 830
f 791 830 829
f 792 793 831
f 792 831 830
f 793 794 832
f 793 832 831
f 794 795 833
f 794 833 832
f 795 796 834
f 795 834 833
f 796 797 835
f 796 835 834
f 797 798 836
f 797 836 835
f 798 799 837
f 798 837 836
f 799 800 838
f 799 838 837
f 800 801 839
f 800 839 838
f 801 802 840
f 801 840 839
f 802 803 841
f 802 841 840
f 803 804 842
f 803 842 841
f 804 805 843
f 804 843 842
f 805 806 844
f 805 844 843
f 806 807 845
f 806 845 844
f 807 808 846
f 807 846 845
f 808 809 847
f 808 847 846
f 809 810 848
f 809 848 847
f 810 811 849
f 810 849 848
f 811 812 850
f 811 850 849
f 812 813 851
f 812 851 850
f 813 814 852
f 813 852 851
f 814 815 853
f 814 853 852
f 815 816 854
f 815 854 853
f 816 817 855
f 816 855 854
f 817 818 856
f 817 856 855
f 818 819 857
f 818 857 856
f 819 820 858
f 819 858 857
f 821 822 860
f 821 860 859
f 822 823 861
f 822 861 860
f 823 824 862
f 823 862 861
f 824 825 863
f 824 863 862
f 825 826 864
f 825 864 863
f 826 827 865
f 826 865 864
f 827 828 866
f 827 866 865
f 828 829 867
f 828 867 866
f 829 830 868
f 829 868 867
f 830 831 869
f 830 869 868
f 831 832 870
f 831 870 869
f 832 833 871
f 832 871 870
f 833 834 872
f 833 872 871
f 834 835 873
f 834 873 872
f 835 836 874
f 835 874 873
f 836 837 875
f 836 875 874
f 837 838 876
f 837 876 875
f 838 839 877
f 838 877 876
f 839 840 878
f 839 878 877
f 840 841 879
f 840 879 878
f 841 842 880
f 841 880 879
f 842 843 881
f 842 881 880
f 843 844 882
f 843 882 881
f 844 845 883
f 844 883 882
f 845 846 884
f 845 884 883
f 846 847 885
f 846 885 884
f 847 848 886
f 847 886 885
f 848 849 887
f 848 887 886
f 849 850 888
f 849 888 887
f 850 851 889
f 850 889 888
f 851 852 890
f 851 890 889
f 852 853 891
f 852 891 890
f 853 854 892
f 853 892 891
f 854 855 893
f 854 893 892
f 855 856 894
f 855 894 893
f 856 857 895
f 856 895 894
f 857 858 896
f 857 896 895
f 859 860 898
f 859 898 897
f 860 861 899
f 860 899 898
f 861 862 900
f 861 900 899
f 862 863 901
f 862 901 900
f 863 864 902
f 863 902 901
f 864 865 903
f 864 903 902
f 865 866 904
f 865 904 903
f 866 867 905
f 866 905 904
f 867 868 906
f 867 906 905
f 868 869 907
f 868 907 906
f 869 870 908
f 869 908 907
f 870 871 909
f 870 909 908
f 871 872 910
f 871 910 909
f 872 873 911
f 872 911 910
f 873 874 912
f 873 912 911
f 874 875 913
f 874 913 912
f 875 876 914
f 875 914 913
f 876 877 915
f 876 915 914
f 877 878 916
f 877 916 915
f 878 879 917
f 878 917 916
f 879 880 918
f 879 918 917
f 880 881 919
f 880 919 918
f 881 882 920
f 881 920 919
f 882 883 921
f 882 921 920
f 883 884 922
f 883 922 921
f 884 885 923
f 884 923 922
f 885 886 924
f 885 924 923
f 886 887 925
f 886 925 924
f 887 888 926
f 887 926 925
f 888 889 927
f 888 927 926
f 889 890 928
f 889 928 927
f 890 891 929
f 890 929 928
f 891 892 930
f 891 930 929
f 892 893 931
f 892 931 930
f 893 894 932
f 893 932 931
f 894 895 933
f 894 933 932
f 895 896 934
f 895 934 933
f 897 898 936
f 897 936 935
f 898 899 937
f 898 937 936
f 899 900 938
f 899 938 937
f 900 901 939
f 900 939 938
f 901 902 940
f 901 940 939
f 902 903 941
f 902 941 940
f 903 904 942
f 903 942 941
f 904 905 943
f 904 943 942
f 905 906 944
f 905 944 943
f 906 907 945
f 906 945 944
f 907 908 946
f 907 946 945
f 908 909 947
f 908 947 946
f 909 910 948
f 909 948 947
f 910 911 949
f 910 949 948
f 911 912 950
f 911 950 949
f 912 913 951
f 912 951 950
f 913 914 952
f 913 952 951
f 914 915 953
f 914 953 952
f 915 916 954
f 915 954 953
f 916 917 955
f 916 955 954
f 917 918 956
f 917 956 955
f 918 919 957
f 918 957 956
f 919 920 958
f 919 958 957
f 920 921 959
f 920 959 958
f 921 922 960
f 921 960 959
f 922 923 961
f 922 961 960
f 923 924 962
f 923 962 961
f 924 925 963
f 924 963 962
f 925 926 964
f 925 964 963
f 926 927 965
f 926 965 964
f 927 928 966
f 927 966 965
f 928 929 967
f 928 967 966
f 929 930 968
f 929 968 967
f 930 931 969
f 930 969 968
f 931 932 970
f 931 970 969
f 932 933 971
f 932 971 970
f 933 934 972
f 933 972 971
f 935 936 974
f 935 974 973
f 936 937 975
f 936 975 974
f 937 938 976
f 937 976 975
f 938 939 977
f 938 977 976
f 939 940 978
f 939 978 977
f 940 941 979
f 940 979 978
f 941 942 980
f 941 980 979
f 942 943 981
f 942 981 980
f 943 944 982
f 943 982 981
f 944 945 983
f 944 983 982
f 945 946 984
f 945 984 983
f 946 947 985
f 946 985 984
f 947 948 986
f 947 986 985
f 948 949 987
f 948 987 986
f 949 950 988
f 949 988 987
f 950 951 989
f 950 989 988
f 951 952 990
f 951 990 989
f 952 953 991
f 952 991 990
f 953 954 992
f 953 992 991
f 954 955 993
f 954 993 992
f 955 956 994
f 955 994 993
f 956 957 995
f 956 995 994
f 957 958 996
f 957 996 995
f 958 959 997
f 958 997 996
f 959 960 998
f 959 998 997
f 960 961 999
f 960 999 998
f 961 962 1000
f 961 1000 999
f 962 963 1001
f 962 1001 1000
f 963 964 1002
f 963 1002 1001
f 964 965 1003
f 964 1003 1002
f 965 966 1004
f 965 1004 1003
f 966 967 1005
f 966 1005 1004
f 967 968 1006
f 967 1006 1005
f 968 969 1007
f 968 1007 1006
f 969 970 1008
f 969 1008 1007
f 970 971 1009
f 970 1009 1008
f 971 972 1010
f 971 1010 1009
f 973 974 1012
f 973 1012 1011
f 974 975 1013
f 974 1013 1012
f 975 976 1014
f 975 1014 1013
f 976 977 1015
f 976 1015 1014
f 977 978 1016
f 977 1016 1015
f 978 979 1017
f 978 1017 1016
f 979 980 1018
f 979 1018 1017
f 980 981 1019
f 980 1019 1018
f 981 982 1020
f 981 1020 1019
f 982 983 1021
f 982 1021 1020
f 983 984 1022
f 983 1022 1021
f 984 985 1023
f 984 1023 1022
f 985 986 1024
f 985 1024 1023
f 986 987 1025
f 986 1025 1024
f 987 988 1026
f 987 1026 1025
f 988 989 1027
f 988 1027 1026
f 989 990 1028
f 989 1028 1027
f 990 991 1029
f 990 1029 1028
f 991 992 1030
f 991 1030 1029
f 992 993 1031
f 992 1031 1030
f 993 994 1032
f 993 1032 1031
f 994 995 1033
f 994 1033 1032
f 995 996 1034
f 995 1034 1033
f 996 997 1035
f 996 1035 1034
f 997 998 1036
f 997 1036 1035
f 998 999 1037
f 998 1037 1036
f 999 1000 1038
f 999 1038 1037
f 1000 1001 1039
f 1000 1039 1038
f 1001 1002 1040
f 1001 1040 1039
f 1002 1003 1041
f 1002 1041 1040
f 1003 1004 1042
f 1003 1042 1041
f 1004 1005 1043
f 1004 1043 1042
f 1005 1006 1044
f 1005 1044 1043
f 1006 1007 1045
f 1006 1045 1044
f 1007 1008 1046
f 1007 1046 1045
f 1008 1009 1047
f 1008 1047 1046
f 1009 1010 1048
f 1009 1048 1047
f 1011 1012 1050
f 1011 1050 1049
f 1012 1013 1051
f 1012 1051 1050
f 1013 1014 1052
f 1013 1052 1051
f 1014 1015 1053
f 1014 1053 1052
f 1015 1016 1054
f 1015 1054 1053
f 1016 1017 1055
f 1016 1055 1054
f 1017 1018 1056
f 1017 1056 1055
f 1018 1019 1057
f 1018 1057 1056
f 1019 1020 1058
f 1019 1058 1057
f 1020 1021 1059
f 1020 1059 1058
f 1021 1022 1060
f 1021 1060 1059
f 1022 1023 1061
f 1022 1061 1060
f 1023 1024 1062
f 1023 1062 1061
f 1024 1025 1063
f 1024 1063 1062
f 1025 1026 1064
f 1025 1064 1063
f 1026 1027 1065
f 1026 1065 1064
f 1027 1028 1066
f 1027 1066 1065
f 1028 1029 1067
f 1028 1067 1066
f 1029 1030 1068
f 1029 1068 1067
f 1030 1031 1069
f 1030 1069 1068
f 1031 1032 1070
f 1031 1070 1069
f 1032 1033 1071
f 1032 1071 1070
f 1033 1034 1072
f 1033 1072 1071
f 1034 1035 1073
f 1034 1073 1072
f 1035 1036 1074
f 1035 1074 1073
f 1036 1037 1075
f 1036 1075 1074
f 1037 1038 1076
f 1037 1076 1075
f 1038 1039 1077
f 1038 1077 1076
f 1039 1040 1078
f 1039 1078 1077
f 1040 1041 1079
f 1040 1079 1078
f 1041 1042 1080
f 1041 1080 1079
f 1042 1043 1081
f 1042 1081 1080
f 1043 1044 1082
f 1043 1082 1081
f 1044 1045 1083
f 1044 1083 1082
f 1045 1046 1084
f 1045 1084 1083
f 1046 1047 1085
f 1046 1085 1084
f 1047 1048 1086
f 1047 1086 1085
f 1049 1050 1088
f 1049 1088 1087
f 1050 1051 1089
f 1050 1089 1088
f 1051 1052 1090
f 1051 1090 1089
f 1052 1053 1091
f 1052 1091 1090
f 1053 1054 1092
f 1053 1092 1091
f 1054 1055 1093
f 1054 1093 1092
f 1055 1056 1094
f 1055 1094 1093
f 1056 1057 1095
f 1056 1095 1094
f 1057 1058 1096
f 1057 1096 1095
f 1058 1059 1097
f 1058 1097 1096
f 1059 1060 1098
f 1059 1098 1097
f 1060 1061 1099
f 1060 1099 1098
f 1061 1062 1100
f 1061 1100 1099
f 1062 1063 1101
f 1062 1101 1100
f 1063 1064 1102
f 1063 1102 1101
f 1064 1065 1103
f 1064 1103 1102
f 1065 1066 1104
f 1065 1104 1103
f 1066 1067 1105
f 1066 1105 1104
f 1067 1068 1106
f 1067 1106 1105
f 1068 1069 1107
f 1068 1107 1106
f 1069 1070 1108
f 1069 1108 1107
f 1070 1071 1109
f 1070 1109 1108
f 1071 1072 1110
f 1071 1110 1109
f 1072 1073 1111
f 1072 1111 1110
f 1073 1074 1112
f 1073 1112 1111
f 1074 1075 1113
f 1074 1113 1112
f 1075 1076 1114
f 1075 1114 1113
f 1076 1077 1115
f 1076 1115 1114
f 1077 1078 1116
f 1077 1116 1115
f 1078 1079 1117
f 1078 1117 1116
f 1079 1080 1118
f 1079 1118 1117
f 1080 1081 1119
f 1080 1119 1118
f 1081 1082 1120
f 1081 1120 1119
f 1082 1083 1121
f 1082 1121 1120
f 1083 1084 1122
f 1083 1122 1121
f 1084 1085 1123
f 1084 1123 1122
f 1085 1086 1124
f 1085 1124 1123
f 1087 1088 1126
f 1087 1126 1125
f 1088 1089 1127
f 1088 1127 1126
f 1089 1090 1128
f 1089 1128 1127
f 1090 1091 1129
f 1090 1129 1128
f 1091 1092 1130
f 1091 1130 1129
f 1092 1093 1131
f 1092 1131 1130
f 1093 1094 1132
f 1093 1132 1131
f 1094 1095 1133
f 1094 1133 1132
f 1095 1096 1134
f 1095 1134 1133
f 1096 1097 1135
f 1096 1135 1134
f 1097 1098 1136
f 1097 1136 1135
f 1098 1099 1137
f 1098 1137 1136
f 1099 1100 1138
f 1099 1138 1137
f 1100 1101 1139
f 1100 1139 1138
f 1101 1102 1140
f 1101 1140 1139
f 1102 1103 1141
f 1102 1141 1140
f 1103 1104 1142
f 1103 1142 1141
f 1104 1105 1143
f 1104 1143 1142
f 1105 1106 1144
f 1105 1144 1143
f 1106 1107 1145
f 1106 1145 1144
f 1107 1108 1146
f 1107 1146 1145
f 1108 1109 1147
f 1108 1147 1146
f 1109 1110 1148
f 1109 1148 1147
f 1110 1111 1149
f 1110 1149 1148
f 1111 1112 1150
f 1111 1150 1149
f 1112 1113 1151
f 1112 1151 1150
f 1113 1114 1152
f 1113 1152 1151
f 1114 1115 1153
f 1114 1153 1152
f 1115 1116 1154
f 1115 1154 1153
f 1116 1117 1155
f 1116 1155 1154
f 1117 1118 1156
f 1117 1156 1155
f 1118 1119 1157
f 1118 1157 1156
f 1119 1120 1158
f 1119 1158 1157
f 1120 1121 1159
f 1120 1159 1158
f 1121 1122 1160
f 1121 1160 1159
f 1122 1123 1161
f 1122 1161 1160
f 1123 1124 1162
f 1123 1162 1161
f 1125 1126 1164
f 1125 1164 1163
f 1126 1127 1165
f 1126 1165 1164
f 1127 1128 1166
f 1127 1166 1165
f 1128 1129 1167
f 1128 1167 1166
f 1129 1130 1168
f 1129 1168 1167
f 1130 1131 1169
f 1130 1169 1168
f 1131 1132 1170
f 1131 1170 1169
f 1132 1133 1171
f 1132 1171 1170
f 1133 1134 1172
f 1133 1172 1171
f 1134 1135 1173
f 1134 1173 1172
f 1135 1136 1174
f 1135 1174 1173
f 1136 1137 1175
f 1136 1175 1174
f 1137 1138 1176
f 1137 1176 1175
f 1138 1139 1177
f 1138 1177 1176
f 1139 1140 1178
f 1139 1178 1177
f 1140 1141 1179
f 1140 1179 1178
f 1141 1142 1180
f 1141 1180 1179
f 1142 1143 1181
f 1142 1181 1180
f 1143 1144 1182
f 1143 1182 1181
f 1144 1145 1183
f 1144 1183 1182
f 1145 1146 1184
f 1145 1184 1183
f 1146 1147 1185
f 1146 1185 1184
f 1147 1148 1186
f 1147 1186 1185
f 1148 1149 1187
f 1148 1187 1186
f 1149 1150 1188
f 1149 1188 1187
f 1150 1151 1189
f 1150 1189 1188
f 1151 1152 1190
f 1151 1190 1189
f 1152 1153 1191
f 1152 1191 1190
f 1153 1154 1192
f 1153 1192 1191
f 1154 1155 1193
f 1154 1193 1192
f 1155 1156 1194
f 1155 1194 1193
f 1156 1157 1195
f 1156 1195 1194
f 1157 1158 1196
f 1157 1196 1195
f 1158 1159 1197
f 1158 1197 1196
f 1159 1160 1198
f 1159 1198 1197
f 1160 1161 1199
f 1160 1199 1198
f 1161 1162 1200
f 1161 1200 1199
f 1163 1164 1202
f 1163 1202 1201
f 1164 1165 1203
f 1164 1203 1202
f 1165 1166 1204
f 1165 1204 1203
f 1166 1167 1205
f 1166 1205 1204
f 1167 1168 1206
f 1167 1206 1205
f 1168 1169 1207
f 1168 1207 1206
f 1169 1170 1208
f 1169 1208 1207
f 1170 1171 1209
f 1170 1209 1208
f 1171 1172 1210
f 1171 1210 1209
f 1172 1173 1211
f 1172 1211 1210
f 1173 1174 1212
f 1173 1212 1211
f 1174 1175 1213
f 1174 1213 1212
f 1175 1176 1214
f 1175 1214 1213
f 1176 1177 1215
f 1176 1215 1214
f 1177 1178 1216
f 1177 1216 1215
f 1178 1179 1217
f 1178 1217 1216
f 1179 1180 1218
f 1179 1218 1217
f 1180 1181 1219
f 1180 1219 1218
f 1181 1182 1220
f 1181 1220 1219
f 1182 1183 1221
f 1182 1221 1220
f 1183 1184 1222
f 1183 1222 1221
f 1184 1185 1223
f 1184 1223 1222
f 1185 1186 1224
f 1185 1224 1223
f 1186 1187 1225
f 1186 1225 1224
f 1187 1188 1226
f 1187 1226 1225
f 1188 1189 1227
f 1188 1227 1226
f 1189 1190 1228
f 1189 1228 1227
f 1190 1191 1229
f 1190 1229 1228
f 1191 1192 1230
f 1191 1230 1229
f 1192 1193 1231
f 1192 1231 1230
f 1193 1194 1232
f 1193 1232 1231
f 1194 1195 1233
f 1194 1233 1232
f 1195 1196 1234
f 1195 1234 1233
f 1196 1197 1235
f 1196 1235 1234
f 1197 1198 1236
f 1197 1236 1235
f 1198 1199 1237
f 1198 1237 1236
f 1199 1200 1238
f 1199 1238 1237
f 1201 1202 1240
f 1201 1240 1239
f 1202 1203 1241
f 1202 1241 1240
f 1203 1204 1242
f 1203 1242 1241
f 1204 1205 1243
f 1204 1243 1242
f 1205 1206 1244
f 1205 1244 1243
f 1206 1207 1245
f 1206 1245 1244
f 1207 1208 1246
f 1207 1246 1245
f 1208 1209 1247
f 1208 1247 1246
f 1209 1210 1248
f 1209 1248 1247
f 1210 1211 1249
f 1210 1249 1248
f 1211 1212 1250
f 1211 1250 1249
f 1212 1213 1251
f 1212 1251 1250
f 1213 1214 1252
f 1213 1252 1251
f 1214 1215 1253
f 1214 1253 1252
f 1215 1216 1254
f 1215 1254 1253
f 1216 1217 1255
f 1216 1255 1254
f 1217 1218 1256
f 1217 1256 1255
f 1218 1219 1257
f 1218 1257 1256
f 1219 1220 1258
f 1219 1258 1257
f 1220 1221 1259
f 1220 1259 1258
f 1221 1222 1260
f 1221 1260 1259
f 1222 1223 1261
f 1222 1261 1260
f 1223 1224 1262
f 1223 1262 1261
f 1224 1225 1263
f 1224 1263 1262
f 1225 1226 1264
f 1225 1264 1263
f 1226 1227 1265
f 1226 1265 1264
f 1227 1228 1266
f 1227 1266 1265
f 1228 1229 1267
f 1228 1267 1266
f 1229 1230 1268
f 1229 1268 1267
f 1230 1231 1269
f 1230 1269 1268
f 1231 1232 1270
f 1231 1270 1269
f 1232 1233 1271
f 1232 1271 1270
f 1233 1234 1272
f 1233 1272 1271
f 1234 1235 1273
f 1234 1273 1272
f 1235 1236 1274
f 1235 1274 1273
f 1236 1237 1275
f 1236 1275 1274
f 1237 1238 1276
f 1237 1276 1275
f 1239 1240 1278
f 1239 1278 1277
f 1240 1241 1279
f 1240 1279 1278
f 1241 1242 1280
f 1241 1280 1279
f 1242 1243 1281
f 1242 1281 1280
f 1243 1244 1282
f 1243 1282 1281
f 1244 1245 1283
f 1244 1283 1282
f 1245 1246 1284
f 1245 1284 1283
f 1246 1247 1285
f 1246 1285 1284
f 1247 1248 1286
f 1247 1286 1285
f 1248 1249 1287
f 1248 1287 1286
f 1249 1250 1288
f 1249 1288 1287
f 1250 1251 1289
f 1250 1289 1288
f 1251 1252 1290
f 1251 1290 1289
f 1252 1253 1291
f 1252 1291 1290
f 1253 1254 1292
f 1253 1292 1291
f 1254 1255 1293
f 1254 1293 1292
f 1255 1256 1294
f 1255 1294 1293
f 1256 1257 1295
f 1256 1295 1294
f 1257 1258 1296
f 1257 1296 1295
f 1258 1259 1297
f 1258 1297 1296
f 1259 1260 1298
f 1259 1298 1297
f 1260 1261 1299
f 1260 1299 1298
f 1261 1262 1300
f 1261 1300 1299
f 1262 1263 1301
f 1262 1301 1300
f 1263 1264 1302
f 1263 1302 1301
f 1264 1265 1303
f 1264 1303 1302
f 1265 1266 1304
f 1265 1304 1303
f 1266 1267 1305
f 1266 1305 1304
f 1267 1268 1306
f 1267 1306 1305
f 1268 1269 1307
f 1268 1307 1306
f 1269 1270 1308
f 1269 1308 1307
f 1270 1271 1309
f 1270 1309 1308
f 1271 1272 1310
f 1271 1310 1309
f 1272 1273 1311
f 1272 1311 1310
f 1273 1274 1312
f 1273 1312 1311
f 1274 1275 1313
f 1274 1313 1312
f 1275 1276 1314
f 1275 1314 1313
f 1277 1278 1316
f 1277 1316 1315
f 1278 1279 1317
f 1278 1317 1316
f 1279 1280 1318
f 1279 1318 1317
f 1280 1281 1319
f 1280 1319 1318
f 1281 1282 1320
f 1281 1320 1319
f 1282 1283 1321
f 1282 1321 1320
f 1283 1284 1322
f 1283 1322 1321
f 1284 1285 1323
f 1284 1323 1322
f 1285 1286 1324
f 1285 1324 1323
f 1286 1287 1325
f 1286 1325 1324
f 1287 1288 1326
f 1287 1326 1325
f 1288 1289 1327
f 1288 1327 1326
f 1289 1290 1328
f 1289 1328 1327
f 1290 1291 1329
f 1290 1329 1328
f 1291 1292 1330
f 1291 1330 1329
f 1292 1293 1331
f 1292 1331 1330
f 1293 1294 1332
f 1293 1332 1331
f 1294 1295 1333
f 1294 1333 1332
f 1295 1296 1334
f 1295 1334 1333
f 1296 1297 1335
f 1296 1335 1334
f 1297 1298 1336
f 1297 1336 1335
f 1298 1299 1337
f 1298 1337 1336
f 1299 1300 1338
f 1299 1338 1337
f 1300 1301 1339
f 1300 1339 1338
f 1301 1302 1340
f 1301 1340 1339
f 1302 1303 1341
f 1302 1341 1340
f 1303 1304 1342
f 1303 1342 1341
f 1304 1305 1343
f 1304 1343 1342
f 1305 1306 1344
f 1305 1344 1343
f 1306 1307 1345
f 1306 1345 1344
f 1307 1308 1346
f 1307 1346 1345
f 1308 1309 1347
f 1308 1347 1346
f 1309 1310 1348
f 1309 1348 1347
f 1310 1311 1349
f 1310 1349 1348
f 1311 1312 1350
f 1311 1350 1349
f 1312 1313 1351
f 1312 1351 1350
f 1313 1314 1352
f 1313 1352 1351
f 1315 1316 1354
f 1315 1354 1353
f 1316 1317 1355
f 1316 1355 1354
f 1317 1318 1356
f 1317 1356 1355
f 1318 1319 1357
f 1318 1357 1356
f 1319 1320 1358
f 1319 1358 1357
f 1320 1321 1359
f 1320 1359 1358
f 1321 1322 1360
f 1321 1360 1359
f 1322 1323 1361
f 1322 1361 1360
f 1323 1324 1362
f 1323 1362 1361
f 1324 1325 1363
f 1324 1363 1362
f 1325 1326 1364
f 1325 1364 1363
f 1326 1327 1365
f 1326 1365 1364
f 1327 1328 1366
f 1327 1366 1365
f 1328 1329 1367
f 1328 1367 1366
f 1329 1330 1368
f 1329 1368 1367
f 1330 1331 1369
f 1330 1369 1368
f 1331 1332 1370
f 1331 1370 1369
f 1332 1333 1371
f 1332 1371 1370
f 1333 1334 1372
f 1333 1372 1371
f 1334 1335 1373
f 1334 1373 1372
f 1335 1336 1374
f 1335 1374 1373
f 1336 1337 1375
f 1336 1375 1374
f 1337 1338 1376
f 1337 1376 1375
f 1338 1339 1377
f 1338 1377 1376
f 1339 1340 1378
f 1339 1378 1377
f 1340 1341 1379
f 1340 1379 1378
f 1341 1342 1380
f 1341 1380 1379
f 1342 1343 1381
f 1342 1381 1380
f 1343 1344 1382
f 1343 1382 1381
f 1344 1345 1383
f 1344 1383 1382
f 1345 1346 1384
f 1345 1384 1383
f 1346 1347 1385
f 1346 1385 1384
f 1347 1348 1386
f 1347 1386 1385
f 1348 1349 1387
f 1348 1387 1386
f 1349 1350 1388
f 1349 1388 1387
f 1350 1351 1389
f 1350 1389 1388
f 1351 1352 1390
f 1351 1390 1389
f 1353 1354 1392
f 1353 1392 1391
f 1354 1355 1393
f 1354 1393 1392
f 1355 1356 1394
f 1355 1394 1393
f 1356 1357 1395
f 1356 1395 1394
f 1357 1358 1396
f 1357 1396 1395
f 1358 1359 1397
f 1358 1397 1396
f 1359 1360 1398
f 1359 1398 1397
f 1360 1361 1399
f 1360 1399 1398
f 1361 1362 1400
f 1361 1400 1399
f 1362 1363 1401
f 1362 1401 1400
f 1363 1364 1402
f 1363 1402 1401
f 1364 1365 1403
f 1364 1403 1402
f 1365 1366 1404
f 1365 1404 1403
f 1366 1367 1405
f 1366 1405 1404
f 1367 1368 1406
f 1367 1406 1405
f 1368 1369 1407
f 1368 1407 1406
f 1369 1370 1408
f 1369 1408 1407
f 1370 1371 1409
f 1370 1409 1408
f 1371 1372 1410
f 1371 1410 1409
f 1372 1373 1411
f 1372 1411 1410
f 1373 1374 1412
f 1373 1412 1411
f 1374 1375 1413
f 1374 1413 1412
f 1375 1376 1414
f 1375 1414 1413
f 1376 1377 1415
f 1376 1415 1414
f 1377 1378 1416
f 1377 1416 1415
f 1378 1379 1417
f 1378 1417 1416
f 1379 1380 1418
f 1379 1418 1417
f 1380 1381 1419
f 1380 1419 1418
f 1381 1382 1420
f 1381 1420 1419
f 1382 1383 1421
f 1382 1421 1420
f 1383 1384 1422
f 1383 1422 1421
f 1384 1385 1423
f 1384 1423 1422
f 1385 1386 1424
f 1385 1424 1423
f 1386 1387 1425
f 1386 1425 1424
f 1387 1388 1426
f 1387 1426 1425
f 1388 1389 1427
f 1388 1427 1426
f 1389 1390 1428
f 1389 1428 1427
f 1391 1392 1430
f 1391 1430 1429
f 1392 1393 1431
f 1392 1431 1430
f 1393 1394 1432
f 1393 1432 1431
f 1394 1395 1433
f 1394 1433 1432
f 1395 1396 1434
f 1395 1434 1433
f 1396 1397 1435
f 1396 1435 1434
f 1397 1398 1436
f 1397 1436 1435
f 1398 1399 1437
f 1398 1437 1436
f 1399 1400 1438
f 1399 1438 1437
f 1400 1401 1439
f 1400 1439 1438
f 1401 1402 1440
f 1401 1440 1439
f 1402 1403 1441
f 1402 1441 1440
f 1403 1404 1442
f 1403 1442 1441
f 1404 1405 1443
f 1404 1443 1442
f 1405 1406 1444
f 1405 1444 1443
f 1406 1407 1445
f 1406 1445 1444
f 1407 1408 1446
f 1407 1446 1445
f 1408 1409 1447
f 1408 1447 1446
f 1409 1410 1448
f 1409 1448 1447
f 1410 1411 1449
f 1410 1449 1448
f 1411 1412 1450
f 1411 1450 1449
f 1412 1413 1451
f 1412 1451 1450
f 1413 1414 1452
f 1413 1452 1451
f 1414 1415 1453
f 1414 1453 1452
f 1415 1416 1454
f 1415 1454 1453
f 1416 1417 1455
f 1416 1455 1454
f 1417 1418 1456
f 1417 1456 1455
f 1418 1419 1457
f 1418 1457 1456
f 1419 1420 1458
f 1419 1458 1457
f 1420 1421 1459
f 1420 1459 1458
f 1421 1422 1460
f 1421 1460 1459
f 1422 1423 1461
f 1422 1461 1460
f 1423 1424 1462
f 1423 1462 1461
f 1424 1425 1463
f 1424 1463 1462
f 1425 1426 1464
f 1425 1464 1463
f 1426 1427 1465
f 1426 1465 1464
f 1427 1428 1466
f 1427 1466 1465
f 1429 1430 1468
f 1429 1468 1467
f 1430 1431 1469
f 1430 1469 1468
f 1431 1432 1470
f 1431 1470 1469
f 1432 1433 1471
f 1432 1471 1470
f 1433 1434 1472
f 1433 1472 1471
f 1434 1435 1473
f 1434 1473 1472
f 1435 1436 1474
f 1435 1474 1473
f 1436 1437 1475
f 1436 1475 1474
f 1437 1438 1476
f 1437 1476 1475
f 1438 1439 1477
f 1438 1477 1476
f 1439 1440 1478
f 1439 1478 1477
f 1440 1441 1479
f 1440 1479 1478
f 1441 1442 1480
f 1441 1480 1479
f 1442 1443 1481
f 1442 1481 1480
f 1443 1444 1482
f 1443 1482 1481
f 1444 1445 1483
f 1444 1483 1482
f 1445 1446 1484
f 1445 1484 1483
f 1446 1447 1485
f 1446 1485 1484
f 1447 1448 1486
f 1447 1486 1485
f 1448 1449 1487
f 1448 1487 1486
f 1449 1450 1488
f 1449 1488 1487
f 1450 1451 1489
f 1450 1489 1488
f 1451 1452 1490
f 1451 1490 1489
f 1452 1453 1491
f 1452 1491 1490
f 1453 1454 1492
f 1453 1492 1491
f 1454 1455 1493
f 1454 1493 1492
f 1455 1456 1494
f 1455 1494 1493
f 1456 1457 1495
f 1456 1495 1494
f 1457 1458 1496
f 1457 1496 1495
f 1458 1459 1497
f 1458 1497 1496
f 1459 1460 1498
f 1459 1498 1497
f 1460 1461 1499
f 1460 1499 1498
f 1461 1462 1500
f 1461 1500 1499
f 1462 1463 1501
f 1462 1501 1500
f 1463 1464 1502
f 1463 1502 1501
f 1464 1465 1503
f 1464 1503 1502
f 1465 1466 1504
f 1465 1504 1503
f 1467 1468 1506
f 1467 1506 1505
f 1468 1469 1507
f 1468 1507 1506
f 1469 1470 1508
f 1469 1508 1507
f 1470 1471 1509
f 1470 1509 1508
f 1471 1472 1510
f 1471 1510 1509
f 1472 1473 1511
f 1472 1511 1510
f 1473 1474 1512
f 1473 1512 1511
f 1474 1475 1513
f 1474 1513 1512
f 1475 1476 1514
f 1475 1514 1513
f 1476 1477 1515
f 1476 1515 1514
f 1477 1478 1516
f 1477 1516 1515
f 1478 1479 1517
f 1478 1517 1516
f 1479 1480 1518
f 1479 1518 1517
f 1480 1481 1519
f 1480 1519 1518
f 1481 1482 1520
f 1481 1520 1519
f 1482 1483 1521
f 1482 1521 1520
f 1483 1484 1522
f 1483 1522 1521
f 1484 1485 1523
f 1484 1523 1522
f 1485 1486 1524
f 1485 1524 1523
f 1486 1487 1525
f 1486 1525 1524
f 1487 1488 1526
f 1487 1526 1525
f 1488 1489 1527
f 1488 1527 1526
f 1489 1490 1528
f 1489 1528 1527
f 1490 1491 1529
f 1490 1529 1528
f 1491 1492 1530
f 1491 1530 1529
f 1492 1493 1531
f 1492 1531 1530
f 1493 1494 1532
f 1493 1532 1531
f 1494 1495 1533
f 1494 1533 1532
f 1495 1496 1534
f 1495 1534 1533
f 1496 1497 1535
f 1496 1535 1534
f 1497 1498 1536
f 1497 1536 1535
f 1498 1499 1537
f 1498 1537 1536
f 1499 1500 1538
f 1499 1538 1537
f 1500 1501 1539
f 1500 1539 1538
f 1501 1502 1540
f 1501 1540 1539
f 1502 1503 1541
f 1502 1541 1540
f 1503 1504 1542
f 1503 1542 1541
f 1505 1506 24
f 1505 24 23
f 1506 1507 25
f 1506 25 24
f 1507 1508 26
f 1507 26 25
f 1508 1509 27
f 1508 27 26
f 1509 1510 28
f 1509 28 27
f 1510 1511 29
f 1510 29 28
f 1511 1512 30
f 1511 30 29
f 1512 1513 31
f 1512 31 30
f 1513 1514 32
f 1513 32 31
f 1514 1515 33
f 1514 33 32
f 1515 1516 34
f 1515 34 33
f 1516 1517 35
f 1516 35 34
f 1517 1518 36
f 1517 36 35
f 1518 1519 37
f 1518 37 36
f 1519 1520 38
f 1519 38 37
f 1520 1521 39
f 1520 39 38
f 1521 1522 40
f 1521 40 39
f 1522 1523 41
f 1522 41 40
f 1523 1524 42
f 1523 42 41
f 1524 1525 43
f 1524 43 42
f 1525 1526 44
f 1525 44 43
f 1526 1527 45
f 1526 45 44
f 1527 1528 46
f 1527 46 45
f 1528 1529 47
f 1528 47 46
f 1529 1530 48
f 1529 48 47
f 1530 1531 49
f 1530 49 48
f 1531 1532 50
f 1531 50 49
f 1532 1533 51
f 1532 51 50
f 1533 1534 52
f 1533 52 51
f 1534 1535 53
f 1534 53 52
f 1535 1536 54
f 1535 54 53
f 1536 1537 55
f 1536 55 54
f 1537 1538 56
f 1537 56 55
f 1538 1539 57
f 1538 57 56
f 1539 1540 58
f 1539 58 57
f 1540 1541 59
f 1540 59 58
f 1541 1542 60
f 1541 60 59
