# Generated by Visualization Toolkit
v 19.3521 20.096 19.9367
v 19.8936 19.362 20.121
v 20.6479 19.904 20.0634
v 20.1063 20.638 19.8791
v 19.8935 19.362 20.1209
v 20.1065 20.638 19.8789
v 19.3521 20.0961 19.9366
v 20.6479 19.9039 20.0632
v 20.6479 19.9038 20.0632
v 19.8934 19.362 20.1209
v 20.1065 20.638 19.879
v 20.6479 19.9037 20.0633
v 19.893 19.3621 20.1209
v 19.3521 20.0959 19.9367
v 19.3743 20.1873 19.9199
v 20.6257 19.8128 20.0803
v 19.801 19.3826 20.1106
v 20.1989 20.6175 19.8896
v 20.6479 19.904 20.0631
v 19.8936 19.362 20.1209
v 19.3521 20.096 19.9366
v 20.1064 20.638 19.8789
v 19.4086 20.2725 19.9052
v 20.2851 20.5849 19.9021
v 19.7148 19.4152 20.0982
v 20.5914 19.7276 20.0951
v 20.6479 19.9041 20.0634
v 19.3522 20.0967 19.9366
v 19.8941 19.3619 20.121
v 20.1066 20.638 19.8792
v 19.894 19.3619 20.1209
v 20.106 20.638 19.8788
v 20.648 19.9043 20.0631
v 19.352 20.0956 19.9367
v 20.1063 20.6381 19.8792
v 19.3521 20.096 19.9368
v 20.6479 19.904 20.0635
v 19.9999942779541 20.000015258789062 20.658035278320312
v 19.9999942779541 20.000015258789062 19.341964721679688
v 20.05294418334961 20.000015258789062 20.655902862548828
v 20.10555076599121 20.000015258789062 20.64951515197754
v 20.157472610473633 20.000015258789062 20.638914108276367
v 20.2083740234375 20.000015258789062 20.624170303344727
v 20.257923126220703 20.000015258789062 20.605379104614258
v 20.30579948425293 20.000015258789062 20.58266258239746
v 20.35169219970703 20.000015258789062 20.55616569519043
v 20.39530372619629 20.000015258789062 20.52606201171875
v 20.43635368347168 20.000015258789062 20.49254608154297
v 20.474571228027344 20.000015258789062 20.45583724975586
v 20.50971221923828 20.000015258789062 20.41617202758789
v 20.541547775268555 20.000015258789062 20.373807907104492
v 20.569869995117188 20.000015258789062 20.329017639160156
v 20.594497680664062 20.000015258789062 20.282094955444336
v 20.61526870727539 20.000015258789062 20.23334312438965
v 20.632049560546875 20.000015258789062 20.183076858520508
v 20.644731521606445 20.000015258789062 20.131624221801758
v 20.65323257446289 20.000015258789062 20.079317092895508
v 20.65749740600586 20.000015258789062 20.02649688720703
v 20.65749740600586 20.000015258789062 19.97350311279297
v 20.65323257446289 20.000015258789062 19.920682907104492
v 20.644731521606445 20.000015258789062 19.868375778198242
v 20.632049560546875 20.000015258789062 19.816923141479492
v 20.61526870727539 20.000015258789062 19.76665687561035
v 20.594497680664062 20.000015258789062 19.717905044555664
v 20.569869995117188 20.000015258789062 19.670982360839844
v 20.541547775268555 20.000015258789062 19.626192092895508
v 20.50971221923828 20.000015258789062 19.58382797241211
v 20.474571228027344 20.000015258789062 19.54416275024414
v 20.43635368347168 20.000015258789062 19.50745391845703
v 20.39530372619629 20.000015258789062 19.47393798828125
v 20.35169219970703 20.000015258789062 19.44383430480957
v 20.30579948425293 20.000015258789062 19.41733741760254
v 20.257923126220703 20.000015258789062 19.394620895385742
v 20.2083740234375 20.000015258789062 19.375829696655273
v 20.157472610473633 20.000015258789062 19.361085891723633
v 20.10555076599121 20.000015258789062 19.35048484802246
v 20.05294418334961 20.000015258789062 19.344097137451172
v 20.052291870117188 20.008298873901367 20.655902862548828
v 20.104251861572266 20.01652717590332 20.64951515197754
v 20.155532836914062 20.02465057373047 20.638914108276367
v 20.205808639526367 20.03261375427246 20.624170303344727
v 20.25474739074707 20.040363311767578 20.605379104614258
v 20.302034378051758 20.047853469848633 20.58266258239746
v 20.347362518310547 20.05503273010254 20.55616569519043
v 20.390438079833984 20.06185531616211 20.52606201171875
v 20.430980682373047 20.06827735900879 20.49254608154297
v 20.46872901916504 20.074254989624023 20.45583724975586
v 20.503437042236328 20.07975196838379 20.41617202758789
v 20.534879684448242 20.084732055664062 20.373807907104492
v 20.562854766845703 20.089162826538086 20.329017639160156
v 20.587177276611328 20.093015670776367 20.282094955444336
v 20.60769271850586 20.09626579284668 20.23334312438965
v 20.624267578125 20.09889030456543 20.183076858520508
v 20.63679313659668 20.100873947143555 20.131624221801758
v 20.64518928527832 20.102203369140625 20.079317092895508
v 20.649402618408203 20.10287094116211 20.02649688720703
v 20.649402618408203 20.10287094116211 19.97350311279297
v 20.64518928527832 20.102203369140625 19.920682907104492
v 20.63679313659668 20.100873947143555 19.868375778198242
v 20.624267578125 20.09889030456543 19.816923141479492
v 20.60769271850586 20.09626579284668 19.76665687561035
v 20.587177276611328 20.093015670776367 19.717905044555664
v 20.562854766845703 20.089162826538086 19.670982360839844
v 20.534879684448242 20.084732055664062 19.626192092895508
v 20.503437042236328 20.07975196838379 19.58382797241211
v 20.46872901916504 20.074254989624023 19.54416275024414
v 20.430980682373047 20.06827735900879 19.50745391845703
v 20.390438079833984 20.06185531616211 19.47393798828125
v 20.347362518310547 20.05503273010254 19.44383430480957
v 20.302034378051758 20.047853469848633 19.41733741760254
v 20.25474739074707 20.040363311767578 19.394620895385742
v 20.205808639526367 20.03261375427246 19.375829696655273
v 20.155532836914062 20.02465057373047 19.361085891723633
v 20.104251861572266 20.01652717590332 19.35048484802246
v 20.052291870117188 20.008298873901367 19.344097137451172
v 20.050352096557617 20.01637840270996 20.655902862548828
v 20.100383758544922 20.032634735107422 20.64951515197754
v 20.149765014648438 20.04867935180664 20.638914108276367
v 20.19817352294922 20.064407348632812 20.624170303344727
v 20.245298385620117 20.07971954345703 20.605379104614258
v 20.29083251953125 20.094514846801758 20.58266258239746
v 20.3344783782959 20.10869598388672 20.55616569519043
v 20.37595558166504 20.122173309326172 20.52606201171875
v 20.414995193481445 20.134857177734375 20.49254608154297
v 20.451343536376953 20.14666748046875 20.45583724975586
v 20.484764099121094 20.15752601623535 20.41617202758789
v 20.51504135131836 20.1673641204834 20.373807907104492
v 20.54197883605957 20.176116943359375 20.329017639160156
v 20.565399169921875 20.183727264404297 20.282094955444336
v 20.585155487060547 20.19014549255371 20.23334312438965
v 20.60111427307129 20.195331573486328 20.183076858520508
v 20.613176345825195 20.199249267578125 20.131624221801758
v 20.621261596679688 20.20187759399414 20.079317092895508
v 20.625316619873047 20.203195571899414 20.02649688720703
v 20.625316619873047 20.203195571899414 19.97350311279297
v 20.621261596679688 20.20187759399414 19.920682907104492
v 20.613176345825195 20.199249267578125 19.868375778198242
v 20.60111427307129 20.195331573486328 19.816923141479492
v 20.585155487060547 20.19014549255371 19.76665687561035
v 20.565399169921875 20.183727264404297 19.717905044555664
v 20.54197883605957 20.176116943359375 19.670982360839844
v 20.51504135131836 20.1673641204834 19.626192092895508
v 20.484764099121094 20.15752601623535 19.58382797241211
v 20.451343536376953 20.14666748046875 19.54416275024414
v 20.414995193481445 20.134857177734375 19.50745391845703
v 20.37595558166504 20.122173309326172 19.47393798828125
v 20.3344783782959 20.10869598388672 19.44383430480957
v 20.29083251953125 20.094514846801758 19.41733741760254
v 20.245298385620117 20.07971954345703 19.394620895385742
v 20.19817352294922 20.064407348632812 19.375829696655273
v 20.149765014648438 20.04867935180664 19.361085891723633
v 20.100383758544922 20.032634735107422 19.35048484802246
v 20.050352096557617 20.01637840270996 19.344097137451172
v 20.04717254638672 20.0240535736084 20.655902862548828
v 20.094045639038086 20.047937393188477 20.64951515197754
v 20.140308380126953 20.071508407592773 20.638914108276367
v 20.18566131591797 20.09461784362793 20.624170303344727
v 20.22981071472168 20.11711311340332 20.605379104614258
v 20.27246856689453 20.13884735107422 20.58266258239746
v 20.313358306884766 20.159683227539062 20.55616569519043
v 20.352218627929688 20.179481506347656 20.52606201171875
v 20.388792037963867 20.198118209838867 20.49254608154297
v 20.4228458404541 20.215469360351562 20.45583724975586
v 20.45415687561035 20.231422424316406 20.41617202758789
v 20.482521057128906 20.245874404907227 20.373807907104492
v 20.50775718688965 20.25873374938965 20.329017639160156
v 20.529701232910156 20.269914627075195 20.282094955444336
v 20.548208236694336 20.27934455871582 20.23334312438965
v 20.563159942626953 20.286962509155273 20.183076858520508
v 20.574459075927734 20.292720794677734 20.131624221801758
v 20.582033157348633 20.296579360961914 20.079317092895508
v 20.585832595825195 20.29851531982422 20.02649688720703
v 20.585832595825195 20.29851531982422 19.97350311279297
v 20.582033157348633 20.296579360961914 19.920682907104492
v 20.574459075927734 20.292720794677734 19.868375778198242
v 20.563159942626953 20.286962509155273 19.816923141479492
v 20.548208236694336 20.27934455871582 19.76665687561035
v 20.529701232910156 20.269914627075195 19.717905044555664
v 20.50775718688965 20.25873374938965 19.670982360839844
v 20.482521057128906 20.245874404907227 19.626192092895508
v 20.45415687561035 20.231422424316406 19.58382797241211
v 20.4228458404541 20.215469360351562 19.54416275024414
v 20.388792037963867 20.198118209838867 19.50745391845703
v 20.352218627929688 20.179481506347656 19.47393798828125
v 20.313358306884766 20.159683227539062 19.44383430480957
v 20.27246856689453 20.13884735107422 19.41733741760254
v 20.22981071472168 20.11711311340332 19.394620895385742
v 20.18566131591797 20.09461784362793 19.375829696655273
v 20.140308380126953 20.071508407592773 19.361085891723633
v 20.094045639038086 20.047937393188477 19.35048484802246
v 20.04717254638672 20.0240535736084 19.344097137451172
v 20.042831420898438 20.031139373779297 20.655902862548828
v 20.085391998291016 20.06205940246582 20.64951515197754
v 20.127397537231445 20.092578887939453 20.638914108276367
v 20.168577194213867 20.12249755859375 20.624170303344727
v 20.208662033081055 20.151620864868164 20.605379104614258
v 20.247394561767578 20.17976188659668 20.58266258239746
v 20.284523010253906 20.206737518310547 20.55616569519043
v 20.319807052612305 20.232372283935547 20.52606201171875
v 20.353015899658203 20.256500244140625 20.49254608154297
v 20.383935928344727 20.27896499633789 20.45583724975586
v 20.412364959716797 20.299619674682617 20.41617202758789
v 20.438119888305664 20.31833267211914 20.373807907104492
v 20.46103286743164 20.334980010986328 20.329017639160156
v 20.48095703125 20.349454879760742 20.282094955444336
v 20.497760772705078 20.361663818359375 20.23334312438965
v 20.511337280273438 20.37152862548828 20.183076858520508
v 20.52159881591797 20.378982543945312 20.131624221801758
v 20.528474807739258 20.38397979736328 20.079317092895508
v 20.531925201416016 20.386486053466797 20.02649688720703
v 20.531925201416016 20.386486053466797 19.97350311279297
v 20.528474807739258 20.38397979736328 19.920682907104492
v 20.52159881591797 20.378982543945312 19.868375778198242
v 20.511337280273438 20.37152862548828 19.816923141479492
v 20.497760772705078 20.361663818359375 19.76665687561035
v 20.48095703125 20.349454879760742 19.717905044555664
v 20.46103286743164 20.334980010986328 19.670982360839844
v 20.438119888305664 20.31833267211914 19.626192092895508
v 20.412364959716797 20.299619674682617 19.58382797241211
v 20.383935928344727 20.27896499633789 19.54416275024414
v 20.353015899658203 20.256500244140625 19.50745391845703
v 20.319807052612305 20.232372283935547 19.47393798828125
v 20.284523010253906 20.206737518310547 19.44383430480957
v 20.247394561767578 20.17976188659668 19.41733741760254
v 20.208662033081055 20.151620864868164 19.394620895385742
v 20.168577194213867 20.12249755859375 19.375829696655273
v 20.127397537231445 20.092578887939453 19.361085891723633
v 20.085391998291016 20.06205940246582 19.35048484802246
v 20.042831420898438 20.031139373779297 19.344097137451172
v 20.03743553161621 20.037456512451172 20.655902862548828
v 20.074634552001953 20.074655532836914 20.64951515197754
v 20.11134910583496 20.111370086669922 20.638914108276367
v 20.147340774536133 20.147361755371094 20.624170303344727
v 20.182376861572266 20.182397842407227 20.605379104614258
v 20.216230392456055 20.216251373291016 20.58266258239746
v 20.248682022094727 20.248703002929688 20.55616569519043
v 20.27952003479004 20.279541015625 20.52606201171875
v 20.30854606628418 20.30856704711914 20.49254608154297
v 20.3355712890625 20.33559226989746 20.45583724975586
v 20.36042022705078 20.360441207885742 20.41617202758789
v 20.382930755615234 20.382951736450195 20.373807907104492
v 20.402957916259766 20.402978897094727 20.329017639160156
v 20.420372009277344 20.420392990112305 20.282094955444336
v 20.43505859375 20.43507957458496 20.23334312438965
v 20.446924209594727 20.446945190429688 20.183076858520508
v 20.45589256286621 20.455913543701172 20.131624221801758
v 20.461902618408203 20.461923599243164 20.079317092895508
v 20.46491813659668 20.46493911743164 20.02649688720703
v 20.46491813659668 20.46493911743164 19.97350311279297
v 20.461902618408203 20.461923599243164 19.920682907104492
v 20.45589256286621 20.455913543701172 19.868375778198242
v 20.446924209594727 20.446945190429688 19.816923141479492
v 20.43505859375 20.43507957458496 19.76665687561035
v 20.420372009277344 20.420392990112305 19.717905044555664
v 20.402957916259766 20.402978897094727 19.670982360839844
v 20.382930755615234 20.382951736450195 19.626192092895508
v 20.36042022705078 20.360441207885742 19.58382797241211
v 20.3355712890625 20.33559226989746 19.54416275024414
v 20.30854606628418 20.30856704711914 19.50745391845703
v 20.27952003479004 20.279541015625 19.47393798828125
v 20.248682022094727 20.248703002929688 19.44383430480957
v 20.216230392456055 20.216251373291016 19.41733741760254
v 20.182376861572266 20.182397842407227 19.394620895385742
v 20.147340774536133 20.147361755371094 19.375829696655273
v 20.11134910583496 20.111370086669922 19.361085891723633
v 20.074634552001953 20.074655532836914 19.35048484802246
v 20.03743553161621 20.037456512451172 19.344097137451172
v 20.031118392944336 20.0428524017334 20.655902862548828
v 20.06203842163086 20.085412979125977 20.64951515197754
v 20.092557907104492 20.127418518066406 20.638914108276367
v 20.12247657775879 20.168598175048828 20.624170303344727
v 20.151599884033203 20.208683013916016 20.605379104614258
v 20.17974090576172 20.24741554260254 20.58266258239746
v 20.206716537475586 20.284543991088867 20.55616569519043
v 20.232351303100586 20.319828033447266 20.52606201171875
v 20.256479263305664 20.353036880493164 20.49254608154297
v 20.27894401550293 20.383956909179688 20.45583724975586
v 20.299598693847656 20.412385940551758 20.41617202758789
v 20.31831169128418 20.438140869140625 20.373807907104492
v 20.334959030151367 20.4610538482666 20.329017639160156
v 20.34943389892578 20.48097801208496 20.282094955444336
v 20.361642837524414 20.49778175354004 20.23334312438965
v 20.37150764465332 20.5113582611084 20.183076858520508
v 20.37896156311035 20.521617889404297 20.131624221801758
v 20.38395881652832 20.52849578857422 20.079317092895508
v 20.386465072631836 20.531946182250977 20.02649688720703
v 20.386465072631836 20.531946182250977 19.97350311279297
v 20.38395881652832 20.52849578857422 19.920682907104492
v 20.37896156311035 20.521617889404297 19.868375778198242
v 20.37150764465332 20.5113582611084 19.816923141479492
v 20.361642837524414 20.49778175354004 19.76665687561035
v 20.34943389892578 20.48097801208496 19.717905044555664
v 20.334959030151367 20.4610538482666 19.670982360839844
v 20.31831169128418 20.438140869140625 19.626192092895508
v 20.299598693847656 20.412385940551758 19.58382797241211
v 20.27894401550293 20.383956909179688 19.54416275024414
v 20.256479263305664 20.353036880493164 19.50745391845703
v 20.232351303100586 20.319828033447266 19.47393798828125
v 20.206716537475586 20.284543991088867 19.44383430480957
v 20.17974090576172 20.24741554260254 19.41733741760254
v 20.151599884033203 20.208683013916016 19.394620895385742
v 20.12247657775879 20.168598175048828 19.375829696655273
v 20.092557907104492 20.127418518066406 19.361085891723633
v 20.06203842163086 20.085412979125977 19.35048484802246
v 20.031118392944336 20.0428524017334 19.344097137451172
v 20.024032592773438 20.04719352722168 20.655902862548828
v 20.047916412353516 20.094066619873047 20.64951515197754
v 20.071487426757812 20.140329360961914 20.638914108276367
v 20.09459686279297 20.18568229675293 20.624170303344727
v 20.11709213256836 20.22983169555664 20.605379104614258
v 20.138826370239258 20.272489547729492 20.58266258239746
v 20.1596622467041 20.31338119506836 20.55616569519043
v 20.179460525512695 20.35223960876465 20.52606201171875
v 20.198097229003906 20.388813018798828 20.49254608154297
v 20.2154483795166 20.422866821289062 20.45583724975586
v 20.231401443481445 20.454177856445312 20.41617202758789
v 20.245853424072266 20.482542037963867 20.373807907104492
v 20.258712768554688 20.50777816772461 20.329017639160156
v 20.269893646240234 20.529720306396484 20.282094955444336
v 20.27932357788086 20.548229217529297 20.23334312438965
v 20.286941528320312 20.563180923461914 20.183076858520508
v 20.292699813842773 20.574480056762695 20.131624221801758
v 20.296558380126953 20.582054138183594 20.079317092895508
v 20.298494338989258 20.585853576660156 20.02649688720703
v 20.298494338989258 20.585853576660156 19.97350311279297
v 20.296558380126953 20.582054138183594 19.920682907104492
v 20.292699813842773 20.574480056762695 19.868375778198242
v 20.286941528320312 20.563180923461914 19.816923141479492
v 20.27932357788086 20.548229217529297 19.76665687561035
v 20.269893646240234 20.529720306396484 19.717905044555664
v 20.258712768554688 20.50777816772461 19.670982360839844
v 20.245853424072266 20.482542037963867 19.626192092895508
v 20.231401443481445 20.454177856445312 19.58382797241211
v 20.2154483795166 20.422866821289062 19.54416275024414
v 20.198097229003906 20.388813018798828 19.50745391845703
v 20.179460525512695 20.35223960876465 19.47393798828125
v 20.1596622467041 20.31338119506836 19.44383430480957
v 20.138826370239258 20.272489547729492 19.41733741760254
v 20.11709213256836 20.22983169555664 19.394620895385742
v 20.09459686279297 20.18568229675293 19.375829696655273
v 20.071487426757812 20.140329360961914 19.361085891723633
v 20.047916412353516 20.094066619873047 19.35048484802246
v 20.024032592773438 20.04719352722168 19.344097137451172
v 20.016357421875 20.050373077392578 20.655902862548828
v 20.03261375427246 20.100404739379883 20.64951515197754
v 20.04865837097168 20.1497859954834 20.638914108276367
v 20.06438636779785 20.19819450378418 20.624170303344727
v 20.07969856262207 20.245319366455078 20.605379104614258
v 20.094493865966797 20.29085350036621 20.58266258239746
v 20.108675003051758 20.33449935913086 20.55616569519043
v 20.12215232849121 20.3759765625 20.52606201171875
v 20.134836196899414 20.415016174316406 20.49254608154297
v 20.14664649963379 20.451364517211914 20.45583724975586
v 20.15750503540039 20.484785079956055 20.41617202758789
v 20.167343139648438 20.51506233215332 20.373807907104492
v 20.176095962524414 20.54199981689453 20.329017639160156
v 20.183706283569336 20.56542205810547 20.282094955444336
v 20.19012451171875 20.585176467895508 20.23334312438965
v 20.195310592651367 20.60113525390625 20.183076858520508
v 20.199228286743164 20.613197326660156 20.131624221801758
v 20.20185661315918 20.62128257751465 20.079317092895508
v 20.203174591064453 20.625337600708008 20.02649688720703
v 20.203174591064453 20.625337600708008 19.97350311279297
v 20.20185661315918 20.62128257751465 19.920682907104492
v 20.199228286743164 20.613197326660156 19.868375778198242
v 20.195310592651367 20.60113525390625 19.816923141479492
v 20.19012451171875 20.585176467895508 19.76665687561035
v 20.183706283569336 20.56542205810547 19.717905044555664
v 20.176095962524414 20.54199981689453 19.670982360839844
v 20.167343139648438 20.51506233215332 19.626192092895508
v 20.15750503540039 20.484785079956055 19.58382797241211
v 20.14664649963379 20.451364517211914 19.54416275024414
v 20.134836196899414 20.415016174316406 19.50745391845703
v 20.12215232849121 20.3759765625 19.47393798828125
v 20.108675003051758 20.33449935913086 19.44383430480957
v 20.094493865966797 20.29085350036621 19.41733741760254
v 20.07969856262207 20.245319366455078 19.394620895385742
v 20.06438636779785 20.19819450378418 19.375829696655273
v 20.04865837097168 20.1497859954834 19.361085891723633
v 20.03261375427246 20.100404739379883 19.35048484802246
v 20.016357421875 20.050373077392578 19.344097137451172
v 20.008277893066406 20.05231285095215 20.655902862548828
v 20.01650619506836 20.104272842407227 20.64951515197754
v 20.024629592895508 20.155553817749023 20.638914108276367
v 20.0325927734375 20.205829620361328 20.624170303344727
v 20.040342330932617 20.25476837158203 20.605379104614258
v 20.047832489013672 20.30205535888672 20.58266258239746
v 20.055011749267578 20.347383499145508 20.55616569519043
v 20.06183433532715 20.390459060668945 20.52606201171875
v 20.068256378173828 20.431001663208008 20.49254608154297
v 20.074234008789062 20.46875 20.45583724975586
v 20.079730987548828 20.50345802307129 20.41617202758789
v 20.0847110748291 20.534900665283203 20.373807907104492
v 20.089141845703125 20.562875747680664 20.329017639160156
v 20.092994689941406 20.58719825744629 20.282094955444336
v 20.09624481201172 20.60771369934082 20.23334312438965
v 20.09886932373047 20.62428855895996 20.183076858520508
v 20.100852966308594 20.63681411743164 20.131624221801758
v 20.102182388305664 20.64521026611328 20.079317092895508
v 20.10284996032715 20.64942169189453 20.02649688720703
v 20.10284996032715 20.64942169189453 19.97350311279297
v 20.102182388305664 20.64521026611328 19.920682907104492
v 20.100852966308594 20.63681411743164 19.868375778198242
v 20.09886932373047 20.62428855895996 19.816923141479492
v 20.09624481201172 20.60771369934082 19.76665687561035
v 20.092994689941406 20.58719825744629 19.717905044555664
v 20.089141845703125 20.562875747680664 19.670982360839844
v 20.0847110748291 20.534900665283203 19.626192092895508
v 20.079730987548828 20.50345802307129 19.58382797241211
v 20.074234008789062 20.46875 19.54416275024414
v 20.068256378173828 20.431001663208008 19.50745391845703
v 20.06183433532715 20.390459060668945 19.47393798828125
v 20.055011749267578 20.347383499145508 19.44383430480957
v 20.047832489013672 20.30205535888672 19.41733741760254
v 20.040342330932617 20.25476837158203 19.394620895385742
v 20.0325927734375 20.205829620361328 19.375829696655273
v 20.024629592895508 20.155553817749023 19.361085891723633
v 20.01650619506836 20.104272842407227 19.35048484802246
v 20.008277893066406 20.05231285095215 19.344097137451172
v 19.9999942779541 20.05296516418457 20.655902862548828
v 19.9999942779541 20.105571746826172 20.64951515197754
v 19.9999942779541 20.157493591308594 20.638914108276367
v 19.9999942779541 20.20839500427246 20.624170303344727
v 19.9999942779541 20.257944107055664 20.605379104614258
v 19.9999942779541 20.30582046508789 20.58266258239746
v 19.9999942779541 20.351713180541992 20.55616569519043
v 19.9999942779541 20.39532470703125 20.52606201171875
v 19.9999942779541 20.43637466430664 20.49254608154297
v 19.9999942779541 20.474592208862305 20.45583724975586
v 19.9999942779541 20.509733200073242 20.41617202758789
v 19.9999942779541 20.541568756103516 20.373807907104492
v 19.9999942779541 20.56989097595215 20.329017639160156
v 19.9999942779541 20.594518661499023 20.282094955444336
v 19.9999942779541 20.61528968811035 20.23334312438965
v 19.9999942779541 20.632070541381836 20.183076858520508
v 19.9999942779541 20.644752502441406 20.131624221801758
v 19.9999942779541 20.65325355529785 20.079317092895508
v 19.9999942779541 20.65751838684082 20.02649688720703
v 19.9999942779541 20.65751838684082 19.97350311279297
v 19.9999942779541 20.65325355529785 19.920682907104492
v 19.9999942779541 20.644752502441406 19.868375778198242
v 19.9999942779541 20.632070541381836 19.816923141479492
v 19.9999942779541 20.61528968811035 19.76665687561035
v 19.9999942779541 20.594518661499023 19.717905044555664
v 19.9999942779541 20.56989097595215 19.670982360839844
v 19.9999942779541 20.541568756103516 19.626192092895508
v 19.9999942779541 20.509733200073242 19.58382797241211
v 19.9999942779541 20.474592208862305 19.54416275024414
v 19.9999942779541 20.43637466430664 19.50745391845703
v 19.9999942779541 20.39532470703125 19.47393798828125
v 19.9999942779541 20.351713180541992 19.44383430480957
v 19.9999942779541 20.30582046508789 19.41733741760254
v 19.9999942779541 20.257944107055664 19.394620895385742
v 19.9999942779541 20.20839500427246 19.375829696655273
v 19.9999942779541 20.157493591308594 19.361085891723633
v 19.9999942779541 20.105571746826172 19.35048484802246
v 19.9999942779541 20.05296516418457 19.344097137451172
v 19.991710662841797 20.05231285095215 20.655902862548828
v 19.983482360839844 20.104272842407227 20.64951515197754
v 19.975358963012695 20.155553817749023 20.638914108276367
v 19.967395782470703 20.205829620361328 20.624170303344727
v 19.959646224975586 20.25476837158203 20.605379104614258
v 19.95215606689453 20.30205535888672 20.58266258239746
v 19.944976806640625 20.347383499145508 20.55616569519043
v 19.938154220581055 20.390459060668945 20.52606201171875
v 19.931732177734375 20.431001663208008 20.49254608154297
v 19.92575454711914 20.46875 20.45583724975586
v 19.920257568359375 20.50345802307129 20.41617202758789
v 19.9152774810791 20.534900665283203 20.373807907104492
v 19.910846710205078 20.562875747680664 20.329017639160156
v 19.906993865966797 20.58719825744629 20.282094955444336
v 19.903743743896484 20.60771369934082 20.23334312438965
v 19.901119232177734 20.62428855895996 20.183076858520508
v 19.89913558959961 20.63681411743164 20.131624221801758
v 19.89780616760254 20.64521026611328 20.079317092895508
v 19.897138595581055 20.64942169189453 20.02649688720703
v 19.897138595581055 20.64942169189453 19.97350311279297
v 19.89780616760254 20.64521026611328 19.920682907104492
v 19.89913558959961 20.63681411743164 19.868375778198242
v 19.901119232177734 20.62428855895996 19.816923141479492
v 19.903743743896484 20.60771369934082 19.76665687561035
v 19.906993865966797 20.58719825744629 19.717905044555664
v 19.910846710205078 20.562875747680664 19.670982360839844
v 19.9152774810791 20.534900665283203 19.626192092895508
v 19.920257568359375 20.50345802307129 19.58382797241211
v 19.92575454711914 20.46875 19.54416275024414
v 19.931732177734375 20.431001663208008 19.50745391845703
v 19.938154220581055 20.390459060668945 19.47393798828125
v 19.944976806640625 20.347383499145508 19.44383430480957
v 19.95215606689453 20.30205535888672 19.41733741760254
v 19.959646224975586 20.25476837158203 19.394620895385742
v 19.967395782470703 20.205829620361328 19.375829696655273
v 19.975358963012695 20.155553817749023 19.361085891723633
v 19.983482360839844 20.104272842407227 19.35048484802246
v 19.991710662841797 20.05231285095215 19.344097137451172
v 19.983631134033203 20.050373077392578 20.655902862548828
v 19.967374801635742 20.100404739379883 20.64951515197754
v 19.951330184936523 20.1497859954834 20.638914108276367
v 19.93560218811035 20.19819450378418 20.624170303344727
v 19.920289993286133 20.245319366455078 20.605379104614258
v 19.905494689941406 20.29085350036621 20.58266258239746
v 19.891313552856445 20.33449935913086 20.55616569519043
v 19.877836227416992 20.3759765625 20.52606201171875
v 19.86515235900879 20.415016174316406 20.49254608154297
v 19.853342056274414 20.451364517211914 20.45583724975586
v 19.842483520507812 20.484785079956055 20.41617202758789
v 19.832645416259766 20.51506233215332 20.373807907104492
v 19.82389259338379 20.54199981689453 20.329017639160156
v 19.816282272338867 20.56542205810547 20.282094955444336
v 19.809864044189453 20.585176467895508 20.23334312438965
v 19.804677963256836 20.60113525390625 20.183076858520508
v 19.80076026916504 20.613197326660156 20.131624221801758
v 19.798131942749023 20.62128257751465 20.079317092895508
v 19.79681396484375 20.625337600708008 20.02649688720703
v 19.79681396484375 20.625337600708008 19.97350311279297
v 19.798131942749023 20.62128257751465 19.920682907104492
v 19.80076026916504 20.613197326660156 19.868375778198242
v 19.804677963256836 20.60113525390625 19.816923141479492
v 19.809864044189453 20.585176467895508 19.76665687561035
v 19.816282272338867 20.56542205810547 19.717905044555664
v 19.82389259338379 20.54199981689453 19.670982360839844
v 19.832645416259766 20.51506233215332 19.626192092895508
v 19.842483520507812 20.484785079956055 19.58382797241211
v 19.853342056274414 20.451364517211914 19.54416275024414
v 19.86515235900879 20.415016174316406 19.50745391845703
v 19.877836227416992 20.3759765625 19.47393798828125
v 19.891313552856445 20.33449935913086 19.44383430480957
v 19.905494689941406 20.29085350036621 19.41733741760254
v 19.920289993286133 20.245319366455078 19.394620895385742
v 19.93560218811035 20.19819450378418 19.375829696655273
v 19.951330184936523 20.1497859954834 19.361085891723633
v 19.967374801635742 20.100404739379883 19.35048484802246
v 19.983631134033203 20.050373077392578 19.344097137451172
v 19.975955963134766 20.04719352722168 20.655902862548828
v 19.952072143554688 20.094066619873047 20.64951515197754
v 19.92850112915039 20.140329360961914 20.638914108276367
v 19.905391693115234 20.18568229675293 20.624170303344727
v 19.882896423339844 20.22983169555664 20.605379104614258
v 19.861162185668945 20.272489547729492 20.58266258239746
v 19.8403263092041 20.31338119506836 20.55616569519043
v 19.820528030395508 20.35223960876465 20.52606201171875
v 19.801891326904297 20.388813018798828 20.49254608154297
v 19.7845401763916 20.422866821289062 20.45583724975586
v 19.768587112426758 20.454177856445312 20.41617202758789
v 19.754135131835938 20.482542037963867 20.373807907104492
v 19.741275787353516 20.50777816772461 20.329017639160156
v 19.73009490966797 20.529720306396484 20.282094955444336
v 19.720664978027344 20.548229217529297 20.23334312438965
v 19.71304702758789 20.563180923461914 20.183076858520508
v 19.70728874206543 20.574480056762695 20.131624221801758
v 19.70343017578125 20.582054138183594 20.079317092895508
v 19.701494216918945 20.585853576660156 20.02649688720703
v 19.701494216918945 20.585853576660156 19.97350311279297
v 19.70343017578125 20.582054138183594 19.920682907104492
v 19.70728874206543 20.574480056762695 19.868375778198242
v 19.71304702758789 20.563180923461914 19.816923141479492
v 19.720664978027344 20.548229217529297 19.76665687561035
v 19.73009490966797 20.529720306396484 19.717905044555664
v 19.741275787353516 20.50777816772461 19.670982360839844
v 19.754135131835938 20.482542037963867 19.626192092895508
v 19.768587112426758 20.454177856445312 19.58382797241211
v 19.7845401763916 20.422866821289062 19.54416275024414
v 19.801891326904297 20.388813018798828 19.50745391845703
v 19.820528030395508 20.35223960876465 19.47393798828125
v 19.8403263092041 20.31338119506836 19.44383430480957
v 19.861162185668945 20.272489547729492 19.41733741760254
v 19.882896423339844 20.22983169555664 19.394620895385742
v 19.905391693115234 20.18568229675293 19.375829696655273
v 19.92850112915039 20.140329360961914 19.361085891723633
v 19.952072143554688 20.094066619873047 19.35048484802246
v 19.975955963134766 20.04719352722168 19.344097137451172
v 19.968870162963867 20.0428524017334 20.655902862548828
v 19.937950134277344 20.085412979125977 20.64951515197754
v 19.90743064880371 20.127418518066406 20.638914108276367
v 19.877511978149414 20.168598175048828 20.624170303344727
v 19.848388671875 20.208683013916016 20.605379104614258
v 19.820247650146484 20.24741554260254 20.58266258239746
v 19.793272018432617 20.284543991088867 20.55616569519043
v 19.767637252807617 20.319828033447266 20.52606201171875
v 19.74350929260254 20.353036880493164 20.49254608154297
v 19.721044540405273 20.383956909179688 20.45583724975586
v 19.700389862060547 20.412385940551758 20.41617202758789
v 19.681676864624023 20.438140869140625 20.373807907104492
v 19.665029525756836 20.4610538482666 20.329017639160156
v 19.650554656982422 20.48097801208496 20.282094955444336
v 19.63834571838379 20.49778175354004 20.23334312438965
v 19.628480911254883 20.5113582611084 20.183076858520508
v 19.62102699279785 20.521617889404297 20.131624221801758
v 19.616029739379883 20.52849578857422 20.079317092895508
v 19.613523483276367 20.531946182250977 20.02649688720703
v 19.613523483276367 20.531946182250977 19.97350311279297
v 19.616029739379883 20.52849578857422 19.920682907104492
v 19.62102699279785 20.521617889404297 19.868375778198242
v 19.628480911254883 20.5113582611084 19.816923141479492
v 19.63834571838379 20.49778175354004 19.76665687561035
v 19.650554656982422 20.48097801208496 19.717905044555664
v 19.665029525756836 20.4610538482666 19.670982360839844
v 19.681676864624023 20.438140869140625 19.626192092895508
v 19.700389862060547 20.412385940551758 19.58382797241211
v 19.721044540405273 20.383956909179688 19.54416275024414
v 19.74350929260254 20.353036880493164 19.50745391845703
v 19.767637252807617 20.319828033447266 19.47393798828125
v 19.793272018432617 20.284543991088867 19.44383430480957
v 19.820247650146484 20.24741554260254 19.41733741760254
v 19.848388671875 20.208683013916016 19.394620895385742
v 19.877511978149414 20.168598175048828 19.375829696655273
v 19.90743064880371 20.127418518066406 19.361085891723633
v 19.937950134277344 20.085412979125977 19.35048484802246
v 19.968870162963867 20.0428524017334 19.344097137451172
v 19.962553024291992 20.037456512451172 20.655902862548828
v 19.92535400390625 20.074655532836914 20.64951515197754
v 19.888639450073242 20.111370086669922 20.638914108276367
v 19.85264778137207 20.147361755371094 20.624170303344727
v 19.817611694335938 20.182397842407227 20.605379104614258
v 19.78375816345215 20.216251373291016 20.58266258239746
v 19.751306533813477 20.248703002929688 20.55616569519043
v 19.720468521118164 20.279541015625 20.52606201171875
v 19.691442489624023 20.30856704711914 20.49254608154297
v 19.664417266845703 20.33559226989746 20.45583724975586
v 19.639568328857422 20.360441207885742 20.41617202758789
v 19.61705780029297 20.382951736450195 20.373807907104492
v 19.597030639648438 20.402978897094727 20.329017639160156
v 19.57961654663086 20.420392990112305 20.282094955444336
v 19.564929962158203 20.43507957458496 20.23334312438965
v 19.553064346313477 20.446945190429688 20.183076858520508
v 19.544095993041992 20.455913543701172 20.131624221801758
v 19.5380859375 20.461923599243164 20.079317092895508
v 19.535070419311523 20.46493911743164 20.02649688720703
v 19.535070419311523 20.46493911743164 19.97350311279297
v 19.5380859375 20.461923599243164 19.920682907104492
v 19.544095993041992 20.455913543701172 19.868375778198242
v 19.553064346313477 20.446945190429688 19.816923141479492
v 19.564929962158203 20.43507957458496 19.76665687561035
v 19.57961654663086 20.420392990112305 19.717905044555664
v 19.597030639648438 20.402978897094727 19.670982360839844
v 19.61705780029297 20.382951736450195 19.626192092895508
v 19.639568328857422 20.360441207885742 19.58382797241211
v 19.664417266845703 20.33559226989746 19.54416275024414
v 19.691442489624023 20.30856704711914 19.50745391845703
v 19.720468521118164 20.279541015625 19.47393798828125
v 19.751306533813477 20.248703002929688 19.44383430480957
v 19.78375816345215 20.216251373291016 19.41733741760254
v 19.817611694335938 20.182397842407227 19.394620895385742
v 19.85264778137207 20.147361755371094 19.375829696655273
v 19.888639450073242 20.111370086669922 19.361085891723633
v 19.92535400390625 20.074655532836914 19.35048484802246
v 19.962553024291992 20.037456512451172 19.344097137451172
v 19.957157135009766 20.031139373779297 20.655902862548828
v 19.914596557617188 20.06205940246582 20.64951515197754
v 19.872591018676758 20.092578887939453 20.638914108276367
v 19.831411361694336 20.12249755859375 20.624170303344727
v 19.79132652282715 20.151620864868164 20.605379104614258
v 19.752593994140625 20.17976188659668 20.58266258239746
v 19.715465545654297 20.206737518310547 20.55616569519043
v 19.6801815032959 20.232372283935547 20.52606201171875
v 19.64697265625 20.256500244140625 20.49254608154297
v 19.616052627563477 20.27896499633789 20.45583724975586
v 19.587623596191406 20.299619674682617 20.41617202758789
v 19.56186866760254 20.31833267211914 20.373807907104492
v 19.538955688476562 20.334980010986328 20.329017639160156
v 19.519031524658203 20.349454879760742 20.282094955444336
v 19.502227783203125 20.361663818359375 20.23334312438965
v 19.488651275634766 20.37152862548828 20.183076858520508
v 19.478389739990234 20.378982543945312 20.131624221801758
v 19.471513748168945 20.38397979736328 20.079317092895508
v 19.468063354492188 20.386486053466797 20.02649688720703
v 19.468063354492188 20.386486053466797 19.97350311279297
v 19.471513748168945 20.38397979736328 19.920682907104492
v 19.478389739990234 20.378982543945312 19.868375778198242
v 19.488651275634766 20.37152862548828 19.816923141479492
v 19.502227783203125 20.361663818359375 19.76665687561035
v 19.519031524658203 20.349454879760742 19.717905044555664
v 19.538955688476562 20.334980010986328 19.670982360839844
v 19.56186866760254 20.31833267211914 19.626192092895508
v 19.587623596191406 20.299619674682617 19.58382797241211
v 19.616052627563477 20.27896499633789 19.54416275024414
v 19.64697265625 20.256500244140625 19.50745391845703
v 19.6801815032959 20.232372283935547 19.47393798828125
v 19.715465545654297 20.206737518310547 19.44383430480957
v 19.752593994140625 20.17976188659668 19.41733741760254
v 19.79132652282715 20.151620864868164 19.394620895385742
v 19.831411361694336 20.12249755859375 19.375829696655273
v 19.872591018676758 20.092578887939453 19.361085891723633
v 19.914596557617188 20.06205940246582 19.35048484802246
v 19.957157135009766 20.031139373779297 19.344097137451172
v 19.952816009521484 20.0240535736084 20.655902862548828
v 19.905942916870117 20.047937393188477 20.64951515197754
v 19.85968017578125 20.071508407592773 20.638914108276367
v 19.814327239990234 20.09461784362793 20.624170303344727
v 19.770177841186523 20.11711311340332 20.605379104614258
v 19.727519989013672 20.13884735107422 20.58266258239746
v 19.686630249023438 20.159683227539062 20.55616569519043
v 19.647769927978516 20.179481506347656 20.52606201171875
v 19.611196517944336 20.198118209838867 20.49254608154297
v 19.5771427154541 20.215469360351562 20.45583724975586
v 19.54583168029785 20.231422424316406 20.41617202758789
v 19.517467498779297 20.245874404907227 20.373807907104492
v 19.492231369018555 20.25873374938965 20.329017639160156
v 19.470287322998047 20.269914627075195 20.282094955444336
v 19.451780319213867 20.27934455871582 20.23334312438965
v 19.43682861328125 20.286962509155273 20.183076858520508
v 19.42552947998047 20.292720794677734 20.131624221801758
v 19.41795539855957 20.296579360961914 20.079317092895508
v 19.414155960083008 20.29851531982422 20.02649688720703
v 19.414155960083008 20.29851531982422 19.97350311279297
v 19.41795539855957 20.296579360961914 19.920682907104492
v 19.42552947998047 20.292720794677734 19.868375778198242
v 19.43682861328125 20.286962509155273 19.816923141479492
v 19.451780319213867 20.27934455871582 19.76665687561035
v 19.470287322998047 20.269914627075195 19.717905044555664
v 19.492231369018555 20.25873374938965 19.670982360839844
v 19.517467498779297 20.245874404907227 19.626192092895508
v 19.54583168029785 20.231422424316406 19.58382797241211
v 19.5771427154541 20.215469360351562 19.54416275024414
v 19.611196517944336 20.198118209838867 19.50745391845703
v 19.647769927978516 20.179481506347656 19.47393798828125
v 19.686630249023438 20.159683227539062 19.44383430480957
v 19.727519989013672 20.13884735107422 19.41733741760254
v 19.770177841186523 20.11711311340332 19.394620895385742
v 19.814327239990234 20.09461784362793 19.375829696655273
v 19.85968017578125 20.071508407592773 19.361085891723633
v 19.905942916870117 20.047937393188477 19.35048484802246
v 19.952816009521484 20.0240535736084 19.344097137451172
v 19.949636459350586 20.01637840270996 20.655902862548828
v 19.89960479736328 20.032634735107422 20.64951515197754
v 19.850223541259766 20.04867935180664 20.638914108276367
v 19.801815032958984 20.064407348632812 20.624170303344727
v 19.754690170288086 20.07971954345703 20.605379104614258
v 19.709156036376953 20.094514846801758 20.58266258239746
v 19.665510177612305 20.10869598388672 20.55616569519043
v 19.624032974243164 20.122173309326172 20.52606201171875
v 19.584993362426758 20.134857177734375 20.49254608154297
v 19.54864501953125 20.14666748046875 20.45583724975586
v 19.51522445678711 20.15752601623535 20.41617202758789
v 19.484947204589844 20.1673641204834 20.373807907104492
v 19.458009719848633 20.176116943359375 20.329017639160156
v 19.434589385986328 20.183727264404297 20.282094955444336
v 19.414833068847656 20.19014549255371 20.23334312438965
v 19.398874282836914 20.195331573486328 20.183076858520508
v 19.386812210083008 20.199249267578125 20.131624221801758
v 19.378726959228516 20.20187759399414 20.079317092895508
v 19.374671936035156 20.203195571899414 20.02649688720703
v 19.374671936035156 20.203195571899414 19.97350311279297
v 19.378726959228516 20.20187759399414 19.920682907104492
v 19.386812210083008 20.199249267578125 19.868375778198242
v 19.398874282836914 20.195331573486328 19.816923141479492
v 19.414833068847656 20.19014549255371 19.76665687561035
v 19.434589385986328 20.183727264404297 19.717905044555664
v 19.458009719848633 20.176116943359375 19.670982360839844
v 19.484947204589844 20.1673641204834 19.626192092895508
v 19.51522445678711 20.15752601623535 19.58382797241211
v 19.54864501953125 20.14666748046875 19.54416275024414
v 19.584993362426758 20.134857177734375 19.50745391845703
v 19.624032974243164 20.122173309326172 19.47393798828125
v 19.665510177612305 20.10869598388672 19.44383430480957
v 19.709156036376953 20.094514846801758 19.41733741760254
v 19.754690170288086 20.07971954345703 19.394620895385742
v 19.801815032958984 20.064407348632812 19.375829696655273
v 19.850223541259766 20.04867935180664 19.361085891723633
v 19.89960479736328 20.032634735107422 19.35048484802246
v 19.949636459350586 20.01637840270996 19.344097137451172
v 19.947696685791016 20.008298873901367 20.655902862548828
v 19.895736694335938 20.01652717590332 20.64951515197754
v 19.84445571899414 20.02465057373047 20.638914108276367
v 19.794179916381836 20.03261375427246 20.624170303344727
v 19.745241165161133 20.040363311767578 20.605379104614258
v 19.697954177856445 20.047853469848633 20.58266258239746
v 19.652626037597656 20.05503273010254 20.55616569519043
v 19.60955047607422 20.06185531616211 20.52606201171875
v 19.569007873535156 20.06827735900879 20.49254608154297
v 19.531259536743164 20.074254989624023 20.45583724975586
v 19.496551513671875 20.07975196838379 20.41617202758789
v 19.46510887145996 20.084732055664062 20.373807907104492
v 19.4371337890625 20.089162826538086 20.329017639160156
v 19.412811279296875 20.093015670776367 20.282094955444336
v 19.392295837402344 20.09626579284668 20.23334312438965
v 19.375720977783203 20.09889030456543 20.183076858520508
v 19.363195419311523 20.100873947143555 20.131624221801758
v 19.354799270629883 20.102203369140625 20.079317092895508
v 19.3505859375 20.10287094116211 20.02649688720703
v 19.3505859375 20.10287094116211 19.97350311279297
v 19.354799270629883 20.102203369140625 19.920682907104492
v 19.363195419311523 20.100873947143555 19.868375778198242
v 19.375720977783203 20.09889030456543 19.816923141479492
v 19.392295837402344 20.09626579284668 19.76665687561035
v 19.412811279296875 20.093015670776367 19.717905044555664
v 19.4371337890625 20.089162826538086 19.670982360839844
v 19.46510887145996 20.084732055664062 19.626192092895508
v 19.496551513671875 20.07975196838379 19.58382797241211
v 19.531259536743164 20.074254989624023 19.54416275024414
v 19.569007873535156 20.06827735900879 19.50745391845703
v 19.60955047607422 20.06185531616211 19.47393798828125
v 19.652626037597656 20.05503273010254 19.44383430480957
v 19.697954177856445 20.047853469848633 19.41733741760254
v 19.745241165161133 20.040363311767578 19.394620895385742
v 19.794179916381836 20.03261375427246 19.375829696655273
v 19.84445571899414 20.02465057373047 19.361085891723633
v 19.895736694335938 20.01652717590332 19.35048484802246
v 19.947696685791016 20.008298873901367 19.344097137451172
v 19.947044372558594 20.000015258789062 20.655902862548828
v 19.894437789916992 20.000015258789062 20.64951515197754
v 19.84251594543457 20.000015258789062 20.638914108276367
v 19.791614532470703 20.000015258789062 20.624170303344727
v 19.7420654296875 20.000015258789062 20.605379104614258
v 19.694189071655273 20.000015258789062 20.58266258239746
v 19.648296356201172 20.000015258789062 20.55616569519043
v 19.604684829711914 20.000015258789062 20.52606201171875
v 19.563634872436523 20.000015258789062 20.49254608154297
v 19.52541732788086 20.000015258789062 20.45583724975586
v 19.490276336669922 20.000015258789062 20.41617202758789
v 19.45844078063965 20.000015258789062 20.373807907104492
v 19.430118560791016 20.000015258789062 20.329017639160156
v 19.40549087524414 20.000015258789062 20.282094955444336
v 19.384719848632812 20.000015258789062 20.23334312438965
v 19.367938995361328 20.000015258789062 20.183076858520508
v 19.355257034301758 20.000015258789062 20.131624221801758
v 19.346755981445312 20.000015258789062 20.079317092895508
v 19.342491149902344 20.000015258789062 20.02649688720703
v 19.342491149902344 20.000015258789062 19.97350311279297
v 19.346755981445312 20.000015258789062 19.920682907104492
v 19.355257034301758 20.000015258789062 19.868375778198242
v 19.367938995361328 20.000015258789062 19.816923141479492
v 19.384719848632812 20.000015258789062 19.76665687561035
v 19.40549087524414 20.000015258789062 19.717905044555664
v 19.430118560791016 20.000015258789062 19.670982360839844
v 19.45844078063965 20.000015258789062 19.626192092895508
v 19.490276336669922 20.000015258789062 19.58382797241211
v 19.52541732788086 20.000015258789062 19.54416275024414
v 19.563634872436523 20.000015258789062 19.50745391845703
v 19.604684829711914 20.000015258789062 19.47393798828125
v 19.648296356201172 20.000015258789062 19.44383430480957
v 19.694189071655273 20.000015258789062 19.41733741760254
v 19.7420654296875 20.000015258789062 19.394620895385742
v 19.791614532470703 20.000015258789062 19.375829696655273
v 19.84251594543457 20.000015258789062 19.361085891723633
v 19.894437789916992 20.000015258789062 19.35048484802246
v 19.947044372558594 20.000015258789062 19.344097137451172
v 19.947696685791016 19.991731643676758 20.655902862548828
v 19.895736694335938 19.983503341674805 20.64951515197754
v 19.84445571899414 19.975379943847656 20.638914108276367
v 19.794179916381836 19.967416763305664 20.624170303344727
v 19.745241165161133 19.959667205810547 20.605379104614258
v 19.697954177856445 19.952177047729492 20.58266258239746
v 19.652626037597656 19.944997787475586 20.55616569519043
v 19.60955047607422 19.938175201416016 20.52606201171875
v 19.569007873535156 19.931753158569336 20.49254608154297
v 19.531259536743164 19.9257755279541 20.45583724975586
v 19.496551513671875 19.920278549194336 20.41617202758789
v 19.46510887145996 19.915298461914062 20.373807907104492
v 19.4371337890625 19.91086769104004 20.329017639160156
v 19.412811279296875 19.907014846801758 20.282094955444336
v 19.392295837402344 19.903764724731445 20.23334312438965
v 19.375720977783203 19.901140213012695 20.183076858520508
v 19.363195419311523 19.89915657043457 20.131624221801758
v 19.354799270629883 19.8978271484375 20.079317092895508
v 19.3505859375 19.897159576416016 20.02649688720703
v 19.3505859375 19.897159576416016 19.97350311279297
v 19.354799270629883 19.8978271484375 19.920682907104492
v 19.363195419311523 19.89915657043457 19.868375778198242
v 19.375720977783203 19.901140213012695 19.816923141479492
v 19.392295837402344 19.903764724731445 19.76665687561035
v 19.412811279296875 19.907014846801758 19.717905044555664
v 19.4371337890625 19.91086769104004 19.670982360839844
v 19.46510887145996 19.915298461914062 19.626192092895508
v 19.496551513671875 19.920278549194336 19.58382797241211
v 19.531259536743164 19.9257755279541 19.54416275024414
v 19.569007873535156 19.931753158569336 19.50745391845703
v 19.60955047607422 19.938175201416016 19.47393798828125
v 19.652626037597656 19.944997787475586 19.44383430480957
v 19.697954177856445 19.952177047729492 19.41733741760254
v 19.745241165161133 19.959667205810547 19.394620895385742
v 19.794179916381836 19.967416763305664 19.375829696655273
v 19.84445571899414 19.975379943847656 19.361085891723633
v 19.895736694335938 19.983503341674805 19.35048484802246
v 19.947696685791016 19.991731643676758 19.344097137451172
v 19.949636459350586 19.983652114868164 20.655902862548828
v 19.89960479736328 19.967395782470703 20.64951515197754
v 19.850223541259766 19.951351165771484 20.638914108276367
v 19.801815032958984 19.935623168945312 20.624170303344727
v 19.754690170288086 19.920310974121094 20.605379104614258
v 19.709156036376953 19.905515670776367 20.58266258239746
v 19.665510177612305 19.891334533691406 20.55616569519043
v 19.624032974243164 19.877857208251953 20.52606201171875
v 19.584993362426758 19.86517333984375 20.49254608154297
v 19.54864501953125 19.853363037109375 20.45583724975586
v 19.51522445678711 19.842504501342773 20.41617202758789
v 19.484947204589844 19.832666397094727 20.373807907104492
v 19.458009719848633 19.82391357421875 20.329017639160156
v 19.434589385986328 19.816303253173828 20.282094955444336
v 19.414833068847656 19.809885025024414 20.23334312438965
v 19.398874282836914 19.804698944091797 20.183076858520508
v 19.386812210083008 19.80078125 20.131624221801758
v 19.378726959228516 19.798152923583984 20.079317092895508
v 19.374671936035156 19.79683494567871 20.02649688720703
v 19.374671936035156 19.79683494567871 19.97350311279297
v 19.378726959228516 19.798152923583984 19.920682907104492
v 19.386812210083008 19.80078125 19.868375778198242
v 19.398874282836914 19.804698944091797 19.816923141479492
v 19.414833068847656 19.809885025024414 19.76665687561035
v 19.434589385986328 19.816303253173828 19.717905044555664
v 19.458009719848633 19.82391357421875 19.670982360839844
v 19.484947204589844 19.832666397094727 19.626192092895508
v 19.51522445678711 19.842504501342773 19.58382797241211
v 19.54864501953125 19.853363037109375 19.54416275024414
v 19.584993362426758 19.86517333984375 19.50745391845703
v 19.624032974243164 19.877857208251953 19.47393798828125
v 19.665510177612305 19.891334533691406 19.44383430480957
v 19.709156036376953 19.905515670776367 19.41733741760254
v 19.754690170288086 19.920310974121094 19.394620895385742
v 19.801815032958984 19.935623168945312 19.375829696655273
v 19.850223541259766 19.951351165771484 19.361085891723633
v 19.89960479736328 19.967395782470703 19.35048484802246
v 19.949636459350586 19.983652114868164 19.344097137451172
v 19.952816009521484 19.975976943969727 20.655902862548828
v 19.905942916870117 19.95209312438965 20.64951515197754
v 19.85968017578125 19.92852210998535 20.638914108276367
v 19.814327239990234 19.905412673950195 20.624170303344727
v 19.770177841186523 19.882917404174805 20.605379104614258
v 19.727519989013672 19.861183166503906 20.58266258239746
v 19.686630249023438 19.840347290039062 20.55616569519043
v 19.647769927978516 19.82054901123047 20.52606201171875
v 19.611196517944336 19.801912307739258 20.49254608154297
v 19.5771427154541 19.784561157226562 20.45583724975586
v 19.54583168029785 19.76860809326172 20.41617202758789
v 19.517467498779297 19.7541561126709 20.373807907104492
v 19.492231369018555 19.741296768188477 20.329017639160156
v 19.470287322998047 19.73011589050293 20.282094955444336
v 19.451780319213867 19.720685958862305 20.23334312438965
v 19.43682861328125 19.71306800842285 20.183076858520508
v 19.42552947998047 19.70730972290039 20.131624221801758
v 19.41795539855957 19.70345115661621 20.079317092895508
v 19.414155960083008 19.701515197753906 20.02649688720703
v 19.414155960083008 19.701515197753906 19.97350311279297
v 19.41795539855957 19.70345115661621 19.920682907104492
v 19.42552947998047 19.70730972290039 19.868375778198242
v 19.43682861328125 19.71306800842285 19.816923141479492
v 19.451780319213867 19.720685958862305 19.76665687561035
v 19.470287322998047 19.73011589050293 19.717905044555664
v 19.492231369018555 19.741296768188477 19.670982360839844
v 19.517467498779297 19.7541561126709 19.626192092895508
v 19.54583168029785 19.76860809326172 19.58382797241211
v 19.5771427154541 19.784561157226562 19.54416275024414
v 19.611196517944336 19.801912307739258 19.50745391845703
v 19.647769927978516 19.82054901123047 19.47393798828125
v 19.686630249023438 19.840347290039062 19.44383430480957
v 19.727519989013672 19.861183166503906 19.41733741760254
v 19.770177841186523 19.882917404174805 19.394620895385742
v 19.814327239990234 19.905412673950195 19.375829696655273
v 19.85968017578125 19.92852210998535 19.361085891723633
v 19.905942916870117 19.95209312438965 19.35048484802246
v 19.952816009521484 19.975976943969727 19.344097137451172
v 19.957157135009766 19.968891143798828 20.655902862548828
v 19.914596557617188 19.937971115112305 20.64951515197754
v 19.872591018676758 19.907451629638672 20.638914108276367
v 19.831411361694336 19.877532958984375 20.624170303344727
v 19.79132652282715 19.84840965270996 20.605379104614258
v 19.752593994140625 19.820268630981445 20.58266258239746
v 19.715465545654297 19.793292999267578 20.55616569519043
v 19.6801815032959 19.767658233642578 20.52606201171875
v 19.64697265625 19.7435302734375 20.49254608154297
v 19.616052627563477 19.721065521240234 20.45583724975586
v 19.587623596191406 19.700410842895508 20.41617202758789
v 19.56186866760254 19.681697845458984 20.373807907104492
v 19.538955688476562 19.665050506591797 20.329017639160156
v 19.519031524658203 19.650575637817383 20.282094955444336
v 19.502227783203125 19.63836669921875 20.23334312438965
v 19.488651275634766 19.628501892089844 20.183076858520508
v 19.478389739990234 19.621047973632812 20.131624221801758
v 19.471513748168945 19.616050720214844 20.079317092895508
v 19.468063354492188 19.613544464111328 20.02649688720703
v 19.468063354492188 19.613544464111328 19.97350311279297
v 19.471513748168945 19.616050720214844 19.920682907104492
v 19.478389739990234 19.621047973632812 19.868375778198242
v 19.488651275634766 19.628501892089844 19.816923141479492
v 19.502227783203125 19.63836669921875 19.76665687561035
v 19.519031524658203 19.650575637817383 19.717905044555664
v 19.538955688476562 19.665050506591797 19.670982360839844
v 19.56186866760254 19.681697845458984 19.626192092895508
v 19.587623596191406 19.700410842895508 19.58382797241211
v 19.616052627563477 19.721065521240234 19.54416275024414
v 19.64697265625 19.7435302734375 19.50745391845703
v 19.6801815032959 19.767658233642578 19.47393798828125
v 19.715465545654297 19.793292999267578 19.44383430480957
v 19.752593994140625 19.820268630981445 19.41733741760254
v 19.79132652282715 19.84840965270996 19.394620895385742
v 19.831411361694336 19.877532958984375 19.375829696655273
v 19.872591018676758 19.907451629638672 19.361085891723633
v 19.914596557617188 19.937971115112305 19.35048484802246
v 19.957157135009766 19.968891143798828 19.344097137451172
v 19.962553024291992 19.962574005126953 20.655902862548828
v 19.92535400390625 19.92537498474121 20.64951515197754
v 19.888639450073242 19.888660430908203 20.638914108276367
v 19.85264778137207 19.85266876220703 20.624170303344727
v 19.817611694335938 19.8176326751709 20.605379104614258
v 19.78375816345215 19.78377914428711 20.58266258239746
v 19.751306533813477 19.751327514648438 20.55616569519043
v 19.720468521118164 19.720489501953125 20.52606201171875
v 19.691442489624023 19.691463470458984 20.49254608154297
v 19.664417266845703 19.664438247680664 20.45583724975586
v 19.639568328857422 19.639589309692383 20.41617202758789
v 19.61705780029297 19.61707878112793 20.373807907104492
v 19.597030639648438 19.5970516204834 20.329017639160156
v 19.57961654663086 19.57963752746582 20.282094955444336
v 19.564929962158203 19.564950942993164 20.23334312438965
v 19.553064346313477 19.553085327148438 20.183076858520508
v 19.544095993041992 19.544116973876953 20.131624221801758
v 19.5380859375 19.53810691833496 20.079317092895508
v 19.535070419311523 19.535091400146484 20.02649688720703
v 19.535070419311523 19.535091400146484 19.97350311279297
v 19.5380859375 19.53810691833496 19.920682907104492
v 19.544095993041992 19.544116973876953 19.868375778198242
v 19.553064346313477 19.553085327148438 19.816923141479492
v 19.564929962158203 19.564950942993164 19.76665687561035
v 19.57961654663086 19.57963752746582 19.717905044555664
v 19.597030639648438 19.5970516204834 19.670982360839844
v 19.61705780029297 19.61707878112793 19.626192092895508
v 19.639568328857422 19.639589309692383 19.58382797241211
v 19.664417266845703 19.664438247680664 19.54416275024414
v 19.691442489624023 19.691463470458984 19.50745391845703
v 19.720468521118164 19.720489501953125 19.47393798828125
v 19.751306533813477 19.751327514648438 19.44383430480957
v 19.78375816345215 19.78377914428711 19.41733741760254
v 19.817611694335938 19.8176326751709 19.394620895385742
v 19.85264778137207 19.85266876220703 19.375829696655273
v 19.888639450073242 19.888660430908203 19.361085891723633
v 19.92535400390625 19.92537498474121 19.35048484802246
v 19.962553024291992 19.962574005126953 19.344097137451172
v 19.968870162963867 19.957178115844727 20.655902862548828
v 19.937950134277344 19.91461753845215 20.64951515197754
v 19.90743064880371 19.87261199951172 20.638914108276367
v 19.877511978149414 19.831432342529297 20.624170303344727
v 19.848388671875 19.79134750366211 20.605379104614258
v 19.820247650146484 19.752614974975586 20.58266258239746
v 19.793272018432617 19.715486526489258 20.55616569519043
v 19.767637252807617 19.68020248413086 20.52606201171875
v 19.74350929260254 19.64699363708496 20.49254608154297
v 19.721044540405273 19.616073608398438 20.45583724975586
v 19.700389862060547 19.587644577026367 20.41617202758789
v 19.681676864624023 19.5618896484375 20.373807907104492
v 19.665029525756836 19.538976669311523 20.329017639160156
v 19.650554656982422 19.519052505493164 20.282094955444336
v 19.63834571838379 19.502248764038086 20.23334312438965
v 19.628480911254883 19.488672256469727 20.183076858520508
v 19.62102699279785 19.478412628173828 20.131624221801758
v 19.616029739379883 19.471534729003906 20.079317092895508
v 19.613523483276367 19.46808433532715 20.02649688720703
v 19.613523483276367 19.46808433532715 19.97350311279297
v 19.616029739379883 19.471534729003906 19.920682907104492
v 19.62102699279785 19.478412628173828 19.868375778198242
v 19.628480911254883 19.488672256469727 19.816923141479492
v 19.63834571838379 19.502248764038086 19.76665687561035
v 19.650554656982422 19.519052505493164 19.717905044555664
v 19.665029525756836 19.538976669311523 19.670982360839844
v 19.681676864624023 19.5618896484375 19.626192092895508
v 19.700389862060547 19.587644577026367 19.58382797241211
v 19.721044540405273 19.616073608398438 19.54416275024414
v 19.74350929260254 19.64699363708496 19.50745391845703
v 19.767637252807617 19.68020248413086 19.47393798828125
v 19.793272018432617 19.715486526489258 19.44383430480957
v 19.820247650146484 19.752614974975586 19.41733741760254
v 19.848388671875 19.79134750366211 19.394620895385742
v 19.877511978149414 19.831432342529297 19.375829696655273
v 19.90743064880371 19.87261199951172 19.361085891723633
v 19.937950134277344 19.91461753845215 19.35048484802246
v 19.968870162963867 19.957178115844727 19.344097137451172
v 19.975955963134766 19.952836990356445 20.655902862548828
v 19.952072143554688 19.905963897705078 20.64951515197754
v 19.92850112915039 19.85970115661621 20.638914108276367
v 19.905391693115234 19.814348220825195 20.624170303344727
v 19.882896423339844 19.770198822021484 20.605379104614258
v 19.861162185668945 19.727540969848633 20.58266258239746
v 19.8403263092041 19.686649322509766 20.55616569519043
v 19.820528030395508 19.647790908813477 20.52606201171875
v 19.801891326904297 19.611217498779297 20.49254608154297
v 19.7845401763916 19.577163696289062 20.45583724975586
v 19.768587112426758 19.545852661132812 20.41617202758789
v 19.754135131835938 19.517488479614258 20.373807907104492
v 19.741275787353516 19.492252349853516 20.329017639160156
v 19.73009490966797 19.47031021118164 20.282094955444336
v 19.720664978027344 19.451801300048828 20.23334312438965
v 19.71304702758789 19.43684959411621 20.183076858520508
v 19.70728874206543 19.42555046081543 20.131624221801758
v 19.70343017578125 19.41797637939453 20.079317092895508
v 19.701494216918945 19.41417694091797 20.02649688720703
v 19.701494216918945 19.41417694091797 19.97350311279297
v 19.70343017578125 19.41797637939453 19.920682907104492
v 19.70728874206543 19.42555046081543 19.868375778198242
v 19.71304702758789 19.43684959411621 19.816923141479492
v 19.720664978027344 19.451801300048828 19.76665687561035
v 19.73009490966797 19.47031021118164 19.717905044555664
v 19.741275787353516 19.492252349853516 19.670982360839844
v 19.754135131835938 19.517488479614258 19.626192092895508
v 19.768587112426758 19.545852661132812 19.58382797241211
v 19.7845401763916 19.577163696289062 19.54416275024414
v 19.801891326904297 19.611217498779297 19.50745391845703
v 19.820528030395508 19.647790908813477 19.47393798828125
v 19.8403263092041 19.686649322509766 19.44383430480957
v 19.861162185668945 19.727540969848633 19.41733741760254
v 19.882896423339844 19.770198822021484 19.394620895385742
v 19.905391693115234 19.814348220825195 19.375829696655273
v 19.92850112915039 19.85970115661621 19.361085891723633
v 19.952072143554688 19.905963897705078 19.35048484802246
v 19.975955963134766 19.952836990356445 19.344097137451172
v 19.983631134033203 19.949657440185547 20.655902862548828
v 19.967374801635742 19.899625778198242 20.64951515197754
v 19.951330184936523 19.850244522094727 20.638914108276367
v 19.93560218811035 19.801836013793945 20.624170303344727
v 19.920289993286133 19.754711151123047 20.605379104614258
v 19.905494689941406 19.709177017211914 20.58266258239746
v 19.891313552856445 19.665531158447266 20.55616569519043
v 19.877836227416992 19.624053955078125 20.52606201171875
v 19.86515235900879 19.58501434326172 20.49254608154297
v 19.853342056274414 19.54866600036621 20.45583724975586
v 19.842483520507812 19.51524543762207 20.41617202758789
v 19.832645416259766 19.484968185424805 20.373807907104492
v 19.82389259338379 19.458030700683594 20.329017639160156
v 19.816282272338867 19.434608459472656 20.282094955444336
v 19.809864044189453 19.414854049682617 20.23334312438965
v 19.804677963256836 19.398895263671875 20.183076858520508
v 19.80076026916504 19.38683319091797 20.131624221801758
v 19.798131942749023 19.378747940063477 20.079317092895508
v 19.79681396484375 19.374692916870117 20.02649688720703
v 19.79681396484375 19.374692916870117 19.97350311279297
v 19.798131942749023 19.378747940063477 19.920682907104492
v 19.80076026916504 19.38683319091797 19.868375778198242
v 19.804677963256836 19.398895263671875 19.816923141479492
v 19.809864044189453 19.414854049682617 19.76665687561035
v 19.816282272338867 19.434608459472656 19.717905044555664
v 19.82389259338379 19.458030700683594 19.670982360839844
v 19.832645416259766 19.484968185424805 19.626192092895508
v 19.842483520507812 19.51524543762207 19.58382797241211
v 19.853342056274414 19.54866600036621 19.54416275024414
v 19.86515235900879 19.58501434326172 19.50745391845703
v 19.877836227416992 19.624053955078125 19.47393798828125
v 19.891313552856445 19.665531158447266 19.44383430480957
v 19.905494689941406 19.709177017211914 19.41733741760254
v 19.920289993286133 19.754711151123047 19.394620895385742
v 19.93560218811035 19.801836013793945 19.375829696655273
v 19.951330184936523 19.850244522094727 19.361085891723633
v 19.967374801635742 19.899625778198242 19.35048484802246
v 19.983631134033203 19.949657440185547 19.344097137451172
v 19.991710662841797 19.947717666625977 20.655902862548828
v 19.983482360839844 19.8957576751709 20.64951515197754
v 19.975358963012695 19.8444766998291 20.638914108276367
v 19.967395782470703 19.794200897216797 20.624170303344727
v 19.959646224975586 19.745262145996094 20.605379104614258
v 19.95215606689453 19.697975158691406 20.58266258239746
v 19.944976806640625 19.652647018432617 20.55616569519043
v 19.938154220581055 19.60957145690918 20.52606201171875
v 19.931732177734375 19.569028854370117 20.49254608154297
v 19.92575454711914 19.531280517578125 20.45583724975586
v 19.920257568359375 19.496572494506836 20.41617202758789
v 19.9152774810791 19.465129852294922 20.373807907104492
v 19.910846710205078 19.43715476989746 20.329017639160156
v 19.906993865966797 19.412832260131836 20.282094955444336
v 19.903743743896484 19.392316818237305 20.23334312438965
v 19.901119232177734 19.375741958618164 20.183076858520508
v 19.89913558959961 19.363216400146484 20.131624221801758
v 19.89780616760254 19.354820251464844 20.079317092895508
v 19.897138595581055 19.350608825683594 20.02649688720703
v 19.897138595581055 19.350608825683594 19.97350311279297
v 19.89780616760254 19.354820251464844 19.920682907104492
v 19.89913558959961 19.363216400146484 19.868375778198242
v 19.901119232177734 19.375741958618164 19.816923141479492
v 19.903743743896484 19.392316818237305 19.76665687561035
v 19.906993865966797 19.412832260131836 19.717905044555664
v 19.910846710205078 19.43715476989746 19.670982360839844
v 19.9152774810791 19.465129852294922 19.626192092895508
v 19.920257568359375 19.496572494506836 19.58382797241211
v 19.92575454711914 19.531280517578125 19.54416275024414
v 19.931732177734375 19.569028854370117 19.50745391845703
v 19.938154220581055 19.60957145690918 19.47393798828125
v 19.944976806640625 19.652647018432617 19.44383430480957
v 19.95215606689453 19.697975158691406 19.41733741760254
v 19.959646224975586 19.745262145996094 19.394620895385742
v 19.967395782470703 19.794200897216797 19.375829696655273
v 19.975358963012695 19.8444766998291 19.361085891723633
v 19.983482360839844 19.8957576751709 19.35048484802246
v 19.991710662841797 19.947717666625977 19.344097137451172
v 19.9999942779541 19.947065353393555 20.655902862548828
v 19.9999942779541 19.894458770751953 20.64951515197754
v 19.9999942779541 19.84253692626953 20.638914108276367
v 19.9999942779541 19.791635513305664 20.624170303344727
v 19.9999942779541 19.74208641052246 20.605379104614258
v 19.9999942779541 19.694210052490234 20.58266258239746
v 19.9999942779541 19.648317337036133 20.55616569519043
v 19.9999942779541 19.604705810546875 20.52606201171875
v 19.9999942779541 19.563655853271484 20.49254608154297
v 19.9999942779541 19.52543830871582 20.45583724975586
v 19.9999942779541 19.490297317504883 20.41617202758789
v 19.9999942779541 19.45846176147461 20.373807907104492
v 19.9999942779541 19.430139541625977 20.329017639160156
v 19.9999942779541 19.4055118560791 20.282094955444336
v 19.9999942779541 19.384740829467773 20.23334312438965
v 19.9999942779541 19.36795997619629 20.183076858520508
v 19.9999942779541 19.35527801513672 20.131624221801758
v 19.9999942779541 19.346776962280273 20.079317092895508
v 19.9999942779541 19.342512130737305 20.02649688720703
v 19.9999942779541 19.342512130737305 19.97350311279297
v 19.9999942779541 19.346776962280273 19.920682907104492
v 19.9999942779541 19.35527801513672 19.868375778198242
v 19.9999942779541 19.36795997619629 19.816923141479492
v 19.9999942779541 19.384740829467773 19.76665687561035
v 19.9999942779541 19.4055118560791 19.717905044555664
v 19.9999942779541 19.430139541625977 19.670982360839844
v 19.9999942779541 19.45846176147461 19.626192092895508
v 19.9999942779541 19.490297317504883 19.58382797241211
v 19.9999942779541 19.52543830871582 19.54416275024414
v 19.9999942779541 19.563655853271484 19.50745391845703
v 19.9999942779541 19.604705810546875 19.47393798828125
v 19.9999942779541 19.648317337036133 19.44383430480957
v 19.9999942779541 19.694210052490234 19.41733741760254
v 19.9999942779541 19.74208641052246 19.394620895385742
v 19.9999942779541 19.791635513305664 19.375829696655273
v 19.9999942779541 19.84253692626953 19.361085891723633
v 19.9999942779541 19.894458770751953 19.35048484802246
v 19.9999942779541 19.947065353393555 19.344097137451172
v 20.008277893066406 19.947717666625977 20.655902862548828
v 20.01650619506836 19.8957576751709 20.64951515197754
v 20.024629592895508 19.8444766998291 20.638914108276367
v 20.0325927734375 19.794200897216797 20.624170303344727
v 20.040342330932617 19.745262145996094 20.605379104614258
v 20.047832489013672 19.697975158691406 20.58266258239746
v 20.055011749267578 19.652647018432617 20.55616569519043
v 20.06183433532715 19.60957145690918 20.52606201171875
v 20.068256378173828 19.569028854370117 20.49254608154297
v 20.074234008789062 19.531280517578125 20.45583724975586
v 20.079730987548828 19.496572494506836 20.41617202758789
v 20.0847110748291 19.465129852294922 20.373807907104492
v 20.089141845703125 19.43715476989746 20.329017639160156
v 20.092994689941406 19.412832260131836 20.282094955444336
v 20.09624481201172 19.392316818237305 20.23334312438965
v 20.09886932373047 19.375741958618164 20.183076858520508
v 20.100852966308594 19.363216400146484 20.131624221801758
v 20.102182388305664 19.354820251464844 20.079317092895508
v 20.10284996032715 19.350608825683594 20.02649688720703
v 20.10284996032715 19.350608825683594 19.97350311279297
v 20.102182388305664 19.354820251464844 19.920682907104492
v 20.100852966308594 19.363216400146484 19.868375778198242
v 20.09886932373047 19.375741958618164 19.816923141479492
v 20.09624481201172 19.392316818237305 19.76665687561035
v 20.092994689941406 19.412832260131836 19.717905044555664
v 20.089141845703125 19.43715476989746 19.670982360839844
v 20.0847110748291 19.465129852294922 19.626192092895508
v 20.079730987548828 19.496572494506836 19.58382797241211
v 20.074234008789062 19.531280517578125 19.54416275024414
v 20.068256378173828 19.569028854370117 19.50745391845703
v 20.06183433532715 19.60957145690918 19.47393798828125
v 20.055011749267578 19.652647018432617 19.44383430480957
v 20.047832489013672 19.697975158691406 19.41733741760254
v 20.040342330932617 19.745262145996094 19.394620895385742
v 20.0325927734375 19.794200897216797 19.375829696655273
v 20.024629592895508 19.8444766998291 19.361085891723633
v 20.01650619506836 19.8957576751709 19.35048484802246
v 20.008277893066406 19.947717666625977 19.344097137451172
v 20.016357421875 19.949657440185547 20.655902862548828
v 20.03261375427246 19.899625778198242 20.64951515197754
v 20.04865837097168 19.850244522094727 20.638914108276367
v 20.06438636779785 19.801836013793945 20.624170303344727
v 20.07969856262207 19.754711151123047 20.605379104614258
v 20.094493865966797 19.709177017211914 20.58266258239746
v 20.108675003051758 19.665531158447266 20.55616569519043
v 20.12215232849121 19.624053955078125 20.52606201171875
v 20.134836196899414 19.58501434326172 20.49254608154297
v 20.14664649963379 19.54866600036621 20.45583724975586
v 20.15750503540039 19.51524543762207 20.41617202758789
v 20.167343139648438 19.484968185424805 20.373807907104492
v 20.176095962524414 19.458030700683594 20.329017639160156
v 20.183706283569336 19.434608459472656 20.282094955444336
v 20.19012451171875 19.414854049682617 20.23334312438965
v 20.195310592651367 19.398895263671875 20.183076858520508
v 20.199228286743164 19.38683319091797 20.131624221801758
v 20.20185661315918 19.378747940063477 20.079317092895508
v 20.203174591064453 19.374692916870117 20.02649688720703
v 20.203174591064453 19.374692916870117 19.97350311279297
v 20.20185661315918 19.378747940063477 19.920682907104492
v 20.199228286743164 19.38683319091797 19.868375778198242
v 20.195310592651367 19.398895263671875 19.816923141479492
v 20.19012451171875 19.414854049682617 19.76665687561035
v 20.183706283569336 19.434608459472656 19.717905044555664
v 20.176095962524414 19.458030700683594 19.670982360839844
v 20.167343139648438 19.484968185424805 19.626192092895508
v 20.15750503540039 19.51524543762207 19.58382797241211
v 20.14664649963379 19.54866600036621 19.54416275024414
v 20.134836196899414 19.58501434326172 19.50745391845703
v 20.12215232849121 19.624053955078125 19.47393798828125
v 20.108675003051758 19.665531158447266 19.44383430480957
v 20.094493865966797 19.709177017211914 19.41733741760254
v 20.07969856262207 19.754711151123047 19.394620895385742
v 20.06438636779785 19.801836013793945 19.375829696655273
v 20.04865837097168 19.850244522094727 19.361085891723633
v 20.03261375427246 19.899625778198242 19.35048484802246
v 20.016357421875 19.949657440185547 19.344097137451172
v 20.024032592773438 19.952836990356445 20.655902862548828
v 20.047916412353516 19.905963897705078 20.64951515197754
v 20.071487426757812 19.85970115661621 20.638914108276367
v 20.09459686279297 19.814348220825195 20.624170303344727
v 20.11709213256836 19.770198822021484 20.605379104614258
v 20.138826370239258 19.727540969848633 20.58266258239746
v 20.1596622467041 19.686649322509766 20.55616569519043
v 20.179460525512695 19.647790908813477 20.52606201171875
v 20.198097229003906 19.611217498779297 20.49254608154297
v 20.2154483795166 19.577163696289062 20.45583724975586
v 20.231401443481445 19.545852661132812 20.41617202758789
v 20.245853424072266 19.517488479614258 20.373807907104492
v 20.258712768554688 19.492252349853516 20.329017639160156
v 20.269893646240234 19.47031021118164 20.282094955444336
v 20.27932357788086 19.451801300048828 20.23334312438965
v 20.286941528320312 19.43684959411621 20.183076858520508
v 20.292699813842773 19.42555046081543 20.131624221801758
v 20.296558380126953 19.41797637939453 20.079317092895508
v 20.298494338989258 19.41417694091797 20.02649688720703
v 20.298494338989258 19.41417694091797 19.97350311279297
v 20.296558380126953 19.41797637939453 19.920682907104492
v 20.292699813842773 19.42555046081543 19.868375778198242
v 20.286941528320312 19.43684959411621 19.816923141479492
v 20.27932357788086 19.451801300048828 19.76665687561035
v 20.269893646240234 19.47031021118164 19.717905044555664
v 20.258712768554688 19.492252349853516 19.670982360839844
v 20.245853424072266 19.517488479614258 19.626192092895508
v 20.231401443481445 19.545852661132812 19.58382797241211
v 20.2154483795166 19.577163696289062 19.54416275024414
v 20.198097229003906 19.611217498779297 19.50745391845703
v 20.179460525512695 19.647790908813477 19.47393798828125
v 20.1596622467041 19.686649322509766 19.44383430480957
v 20.138826370239258 19.727540969848633 19.41733741760254
v 20.11709213256836 19.770198822021484 19.394620895385742
v 20.09459686279297 19.814348220825195 19.375829696655273
v 20.071487426757812 19.85970115661621 19.361085891723633
v 20.047916412353516 19.905963897705078 19.35048484802246
v 20.024032592773438 19.952836990356445 19.344097137451172
v 20.031118392944336 19.957178115844727 20.655902862548828
v 20.06203842163086 19.91461753845215 20.64951515197754
v 20.092557907104492 19.87261199951172 20.638914108276367
v 20.12247657775879 19.831432342529297 20.624170303344727
v 20.151599884033203 19.79134750366211 20.605379104614258
v 20.17974090576172 19.752614974975586 20.58266258239746
v 20.206716537475586 19.715486526489258 20.55616569519043
v 20.232351303100586 19.68020248413086 20.52606201171875
v 20.256479263305664 19.64699363708496 20.49254608154297
v 20.27894401550293 19.616073608398438 20.45583724975586
v 20.299598693847656 19.587644577026367 20.41617202758789
v 20.31831169128418 19.5618896484375 20.373807907104492
v 20.334959030151367 19.538976669311523 20.329017639160156
v 20.34943389892578 19.519052505493164 20.282094955444336
v 20.361642837524414 19.502248764038086 20.23334312438965
v 20.37150764465332 19.488672256469727 20.183076858520508
v 20.37896156311035 19.478412628173828 20.131624221801758
v 20.38395881652832 19.471534729003906 20.079317092895508
v 20.386465072631836 19.46808433532715 20.02649688720703
v 20.386465072631836 19.46808433532715 19.97350311279297
v 20.38395881652832 19.471534729003906 19.920682907104492
v 20.37896156311035 19.478412628173828 19.868375778198242
v 20.37150764465332 19.488672256469727 19.816923141479492
v 20.361642837524414 19.502248764038086 19.76665687561035
v 20.34943389892578 19.519052505493164 19.717905044555664
v 20.334959030151367 19.538976669311523 19.670982360839844
v 20.31831169128418 19.5618896484375 19.626192092895508
v 20.299598693847656 19.587644577026367 19.58382797241211
v 20.27894401550293 19.616073608398438 19.54416275024414
v 20.256479263305664 19.64699363708496 19.50745391845703
v 20.232351303100586 19.68020248413086 19.47393798828125
v 20.206716537475586 19.715486526489258 19.44383430480957
v 20.17974090576172 19.752614974975586 19.41733741760254
v 20.151599884033203 19.79134750366211 19.394620895385742
v 20.12247657775879 19.831432342529297 19.375829696655273
v 20.092557907104492 19.87261199951172 19.361085891723633
v 20.06203842163086 19.91461753845215 19.35048484802246
v 20.031118392944336 19.957178115844727 19.344097137451172
v 20.03743553161621 19.962574005126953 20.655902862548828
v 20.074634552001953 19.92537498474121 20.64951515197754
v 20.11134910583496 19.888660430908203 20.638914108276367
v 20.147340774536133 19.85266876220703 20.624170303344727
v 20.182376861572266 19.8176326751709 20.605379104614258
v 20.216230392456055 19.78377914428711 20.58266258239746
v 20.248682022094727 19.751327514648438 20.55616569519043
v 20.27952003479004 19.720489501953125 20.52606201171875
v 20.30854606628418 19.691463470458984 20.49254608154297
v 20.3355712890625 19.664438247680664 20.45583724975586
v 20.36042022705078 19.639589309692383 20.41617202758789
v 20.382930755615234 19.61707878112793 20.373807907104492
v 20.402957916259766 19.5970516204834 20.329017639160156
v 20.420372009277344 19.57963752746582 20.282094955444336
v 20.43505859375 19.564950942993164 20.23334312438965
v 20.446924209594727 19.553085327148438 20.183076858520508
v 20.45589256286621 19.544116973876953 20.131624221801758
v 20.461902618408203 19.53810691833496 20.079317092895508
v 20.46491813659668 19.535091400146484 20.02649688720703
v 20.46491813659668 19.535091400146484 19.97350311279297
v 20.461902618408203 19.53810691833496 19.920682907104492
v 20.45589256286621 19.544116973876953 19.868375778198242
v 20.446924209594727 19.553085327148438 19.816923141479492
v 20.43505859375 19.564950942993164 19.76665687561035
v 20.420372009277344 19.57963752746582 19.717905044555664
v 20.402957916259766 19.5970516204834 19.670982360839844
v 20.382930755615234 19.61707878112793 19.626192092895508
v 20.36042022705078 19.639589309692383 19.58382797241211
v 20.3355712890625 19.664438247680664 19.54416275024414
v 20.30854606628418 19.691463470458984 19.50745391845703
v 20.27952003479004 19.720489501953125 19.47393798828125
v 20.248682022094727 19.751327514648438 19.44383430480957
v 20.216230392456055 19.78377914428711 19.41733741760254
v 20.182376861572266 19.8176326751709 19.394620895385742
v 20.147340774536133 19.85266876220703 19.375829696655273
v 20.11134910583496 19.888660430908203 19.361085891723633
v 20.074634552001953 19.92537498474121 19.35048484802246
v 20.03743553161621 19.962574005126953 19.344097137451172
v 20.042831420898438 19.968891143798828 20.655902862548828
v 20.085391998291016 19.937971115112305 20.64951515197754
v 20.127397537231445 19.907451629638672 20.638914108276367
v 20.168577194213867 19.877532958984375 20.624170303344727
v 20.208662033081055 19.84840965270996 20.605379104614258
v 20.247394561767578 19.820268630981445 20.58266258239746
v 20.284523010253906 19.793292999267578 20.55616569519043
v 20.319807052612305 19.767658233642578 20.52606201171875
v 20.353015899658203 19.7435302734375 20.49254608154297
v 20.383935928344727 19.721065521240234 20.45583724975586
v 20.412364959716797 19.700410842895508 20.41617202758789
v 20.438119888305664 19.681697845458984 20.373807907104492
v 20.46103286743164 19.665050506591797 20.329017639160156
v 20.48095703125 19.650575637817383 20.282094955444336
v 20.497760772705078 19.63836669921875 20.23334312438965
v 20.511337280273438 19.628501892089844 20.183076858520508
v 20.52159881591797 19.621047973632812 20.131624221801758
v 20.528474807739258 19.616050720214844 20.079317092895508
v 20.531925201416016 19.613544464111328 20.02649688720703
v 20.531925201416016 19.613544464111328 19.97350311279297
v 20.528474807739258 19.616050720214844 19.920682907104492
v 20.52159881591797 19.621047973632812 19.868375778198242
v 20.511337280273438 19.628501892089844 19.816923141479492
v 20.497760772705078 19.63836669921875 19.76665687561035
v 20.48095703125 19.650575637817383 19.717905044555664
v 20.46103286743164 19.665050506591797 19.670982360839844
v 20.438119888305664 19.681697845458984 19.626192092895508
v 20.412364959716797 19.700410842895508 19.58382797241211
v 20.383935928344727 19.721065521240234 19.54416275024414
v 20.353015899658203 19.7435302734375 19.50745391845703
v 20.319807052612305 19.767658233642578 19.47393798828125
v 20.284523010253906 19.793292999267578 19.44383430480957
v 20.247394561767578 19.820268630981445 19.41733741760254
v 20.208662033081055 19.84840965270996 19.394620895385742
v 20.168577194213867 19.877532958984375 19.375829696655273
v 20.127397537231445 19.907451629638672 19.361085891723633
v 20.085391998291016 19.937971115112305 19.35048484802246
v 20.042831420898438 19.968891143798828 19.344097137451172
v 20.04717254638672 19.975976943969727 20.655902862548828
v 20.094045639038086 19.95209312438965 20.64951515197754
v 20.140308380126953 19.92852210998535 20.638914108276367
v 20.18566131591797 19.905412673950195 20.624170303344727
v 20.22981071472168 19.882917404174805 20.605379104614258
v 20.27246856689453 19.861183166503906 20.58266258239746
v 20.313358306884766 19.840347290039062 20.55616569519043
v 20.352218627929688 19.82054901123047 20.52606201171875
v 20.388792037963867 19.801912307739258 20.49254608154297
v 20.4228458404541 19.784561157226562 20.45583724975586
v 20.45415687561035 19.76860809326172 20.41617202758789
v 20.482521057128906 19.7541561126709 20.373807907104492
v 20.50775718688965 19.741296768188477 20.329017639160156
v 20.529701232910156 19.73011589050293 20.282094955444336
v 20.548208236694336 19.720685958862305 20.23334312438965
v 20.563159942626953 19.71306800842285 20.183076858520508
v 20.574459075927734 19.70730972290039 20.131624221801758
v 20.582033157348633 19.70345115661621 20.079317092895508
v 20.585832595825195 19.701515197753906 20.02649688720703
v 20.585832595825195 19.701515197753906 19.97350311279297
v 20.582033157348633 19.70345115661621 19.920682907104492
v 20.574459075927734 19.70730972290039 19.868375778198242
v 20.563159942626953 19.71306800842285 19.816923141479492
v 20.548208236694336 19.720685958862305 19.76665687561035
v 20.529701232910156 19.73011589050293 19.717905044555664
v 20.50775718688965 19.741296768188477 19.670982360839844
v 20.482521057128906 19.7541561126709 19.626192092895508
v 20.45415687561035 19.76860809326172 19.58382797241211
v 20.4228458404541 19.784561157226562 19.54416275024414
v 20.388792037963867 19.801912307739258 19.50745391845703
v 20.352218627929688 19.82054901123047 19.47393798828125
v 20.313358306884766 19.840347290039062 19.44383430480957
v 20.27246856689453 19.861183166503906 19.41733741760254
v 20.22981071472168 19.882917404174805 19.394620895385742
v 20.18566131591797 19.905412673950195 19.375829696655273
v 20.140308380126953 19.92852210998535 19.361085891723633
v 20.094045639038086 19.95209312438965 19.35048484802246
v 20.04717254638672 19.975976943969727 19.344097137451172
v 20.050352096557617 19.983652114868164 20.655902862548828
v 20.100383758544922 19.967395782470703 20.64951515197754
v 20.149765014648438 19.951351165771484 20.638914108276367
v 20.19817352294922 19.935623168945312 20.624170303344727
v 20.245298385620117 19.920310974121094 20.605379104614258
v 20.29083251953125 19.905515670776367 20.58266258239746
v 20.3344783782959 19.891334533691406 20.55616569519043
v 20.37595558166504 19.877857208251953 20.52606201171875
v 20.414995193481445 19.86517333984375 20.49254608154297
v 20.451343536376953 19.853363037109375 20.45583724975586
v 20.484764099121094 19.842504501342773 20.41617202758789
v 20.51504135131836 19.832666397094727 20.373807907104492
v 20.54197883605957 19.82391357421875 20.329017639160156
v 20.565399169921875 19.816303253173828 20.282094955444336
v 20.585155487060547 19.809885025024414 20.23334312438965
v 20.60111427307129 19.804698944091797 20.183076858520508
v 20.613176345825195 19.80078125 20.131624221801758
v 20.621261596679688 19.798152923583984 20.079317092895508
v 20.625316619873047 19.79683494567871 20.02649688720703
v 20.625316619873047 19.79683494567871 19.97350311279297
v 20.621261596679688 19.798152923583984 19.920682907104492
v 20.613176345825195 19.80078125 19.868375778198242
v 20.60111427307129 19.804698944091797 19.816923141479492
v 20.585155487060547 19.809885025024414 19.76665687561035
v 20.565399169921875 19.816303253173828 19.717905044555664
v 20.54197883605957 19.82391357421875 19.670982360839844
v 20.51504135131836 19.832666397094727 19.626192092895508
v 20.484764099121094 19.842504501342773 19.58382797241211
v 20.451343536376953 19.853363037109375 19.54416275024414
v 20.414995193481445 19.86517333984375 19.50745391845703
v 20.37595558166504 19.877857208251953 19.47393798828125
v 20.3344783782959 19.891334533691406 19.44383430480957
v 20.29083251953125 19.905515670776367 19.41733741760254
v 20.245298385620117 19.920310974121094 19.394620895385742
v 20.19817352294922 19.935623168945312 19.375829696655273
v 20.149765014648438 19.951351165771484 19.361085891723633
v 20.100383758544922 19.967395782470703 19.35048484802246
v 20.050352096557617 19.983652114868164 19.344097137451172
v 20.052291870117188 19.991731643676758 20.655902862548828
v 20.104251861572266 19.983503341674805 20.64951515197754
v 20.155532836914062 19.975379943847656 20.638914108276367
v 20.205808639526367 19.967416763305664 20.624170303344727
v 20.25474739074707 19.959667205810547 20.605379104614258
v 20.302034378051758 19.952177047729492 20.58266258239746
v 20.347362518310547 19.944997787475586 20.55616569519043
v 20.390438079833984 19.938175201416016 20.52606201171875
v 20.430980682373047 19.931753158569336 20.49254608154297
v 20.46872901916504 19.9257755279541 20.45583724975586
v 20.503437042236328 19.920278549194336 20.41617202758789
v 20.534879684448242 19.915298461914062 20.373807907104492
v 20.562854766845703 19.91086769104004 20.329017639160156
v 20.587177276611328 19.907014846801758 20.282094955444336
v 20.60769271850586 19.903764724731445 20.23334312438965
v 20.624267578125 19.901140213012695 20.183076858520508
v 20.63679313659668 19.89915657043457 20.131624221801758
v 20.64518928527832 19.8978271484375 20.079317092895508
v 20.649402618408203 19.897159576416016 20.02649688720703
v 20.649402618408203 19.897159576416016 19.97350311279297
v 20.64518928527832 19.8978271484375 19.920682907104492
v 20.63679313659668 19.89915657043457 19.868375778198242
v 20.624267578125 19.901140213012695 19.816923141479492
v 20.60769271850586 19.903764724731445 19.76665687561035
v 20.587177276611328 19.907014846801758 19.717905044555664
v 20.562854766845703 19.91086769104004 19.670982360839844
v 20.534879684448242 19.915298461914062 19.626192092895508
v 20.503437042236328 19.920278549194336 19.58382797241211
v 20.46872901916504 19.9257755279541 19.54416275024414
v 20.430980682373047 19.931753158569336 19.50745391845703
v 20.390438079833984 19.938175201416016 19.47393798828125
v 20.347362518310547 19.944997787475586 19.44383430480957
v 20.302034378051758 19.952177047729492 19.41733741760254
v 20.25474739074707 19.959667205810547 19.394620895385742
v 20.205808639526367 19.967416763305664 19.375829696655273
v 20.155532836914062 19.975379943847656 19.361085891723633
v 20.104251861572266 19.983503341674805 19.35048484802246
v 20.052291870117188 19.991731643676758 19.344097137451172
f 1 2 3
f 1 4 2
f 1 3 4
f 2 4 3
f 5 6 7
f 5 8 6
f 5 7 8
f 6 8 7
f 6 9 10
f 6 7 9
f 6 10 7
f 9 7 10
f 11 12 13
f 11 14 12
f 11 13 14
f 12 14 13
f 15 16 17
f 15 18 16
f 15 17 18
f 16 18 17
f 19 20 21
f 19 22 20
f 19 21 22
f 20 22 21
f 23 24 25
f 23 26 24
f 23 25 26
f 24 26 25
f 27 28 29
f 27 30 28
f 27 29 30
f 28 30 29
f 31 32 33
f 31 34 32
f 31 33 34
f 32 34 33
f 35 2 36
f 35 37 2
f 35 36 37
f 2 37 36
f 40 78 38
f 78 116 38
f 116 154 38
f 154 192 38
f 192 230 38
f 230 268 38
f 268 306 38
f 306 344 38
f 344 382 38
f 382 420 38
f 420 458 38
f 458 496 38
f 496 534 38
f 534 572 38
f 572 610 38
f 610 648 38
f 648 686 38
f 686 724 38
f 724 762 38
f 762 800 38
f 800 838 38
f 838 876 38
f 876 914 38
f 914 952 38
f 952 990 38
f 990 1028 38
f 1028 1066 38
f 1066 1104 38
f 1104 1142 38
f 1142 1180 38
f 1180 1218 38
f 1218 1256 38
f 1256 1294 38
f 1294 1332 38
f 1332 1370 38
f 1370 1408 38
f 1408 1446 38
f 1446 1484 38
f 1484 1522 38
f 1522 40 38
f 77 39 115
f 115 39 153
f 153 39 191
f 191 39 229
f 229 39 267
f 267 39 305
f 305 39 343
f 343 39 381
f 381 39 419
f 419 39 457
f 457 39 495
f 495 39 533
f 533 39 571
f 571 39 609
f 609 39 647
f 647 39 685
f 685 39 723
f 723 39 761
f 761 39 799
f 799 39 837
f 837 39 875
f 875 39 913
f 913 39 951
f 951 39 989
f 989 39 1027
f 1027 39 1065
f 1065 39 1103
f 1103 39 1141
f 1141 39 1179
f 1179 39 1217
f 1217 39 1255
f 1255 39 1293
f 1293 39 1331
f 1331 39 1369
f 1369 39 1407
f 1407 39 1445
f 1445 39 1483
f 1483 39 1521
f 1521 39 1559
f 1559 39 77
f 40 41 79
f 40 79 78
f 41 42 80
f 41 80 79
f 42 43 81
f 42 81 80
f 43 44 82
f 43 82 81
f 44 45 83
f 44 83 82
f 45 46 84
f 45 84 83
f 46 47 85
f 46 85 84
f 47 48 86
f 47 86 85
f 48 49 87
f 48 87 86
f 49 50 88
f 49 88 87
f 50 51 89
f 50 89 88
f 51 52 90
f 51 90 89
f 52 53 91
f 52 91 90
f 53 54 92
f 53 92 91
f 54 55 93
f 54 93 92
f 55 56 94
f 55 94 93
f 56 57 95
f 56 95 94
f 57 58 96
f 57 96 95
f 58 59 97
f 58 97 96
f 59 60 98
f 59 98 97
f 60 61 99
f 60 99 98
f 61 62 100
f 61 100 99
f 62 63 101
f 62 101 100
f 63 64 102
f 63 102 101
f 64 65 103
f 64 103 102
f 65 66 104
f 65 104 103
f 66 67 105
f 66 105 104
f 67 68 106
f 67 106 105
f 68 69 107
f 68 107 106
f 69 70 108
f 69 108 107
f 70 71 109
f 70 109 108
f 71 72 110
f 71 110 109
f 72 73 111
f 72 111 110
f 73 74 112
f 73 112 111
f 74 75 113
f 74 113 112
f 75 76 114
f 75 114 113
f 76 77 115
f 76 115 114
f 78 79 117
f 78 117 116
f 79 80 118
f 79 118 117
f 80 81 119
f 80 119 118
f 81 82 120
f 81 120 119
f 82 83 121
f 82 121 120
f 83 84 122
f 83 122 121
f 84 85 123
f 84 123 122
f 85 86 124
f 85 124 123
f 86 87 125
f 86 125 124
f 87 88 126
f 87 126 125
f 88 89 127
f 88 127 126
f 89 90 128
f 89 128 127
f 90 91 129
f 90 129 128
f 91 92 130
f 91 130 129
f 92 93 131
f 92 131 130
f 93 94 132
f 93 132 131
f 94 95 133
f 94 133 132
f 95 96 134
f 95 134 133
f 96 97 135
f 96 135 134
f 97 98 136
f 97 136 135
f 98 99 137
f 98 137 136
f 99 100 138
f 99 138 137
f 100 101 139
f 100 139 138
f 101 102 140
f 101 140 139
f 102 103 141
f 102 141 140
f 103 104 142
f 103 142 141
f 104 105 143
f 104 143 142
f 105 106 144
f 105 144 143
f 106 107 145
f 106 145 144
f 107 108 146
f 107 146 145
f 108 109 147
f 108 147 146
f 109 110 148
f 109 148 147
f 110 111 149
f 110 149 148
f 111 112 150
f 111 150 149
f 112 113 151
f 112 151 150
f 113 114 152
f 113 152 151
f 114 115 153
f 114 153 152
f 116 117 155
f 116 155 154
f 117 118 156
f 117 156 155
f 118 119 157
f 118 157 156
f 119 120 158
f 119 158 157
f 120 121 159
f 120 159 158
f 121 122 160
f 121 160 159
f 122 123 161
f 122 161 160
f 123 124 162
f 123 162 161
f 124 125 163
f 124 163 162
f 125 126 164
f 125 164 163
f 126 127 165
f 126 165 164
f 127 128 166
f 127 166 165
f 128 129 167
f 128 167 166
f 129 130 168
f 129 168 167
f 130 131 169
f 130 169 168
f 131 132 170
f 131 170 169
f 132 133 171
f 132 171 170
f 133 134 172
f 133 172 171
f 134 135 173
f 134 173 172
f 135 136 174
f 135 174 173
f 136 137 175
f 136 175 174
f 137 138 176
f 137 176 175
f 138 139 177
f 138 177 176
f 139 140 178
f 139 178 177
f 140 141 179
f 140 179 178
f 141 142 180
f 141 180 179
f 142 143 181
f 142 181 180
f 143 144 182
f 143 182 181
f 144 145 183
f 144 183 182
f 145 146 184
f 145 184 183
f 146 147 185
f 146 185 184
f 147 148 186
f 147 186 185
f 148 149 187
f 148 187 186
f 149 150 188
f 149 188 187
f 150 151 189
f 150 189 188
f 151 152 190
f 151 190 189
f 152 153 191
f 152 191 190
f 154 155 193
f 154 193 192
f 155 156 194
f 155 194 193
f 156 157 195
f 156 195 194
f 157 158 196
f 157 196 195
f 158 159 197
f 158 197 196
f 159 160 198
f 159 198 197
f 160 161 199
f 160 199 198
f 161 162 200
f 161 200 199
f 162 163 201
f 162 201 200
f 163 164 202
f 163 202 201
f 164 165 203
f 164 203 202
f 165 166 204
f 165 204 203
f 166 167 205
f 166 205 204
f 167 168 206
f 167 206 205
f 168 169 207
f 168 207 206
f 169 170 208
f 169 208 207
f 170 171 209
f 170 209 208
f 171 172 210
f 171 210 209
f 172 173 211
f 172 211 210
f 173 174 212
f 173 212 211
f 174 175 213
f 174 213 212
f 175 176 214
f 175 214 213
f 176 177 215
f 176 215 214
f 177 178 216
f 177 216 215
f 178 179 217
f 178 217 216
f 179 180 218
f 179 218 217
f 180 181 219
f 180 219 218
f 181 182 220
f 181 220 219
f 182 183 221
f 182 221 220
f 183 184 222
f 183 222 221
f 184 185 223
f 184 223 222
f 185 186 224
f 185 224 223
f 186 187 225
f 186 225 224
f 187 188 226
f 187 226 225
f 188 189 227
f 188 227 226
f 189 190 228
f 189 228 227
f 190 191 229
f 190 229 228
f 192 193 231
f 192 231 230
f 193 194 232
f 193 232 231
f 194 195 233
f 194 233 232
f 195 196 234
f 195 234 233
f 196 197 235
f 196 235 234
f 197 198 236
f 197 236 235
f 198 199 237
f 198 237 236
f 199 200 238
f 199 238 237
f 200 201 239
f 200 239 238
f 201 202 240
f 201 240 239
f 202 203 241
f 202 241 240
f 203 204 242
f 203 242 241
f 204 205 243
f 204 243 242
f 205 206 244
f 205 244 243
f 206 207 245
f 206 245 244
f 207 208 246
f 207 246 245
f 208 209 247
f 208 247 246
f 209 210 248
f 209 248 247
f 210 211 249
f 210 249 248
f 211 212 250
f 211 250 249
f 212 213 251
f 212 251 250
f 213 214 252
f 213 252 251
f 214 215 253
f 214 253 252
f 215 216 254
f 215 254 253
f 216 217 255
f 216 255 254
f 217 218 256
f 217 256 255
f 218 219 257
f 218 257 256
f 219 220 258
f 219 258 257
f 220 221 259
f 220 259 258
f 221 222 260
f 221 260 259
f 222 223 261
f 222 261 260
f 223 224 262
f 223 262 261
f 224 225 263
f 224 263 262
f 225 226 264
f 225 264 263
f 226 227 265
f 226 265 264
f 227 228 266
f 227 266 265
f 228 229 267
f 228 267 266
f 230 231 269
f 230 269 268
f 231 232 270
f 231 270 269
f 232 233 271
f 232 271 270
f 233 234 272
f 233 272 271
f 234 235 273
f 234 273 272
f 235 236 274
f 235 274 273
f 236 237 275
f 236 275 274
f 237 238 276
f 237 276 275
f 238 239 277
f 238 277 276
f 239 240 278
f 239 278 277
f 240 241 279
f 240 279 278
f 241 242 280
f 241 280 279
f 242 243 281
f 242 281 280
f 243 244 282
f 243 282 281
f 244 245 283
f 244 283 282
f 245 246 284
f 245 284 283
f 246 247 285
f 246 285 284
f 247 248 286
f 247 286 285
f 248 249 287
f 248 287 286
f 249 250 288
f 249 288 287
f 250 251 289
f 250 289 288
f 251 252 290
f 251 290 289
f 252 253 291
f 252 291 290
f 253 254 292
f 253 292 291
f 254 255 293
f 254 293 292
f 255 256 294
f 255 294 293
f 256 257 295
f 256 295 294
f 257 258 296
f 257 296 295
f 258 259 297
f 258 297 296
f 259 260 298
f 259 298 297
f 260 261 299
f 260 299 298
f 261 262 300
f 261 300 299
f 262 263 301
f 262 301 300
f 263 264 302
f 263 302 301
f 264 265 303
f 264 303 302
f 265 266 304
f 265 304 303
f 266 267 305
f 266 305 304
f 268 269 307
f 268 307 306
f 269 270 308
f 269 308 307
f 270 271 309
f 270 309 308
f 271 272 310
f 271 310 309
f 272 273 311
f 272 311 310
f 273 274 312
f 273 312 311
f 274 275 313
f 274 313 312
f 275 276 314
f 275 314 313
f 276 277 315
f 276 315 314
f 277 278 316
f 277 316 315
f 278 279 317
f 278 317 316
f 279 280 318
f 279 318 317
f 280 281 319
f 280 319 318
f 281 282 320
f 281 320 319
f 282 283 321
f 282 321 320
f 283 284 322
f 283 322 321
f 284 285 323
f 284 323 322
f 285 286 324
f 285 324 323
f 286 287 325
f 286 325 324
f 287 288 326
f 287 326 325
f 288 289 327
f 288 327 326
f 289 290 328
f 289 328 327
f 290 291 329
f 290 329 328
f 291 292 330
f 291 330 329
f 292 293 331
f 292 331 330
f 293 294 332
f 293 332 331
f 294 295 333
f 294 333 332
f 295 296 334
f 295 334 333
f 296 297 335
f 296 335 334
f 297 298 336
f 297 336 335
f 298 299 337
f 298 337 336
f 299 300 338
f 299 338 337
f 300 301 339
f 300 339 338
f 301 302 340
f 301 340 339
f 302 303 341
f 302 341 340
f 303 304 342
f 303 342 341
f 304 305 343
f 304 343 342
f 306 307 345
f 306 345 344
f 307 308 346
f 307 346 345
f 308 309 347
f 308 347 346
f 309 310 348
f 309 348 347
f 310 311 349
f 310 349 348
f 311 312 350
f 311 350 349
f 312 313 351
f 312 351 350
f 313 314 352
f 313 352 351
f 314 315 353
f 314 353 352
f 315 316 354
f 315 354 353
f 316 317 355
f 316 355 354
f 317 318 356
f 317 356 355
f 318 319 357
f 318 357 356
f 319 320 358
f 319 358 357
f 320 321 359
f 320 359 358
f 321 322 360
f 321 360 359
f 322 323 361
f 322 361 360
f 323 324 362
f 323 362 361
f 324 325 363
f 324 363 362
f 325 326 364
f 325 364 363
f 326 327 365
f 326 365 364
f 327 328 366
f 327 366 365
f 328 329 367
f 328 367 366
f 329 330 368
f 329 368 367
f 330 331 369
f 330 369 368
f 331 332 370
f 331 370 369
f 332 333 371
f 332 371 370
f 333 334 372
f 333 372 371
f 334 335 373
f 334 373 372
f 335 336 374
f 335 374 373
f 336 337 375
f 336 375 374
f 337 338 376
f 337 376 375
f 338 339 377
f 338 377 376
f 339 340 378
f 339 378 377
f 340 341 379
f 340 379 378
f 341 342 380
f 341 380 379
f 342 343 381
f 342 381 380
f 344 345 383
f 344 383 382
f 345 346 384
f 345 384 383
f 346 347 385
f 346 385 384
f 347 348 386
f 347 386 385
f 348 349 387
f 348 387 386
f 349 350 388
f 349 388 387
f 350 351 389
f 350 389 388
f 351 352 390
f 351 390 389
f 352 353 391
f 352 391 390
f 353 354 392
f 353 392 391
f 354 355 393
f 354 393 392
f 355 356 394
f 355 394 393
f 356 357 395
f 356 395 394
f 357 358 396
f 357 396 395
f 358 359 397
f 358 397 396
f 359 360 398
f 359 398 397
f 360 361 399
f 360 399 398
f 361 362 400
f 361 400 399
f 362 363 401
f 362 401 400
f 363 364 402
f 363 402 401
f 364 365 403
f 364 403 402
f 365 366 404
f 365 404 403
f 366 367 405
f 366 405 404
f 367 368 406
f 367 406 405
f 368 369 407
f 368 407 406
f 369 370 408
f 369 408 407
f 370 371 409
f 370 409 408
f 371 372 410
f 371 410 409
f 372 373 411
f 372 411 410
f 373 374 412
f 373 412 411
f 374 375 413
f 374 413 412
f 375 376 414
f 375 414 413
f 376 377 415
f 376 415 414
f 377 378 416
f 377 416 415
f 378 379 417
f 378 417 416
f 379 380 418
f 379 418 417
f 380 381 419
f 380 419 418
f 382 383 421
f 382 421 420
f 383 384 422
f 383 422 421
f 384 385 423
f 384 423 422
f 385 386 424
f 385 424 423
f 386 387 425
f 386 425 424
f 387 388 426
f 387 426 425
f 388 389 427
f 388 427 426
f 389 390 428
f 389 428 427
f 390 391 429
f 390 429 428
f 391 392 430
f 391 430 429
f 392 393 431
f 392 431 430
f 393 394 432
f 393 432 431
f 394 395 433
f 394 433 432
f 395 396 434
f 395 434 433
f 396 397 435
f 396 435 434
f 397 398 436
f 397 436 435
f 398 399 437
f 398 437 436
f 399 400 438
f 399 438 437
f 400 401 439
f 400 439 438
f 401 402 440
f 401 440 439
f 402 403 441
f 402 441 440
f 403 404 442
f 403 442 441
f 404 405 443
f 404 443 442
f 405 406 444
f 405 444 443
f 406 407 445
f 406 445 444
f 407 408 446
f 407 446 445
f 408 409 447
f 408 447 446
f 409 410 448
f 409 448 447
f 410 411 449
f 410 449 448
f 411 412 450
f 411 450 449
f 412 413 451
f 412 451 450
f 413 414 452
f 413 452 451
f 414 415 453
f 414 453 452
f 415 416 454
f 415 454 453
f 416 417 455
f 416 455 454
f 417 418 456
f 417 456 455
f 418 419 457
f 418 457 456
f 420 421 459
f 420 459 458
f 421 422 460
f 421 460 459
f 422 423 461
f 422 461 460
f 423 424 462
f 423 462 461
f 424 425 463
f 424 463 462
f 425 426 464
f 425 464 463
f 426 427 465
f 426 465 464
f 427 428 466
f 427 466 465
f 428 429 467
f 428 467 466
f 429 430 468
f 429 468 467
f 430 431 469
f 430 469 468
f 431 432 470
f 431 470 469
f 432 433 471
f 432 471 470
f 433 434 472
f 433 472 471
f 434 435 473
f 434 473 472
f 435 436 474
f 435 474 473
f 436 437 475
f 436 475 474
f 437 438 476
f 437 476 475
f 438 439 477
f 438 477 476
f 439 440 478
f 439 478 477
f 440 441 479
f 440 479 478
f 441 442 480
f 441 480 479
f 442 443 481
f 442 481 480
f 443 444 482
f 443 482 481
f 444 445 483
f 444 483 482
f 445 446 484
f 445 484 483
f 446 447 485
f 446 485 484
f 447 448 486
f 447 486 485
f 448 449 487
f 448 487 486
f 449 450 488
f 449 488 487
f 450 451 489
f 450 489 488
f 451 452 490
f 451 490 489
f 452 453 491
f 452 491 490
f 453 454 492
f 453 492 491
f 454 455 493
f 454 493 492
f 455 456 494
f 455 494 493
f 456 457 495
f 456 495 494
f 458 459 497
f 458 497 496
f 459 460 498
f 459 498 497
f 460 461 499
f 460 499 498
f 461 462 500
f 461 500 499
f 462 463 501
f 462 501 500
f 463 464 502
f 463 502 501
f 464 465 503
f 464 503 502
f 465 466 504
f 465 504 503
f 466 467 505
f 466 505 504
f 467 468 506
f 467 506 505
f 468 469 507
f 468 507 506
f 469 470 508
f 469 508 507
f 470 471 509
f 470 509 508
f 471 472 510
f 471 510 509
f 472 473 511
f 472 511 510
f 473 474 512
f 473 512 511
f 474 475 513
f 474 513 512
f 475 476 514
f 475 514 513
f 476 477 515
f 476 515 514
f 477 478 516
f 477 516 515
f 478 479 517
f 478 517 516
f 479 480 518
f 479 518 517
f 480 481 519
f 480 519 518
f 481 482 520
f 481 520 519
f 482 483 521
f 482 521 520
f 483 484 522
f 483 522 521
f 484 485 523
f 484 523 522
f 485 486 524
f 485 524 523
f 486 487 525
f 486 525 524
f 487 488 526
f 487 526 525
f 488 489 527
f 488 527 526
f 489 490 528
f 489 528 527
f 490 491 529
f 490 529 528
f 491 492 530
f 491 530 529
f 492 493 531
f 492 531 530
f 493 494 532
f 493 532 531
f 494 495 533
f 494 533 532
f 496 497 535
f 496 535 534
f 497 498 536
f 497 536 535
f 498 499 537
f 498 537 536
f 499 500 538
f 499 538 537
f 500 501 539
f 500 539 538
f 501 502 540
f 501 540 539
f 502 503 541
f 502 541 540
f 503 504 542
f 503 542 541
f 504 505 543
f 504 543 542
f 505 506 544
f 505 544 543
f 506 507 545
f 506 545 544
f 507 508 546
f 507 546 545
f 508 509 547
f 508 547 546
f 509 510 548
f 509 548 547
f 510 511 549
f 510 549 548
f 511 512 550
f 511 550 549
f 512 513 551
f 512 551 550
f 513 514 552
f 513 552 551
f 514 515 553
f 514 553 552
f 515 516 554
f 515 554 553
f 516 517 555
f 516 555 554
f 517 518 556
f 517 556 555
f 518 519 557
f 518 557 556
f 519 520 558
f 519 558 557
f 520 521 559
f 520 559 558
f 521 522 560
f 521 560 559
f 522 523 561
f 522 561 560
f 523 524 562
f 523 562 561
f 524 525 563
f 524 563 562
f 525 526 564
f 525 564 563
f 526 527 565
f 526 565 564
f 527 528 566
f 527 566 565
f 528 529 567
f 528 567 566
f 529 530 568
f 529 568 567
f 530 531 569
f 530 569 568
f 531 532 570
f 531 570 569
f 532 533 571
f 532 571 570
f 534 535 573
f 534 573 572
f 535 536 574
f 535 574 573
f 536 537 575
f 536 575 574
f 537 538 576
f 537 576 575
f 538 539 577
f 538 577 576
f 539 540 578
f 539 578 577
f 540 541 579
f 540 579 578
f 541 542 580
f 541 580 579
f 542 543 581
f 542 581 580
f 543 544 582
f 543 582 581
f 544 545 583
f 544 583 582
f 545 546 584
f 545 584 583
f 546 547 585
f 546 585 584
f 547 548 586
f 547 586 585
f 548 549 587
f 548 587 586
f 549 550 588
f 549 588 587
f 550 551 589
f 550 589 588
f 551 552 590
f 551 590 589
f 552 553 591
f 552 591 590
f 553 554 592
f 553 592 591
f 554 555 593
f 554 593 592
f 555 556 594
f 555 594 593
f 556 557 595
f 556 595 594
f 557 558 596
f 557 596 595
f 558 559 597
f 558 597 596
f 559 560 598
f 559 598 597
f 560 561 599
f 560 599 598
f 561 562 600
f 561 600 599
f 562 563 601
f 562 601 600
f 563 564 602
f 563 602 601
f 564 565 603
f 564 603 602
f 565 566 604
f 565 604 603
f 566 567 605
f 566 605 604
f 567 568 606
f 567 606 605
f 568 569 607
f 568 607 606
f 569 570 608
f 569 608 607
f 570 571 609
f 570 609 608
f 572 573 611
f 572 611 610
f 573 574 612
f 573 612 611
f 574 575 613
f 574 613 612
f 575 576 614
f 575 614 613
f 576 577 615
f 576 615 614
f 577 578 616
f 577 616 615
f 578 579 617
f 578 617 616
f 579 580 618
f 579 618 617
f 580 581 619
f 580 619 618
f 581 582 620
f 581 620 619
f 582 583 621
f 582 621 620
f 583 584 622
f 583 622 621
f 584 585 623
f 584 623 622
f 585 586 624
f 585 624 623
f 586 587 625
f 586 625 624
f 587 588 626
f 587 626 625
f 588 589 627
f 588 627 626
f 589 590 628
f 589 628 627
f 590 591 629
f 590 629 628
f 591 592 630
f 591 630 629
f 592 593 631
f 592 631 630
f 593 594 632
f 593 632 631
f 594 595 633
f 594 633 632
f 595 596 634
f 595 634 633
f 596 597 635
f 596 635 634
f 597 598 636
f 597 636 635
f 598 599 637
f 598 637 636
f 599 600 638
f 599 638 637
f 600 601 639
f 600 639 638
f 601 602 640
f 601 640 639
f 602 603 641
f 602 641 640
f 603 604 642
f 603 642 641
f 604 605 643
f 604 643 642
f 605 606 644
f 605 644 643
f 606 607 645
f 606 645 644
f 607 608 646
f 607 646 645
f 608 609 647
f 608 647 646
f 610 611 649
f 610 649 648
f 611 612 650
f 611 650 649
f 612 613 651
f 612 651 650
f 613 614 652
f 613 652 651
f 614 615 653
f 614 653 652
f 615 616 654
f 615 654 653
f 616 617 655
f 616 655 654
f 617 618 656
f 617 656 655
f 618 619 657
f 618 657 656
f 619 620 658
f 619 658 657
f 620 621 659
f 620 659 658
f 621 622 660
f 621 660 659
f 622 623 661
f 622 661 660
f 623 624 662
f 623 662 661
f 624 625 663
f 624 663 662
f 625 626 664
f 625 664 663
f 626 627 665
f 626 665 664
f 627 628 666
f 627 666 665
f 628 629 667
f 628 667 666
f 629 630 668
f 629 668 667
f 630 631 669
f 630 669 668
f 631 632 670
f 631 670 669
f 632 633 671
f 632 671 670
f 633 634 672
f 633 672 671
f 634 635 673
f 634 673 672
f 635 636 674
f 635 674 673
f 636 637 675
f 636 675 674
f 637 638 676
f 637 676 675
f 638 639 677
f 638 677 676
f 639 640 678
f 639 678 677
f 640 641 679
f 640 679 678
f 641 642 680
f 641 680 679
f 642 643 681
f 642 681 680
f 643 644 682
f 643 682 681
f 644 645 683
f 644 683 682
f 645 646 684
f 645 684 683
f 646 647 685
f 646 685 684
f 648 649 687
f 648 687 686
f 649 650 688
f 649 688 687
f 650 651 689
f 650 689 688
f 651 652 690
f 651 690 689
f 652 653 691
f 652 691 690
f 653 654 692
f 653 692 691
f 654 655 693
f 654 693 692
f 655 656 694
f 655 694 693
f 656 657 695
f 656 695 694
f 657 658 696
f 657 696 695
f 658 659 697
f 658 697 696
f 659 660 698
f 659 698 697
f 660 661 699
f 660 699 698
f 661 662 700
f 661 700 699
f 662 663 701
f 662 701 700
f 663 664 702
f 663 702 701
f 664 665 703
f 664 703 702
f 665 666 704
f 665 704 703
f 666 667 705
f 666 705 704
f 667 668 706
f 667 706 705
f 668 669 707
f 668 707 706
f 669 670 708
f 669 708 707
f 670 671 709
f 670 709 708
f 671 672 710
f 671 710 709
f 672 673 711
f 672 711 710
f 673 674 712
f 673 712 711
f 674 675 713
f 674 713 712
f 675 676 714
f 675 714 713
f 676 677 715
f 676 715 714
f 677 678 716
f 677 716 715
f 678 679 717
f 678 717 716
f 679 680 718
f 679 718 717
f 680 681 719
f 680 719 718
f 681 682 720
f 681 720 719
f 682 683 721
f 682 721 720
f 683 684 722
f 683 722 721
f 684 685 723
f 684 723 722
f 686 687 725
f 686 725 724
f 687 688 726
f 687 726 725
f 688 689 727
f 688 727 726
f 689 690 728
f 689 728 727
f 690 691 729
f 690 729 728
f 691 692 730
f 691 730 729
f 692 693 731
f 692 731 730
f 693 694 732
f 693 732 731
f 694 695 733
f 694 733 732
f 695 696 734
f 695 734 733
f 696 697 735
f 696 735 734
f 697 698 736
f 697 736 735
f 698 699 737
f 698 737 736
f 699 700 738
f 699 738 737
f 700 701 739
f 700 739 738
f 701 702 740
f 701 740 739
f 702 703 741
f 702 741 740
f 703 704 742
f 703 742 741
f 704 705 743
f 704 743 742
f 705 706 744
f 705 744 743
f 706 707 745
f 706 745 744
f 707 708 746
f 707 746 745
f 708 709 747
f 708 747 746
f 709 710 748
f 709 748 747
f 710 711 749
f 710 749 748
f 711 712 750
f 711 750 749
f 712 713 751
f 712 751 750
f 713 714 752
f 713 752 751
f 714 715 753
f 714 753 752
f 715 716 754
f 715 754 753
f 716 717 755
f 716 755 754
f 717 718 756
f 717 756 755
f 718 719 757
f 718 757 756
f 719 720 758
f 719 758 757
f 720 721 759
f 720 759 758
f 721 722 760
f 721 760 759
f 722 723 761
f 722 761 760
f 724 725 763
f 724 763 762
f 725 726 764
f 725 764 763
f 726 727 765
f 726 765 764
f 727 728 766
f 727 766 765
f 728 729 767
f 728 767 766
f 729 730 768
f 729 768 767
f 730 731 769
f 730 769 768
f 731 732 770
f 731 770 769
f 732 733 771
f 732 771 770
f 733 734 772
f 733 772 771
f 734 735 773
f 734 773 772
f 735 736 774
f 735 774 773
f 736 737 775
f 736 775 774
f 737 738 776
f 737 776 775
f 738 739 777
f 738 777 776
f 739 740 778
f 739 778 777
f 740 741 779
f 740 779 778
f 741 742 780
f 741 780 779
f 742 743 781
f 742 781 780
f 743 744 782
f 743 782 781
f 744 745 783
f 744 783 782
f 745 746 784
f 745 784 783
f 746 747 785
f 746 785 784
f 747 748 786
f 747 786 785
f 748 749 787
f 748 787 786
f 749 750 788
f 749 788 787
f 750 751 789
f 750 789 788
f 751 752 790
f 751 790 789
f 752 753 791
f 752 791 790
f 753 754 792
f 753 792 791
f 754 755 793
f 754 793 792
f 755 756 794
f 755 794 793
f 756 757 795
f 756 795 794
f 757 758 796
f 757 796 795
f 758 759 797
f 758 797 796
f 759 760 798
f 759 798 797
f 760 761 799
f 760 799 798
f 762 763 801
f 762 801 800
f 763 764 802
f 763 802 801
f 764 765 803
f 764 803 802
f 765 766 804
f 765 804 803
f 766 767 805
f 766 805 804
f 767 768 806
f 767 806 805
f 768 769 807
f 768 807 806
f 769 770 808
f 769 808 807
f 770 771 809
f 770 809 808
f 771 772 810
f 771 810 809
f 772 773 811
f 772 811 810
f 773 774 812
f 773 812 811
f 774 775 813
f 774 813 812
f 775 776 814
f 775 814 813
f 776 777 815
f 776 815 814
f 777 778 816
f 777 816 815
f 778 779 817
f 778 817 816
f 779 780 818
f 779 818 817
f 780 781 819
f 780 819 818
f 781 782 820
f 781 820 819
f 782 783 821
f 782 821 820
f 783 784 822
f 783 822 821
f 784 785 823
f 784 823 822
f 785 786 824
f 785 824 823
f 786 787 825
f 786 825 824
f 787 788 826
f 787 826 825
f 788 789 827
f 788 827 826
f 789 790 828
f 789 828 827
f 790 791 829
f 790 829 828
f 791 792 830
f 791 830 829
f 792 793 831
f 792 831 830
f 793 794 832
f 793 832 831
f 794 795 833
f 794 833 832
f 795 796 834
f 795 834 833
f 796 797 835
f 796 835 834
f 797 798 836
f 797 836 835
f 798 799 837
f 798 837 836
f 800 801 839
f 800 839 838
f 801 802 840
f 801 840 839
f 802 803 841
f 802 841 840
f 803 804 842
f 803 842 841
f 804 805 843
f 804 843 842
f 805 806 844
f 805 844 843
f 806 807 845
f 806 845 844
f 807 808 846
f 807 846 845
f 808 809 847
f 808 847 846
f 809 810 848
f 809 848 847
f 810 811 849
f 810 849 848
f 811 812 850
f 811 850 849
f 812 813 851
f 812 851 850
f 813 814 852
f 813 852 851
f 814 815 853
f 814 853 852
f 815 816 854
f 815 854 853
f 816 817 855
f 816 855 854
f 817 818 856
f 817 856 855
f 818 819 857
f 818 857 856
f 819 820 858
f 819 858 857
f 820 821 859
f 820 859 858
f 821 822 860
f 821 860 859
f 822 823 861
f 822 861 860
f 823 824 862
f 823 862 861
f 824 825 863
f 824 863 862
f 825 826 864
f 825 864 863
f 826 827 865
f 826 865 864
f 827 828 866
f 827 866 865
f 828 829 867
f 828 867 866
f 829 830 868
f 829 868 867
f 830 831 869
f 830 869 868
f 831 832 870
f 831 870 869
f 832 833 871
f 832 871 870
f 833 834 872
f 833 872 871
f 834 835 873
f 834 873 872
f 835 836 874
f 835 874 873
f 836 837 875
f 836 875 874
f 838 839 877
f 838 877 876
f 839 840 878
f 839 878 877
f 840 841 879
f 840 879 878
f 841 842 880
f 841 880 879
f 842 843 881
f 842 881 880
f 843 844 882
f 843 882 881
f 844 845 883
f 844 883 882
f 845 846 884
f 845 884 883
f 846 847 885
f 846 885 884
f 847 848 886
f 847 886 885
f 848 849 887
f 848 887 886
f 849 850 888
f 849 888 887
f 850 851 889
f 850 889 888
f 851 852 890
f 851 890 889
f 852 853 891
f 852 891 890
f 853 854 892
f 853 892 891
f 854 855 893
f 854 893 892
f 855 856 894
f 855 894 893
f 856 857 895
f 856 895 894
f 857 858 896
f 857 896 895
f 858 859 897
f 858 897 896
f 859 860 898
f 859 898 897
f 860 861 899
f 860 899 898
f 861 862 900
f 861 900 899
f 862 863 901
f 862 901 900
f 863 864 902
f 863 902 901
f 864 865 903
f 864 903 902
f 865 866 904
f 865 904 903
f 866 867 905
f 866 905 904
f 867 868 906
f 867 906 905
f 868 869 907
f 868 907 906
f 869 870 908
f 869 908 907
f 870 871 909
f 870 909 908
f 871 872 910
f 871 910 909
f 872 873 911
f 872 911 910
f 873 874 912
f 873 912 911
f 874 875 913
f 874 913 912
f 876 877 915
f 876 915 914
f 877 878 916
f 877 916 915
f 878 879 917
f 878 917 916
f 879 880 918
f 879 918 917
f 880 881 919
f 880 919 918
f 881 882 920
f 881 920 919
f 882 883 921
f 882 921 920
f 883 884 922
f 883 922 921
f 884 885 923
f 884 923 922
f 885 886 924
f 885 924 923
f 886 887 925
f 886 925 924
f 887 888 926
f 887 926 925
f 888 889 927
f 888 927 926
f 889 890 928
f 889 928 927
f 890 891 929
f 890 929 928
f 891 892 930
f 891 930 929
f 892 893 931
f 892 931 930
f 893 894 932
f 893 932 931
f 894 895 933
f 894 933 932
f 895 896 934
f 895 934 933
f 896 897 935
f 896 935 934
f 897 898 936
f 897 936 935
f 898 899 937
f 898 937 936
f 899 900 938
f 899 938 937
f 900 901 939
f 900 939 938
f 901 902 940
f 901 940 939
f 902 903 941
f 902 941 940
f 903 904 942
f 903 942 941
f 904 905 943
f 904 943 942
f 905 906 944
f 905 944 943
f 906 907 945
f 906 945 944
f 907 908 946
f 907 946 945
f 908 909 947
f 908 947 946
f 909 910 948
f 909 948 947
f 910 911 949
f 910 949 948
f 911 912 950
f 911 950 949
f 912 913 951
f 912 951 950
f 914 915 953
f 914 953 952
f 915 916 954
f 915 954 953
f 916 917 955
f 916 955 954
f 917 918 956
f 917 956 955
f 918 919 957
f 918 957 956
f 919 920 958
f 919 958 957
f 920 921 959
f 920 959 958
f 921 922 960
f 921 960 959
f 922 923 961
f 922 961 960
f 923 924 962
f 923 962 961
f 924 925 963
f 924 963 962
f 925 926 964
f 925 964 963
f 926 927 965
f 926 965 964
f 927 928 966
f 927 966 965
f 928 929 967
f 928 967 966
f 929 930 968
f 929 968 967
f 930 931 969
f 930 969 968
f 931 932 970
f 931 970 969
f 932 933 971
f 932 971 970
f 933 934 972
f 933 972 971
f 934 935 973
f 934 973 972
f 935 936 974
f 935 974 973
f 936 937 975
f 936 975 974
f 937 938 976
f 937 976 975
f 938 939 977
f 938 977 976
f 939 940 978
f 939 978 977
f 940 941 979
f 940 979 978
f 941 942 980
f 941 980 979
f 942 943 981
f 942 981 980
f 943 944 982
f 943 982 981
f 944 945 983
f 944 983 982
f 945 946 984
f 945 984 983
f 946 947 985
f 946 985 984
f 947 948 986
f 947 986 985
f 948 949 987
f 948 987 986
f 949 950 988
f 949 988 987
f 950 951 989
f 950 989 988
f 952 953 991
f 952 991 990
f 953 954 992
f 953 992 991
f 954 955 993
f 954 993 992
f 955 956 994
f 955 994 993
f 956 957 995
f 956 995 994
f 957 958 996
f 957 996 995
f 958 959 997
f 958 997 996
f 959 960 998
f 959 998 997
f 960 961 999
f 960 999 998
f 961 962 1000
f 961 1000 999
f 962 963 1001
f 962 1001 1000
f 963 964 1002
f 963 1002 1001
f 964 965 1003
f 964 1003 1002
f 965 966 1004
f 965 1004 1003
f 966 967 1005
f 966 1005 1004
f 967 968 1006
f 967 1006 1005
f 968 969 1007
f 968 1007 1006
f 969 970 1008
f 969 1008 1007
f 970 971 1009
f 970 1009 1008
f 971 972 1010
f 971 1010 1009
f 972 973 1011
f 972 1011 1010
f 973 974 1012
f 973 1012 1011
f 974 975 1013
f 974 1013 1012
f 975 976 1014
f 975 1014 1013
f 976 977 1015
f 976 1015 1014
f 977 978 1016
f 977 1016 1015
f 978 979 1017
f 978 1017 1016
f 979 980 1018
f 979 1018 1017
f 980 981 1019
f 980 1019 1018
f 981 982 1020
f 981 1020 1019
f 982 983 1021
f 982 1021 1020
f 983 984 1022
f 983 1022 1021
f 984 985 1023
f 984 1023 1022
f 985 986 1024
f 985 1024 1023
f 986 987 1025
f 986 1025 1024
f 987 988 1026
f 987 1026 1025
f 988 989 1027
f 988 1027 1026
f 990 991 1029
f 990 1029 1028
f 991 992 1030
f 991 1030 1029
f 992 993 1031
f 992 1031 1030
f 993 994 1032
f 993 1032 1031
f 994 995 1033
f 994 1033 1032
f 995 996 1034
f 995 1034 1033
f 996 997 1035
f 996 1035 1034
f 997 998 1036
f 997 1036 1035
f 998 999 1037
f 998 1037 1036
f 999 1000 1038
f 999 1038 1037
f 1000 1001 1039
f 1000 1039 1038
f 1001 1002 1040
f 1001 1040 1039
f 1002 1003 1041
f 1002 1041 1040
f 1003 1004 1042
f 1003 1042 1041
f 1004 1005 1043
f 1004 1043 1042
f 1005 1006 1044
f 1005 1044 1043
f 1006 1007 1045
f 1006 1045 1044
f 1007 1008 1046
f 1007 1046 1045
f 1008 1009 1047
f 1008 1047 1046
f 1009 1010 1048
f 1009 1048 1047
f 1010 1011 1049
f 1010 1049 1048
f 1011 1012 1050
f 1011 1050 1049
f 1012 1013 1051
f 1012 1051 1050
f 1013 1014 1052
f 1013 1052 1051
f 1014 1015 1053
f 1014 1053 1052
f 1015 1016 1054
f 1015 1054 1053
f 1016 1017 1055
f 1016 1055 1054
f 1017 1018 1056
f 1017 1056 1055
f 1018 1019 1057
f 1018 1057 1056
f 1019 1020 1058
f 1019 1058 1057
f 1020 1021 1059
f 1020 1059 1058
f 1021 1022 1060
f 1021 1060 1059
f 1022 1023 1061
f 1022 1061 1060
f 1023 1024 1062
f 1023 1062 1061
f 1024 1025 1063
f 1024 1063 1062
f 1025 1026 1064
f 1025 1064 1063
f 1026 1027 1065
f 1026 1065 1064
f 1028 1029 1067
f 1028 1067 1066
f 1029 1030 1068
f 1029 1068 1067
f 1030 1031 1069
f 1030 1069 1068
f 1031 1032 1070
f 1031 1070 1069
f 1032 1033 1071
f 1032 1071 1070
f 1033 1034 1072
f 1033 1072 1071
f 1034 1035 1073
f 1034 1073 1072
f 1035 1036 1074
f 1035 1074 1073
f 1036 1037 1075
f 1036 1075 1074
f 1037 1038 1076
f 1037 1076 1075
f 1038 1039 1077
f 1038 1077 1076
f 1039 1040 1078
f 1039 1078 1077
f 1040 1041 1079
f 1040 1079 1078
f 1041 1042 1080
f 1041 1080 1079
f 1042 1043 1081
f 1042 1081 1080
f 1043 1044 1082
f 1043 1082 1081
f 1044 1045 1083
f 1044 1083 1082
f 1045 1046 1084
f 1045 1084 1083
f 1046 1047 1085
f 1046 1085 1084
f 1047 1048 1086
f 1047 1086 1085
f 1048 1049 1087
f 1048 1087 1086
f 1049 1050 1088
f 1049 1088 1087
f 1050 1051 1089
f 1050 1089 1088
f 1051 1052 1090
f 1051 1090 1089
f 1052 1053 1091
f 1052 1091 1090
f 1053 1054 1092
f 1053 1092 1091
f 1054 1055 1093
f 1054 1093 1092
f 1055 1056 1094
f 1055 1094 1093
f 1056 1057 1095
f 1056 1095 1094
f 1057 1058 1096
f 1057 1096 1095
f 1058 1059 1097
f 1058 1097 1096
f 1059 1060 1098
f 1059 1098 1097
f 1060 1061 1099
f 1060 1099 1098
f 1061 1062 1100
f 1061 1100 1099
f 1062 1063 1101
f 1062 1101 1100
f 1063 1064 1102
f 1063 1102 1101
f 1064 1065 1103
f 1064 1103 1102
f 1066 1067 1105
f 1066 1105 1104
f 1067 1068 1106
f 1067 1106 1105
f 1068 1069 1107
f 1068 1107 1106
f 1069 1070 1108
f 1069 1108 1107
f 1070 1071 1109
f 1070 1109 1108
f 1071 1072 1110
f 1071 1110 1109
f 1072 1073 1111
f 1072 1111 1110
f 1073 1074 1112
f 1073 1112 1111
f 1074 1075 1113
f 1074 1113 1112
f 1075 1076 1114
f 1075 1114 1113
f 1076 1077 1115
f 1076 1115 1114
f 1077 1078 1116
f 1077 1116 1115
f 1078 1079 1117
f 1078 1117 1116
f 1079 1080 1118
f 1079 1118 1117
f 1080 1081 1119
f 1080 1119 1118
f 1081 1082 1120
f 1081 1120 1119
f 1082 1083 1121
f 1082 1121 1120
f 1083 1084 1122
f 1083 1122 1121
f 1084 1085 1123
f 1084 1123 1122
f 1085 1086 1124
f 1085 1124 1123
f 1086 1087 1125
f 1086 1125 1124
f 1087 1088 1126
f 1087 1126 1125
f 1088 1089 1127
f 1088 1127 1126
f 1089 1090 1128
f 1089 1128 1127
f 1090 1091 1129
f 1090 1129 1128
f 1091 1092 1130
f 1091 1130 1129
f 1092 1093 1131
f 1092 1131 1130
f 1093 1094 1132
f 1093 1132 1131
f 1094 1095 1133
f 1094 1133 1132
f 1095 1096 1134
f 1095 1134 1133
f 1096 1097 1135
f 1096 1135 1134
f 1097 1098 1136
f 1097 1136 1135
f 1098 1099 1137
f 1098 1137 1136
f 1099 1100 1138
f 1099 1138 1137
f 1100 1101 1139
f 1100 1139 1138
f 1101 1102 1140
f 1101 1140 1139
f 1102 1103 1141
f 1102 1141 1140
f 1104 1105 1143
f 1104 1143 1142
f 1105 1106 1144
f 1105 1144 1143
f 1106 1107 1145
f 1106 1145 1144
f 1107 1108 1146
f 1107 1146 1145
f 1108 1109 1147
f 1108 1147 1146
f 1109 1110 1148
f 1109 1148 1147
f 1110 1111 1149
f 1110 1149 1148
f 1111 1112 1150
f 1111 1150 1149
f 1112 1113 1151
f 1112 1151 1150
f 1113 1114 1152
f 1113 1152 1151
f 1114 1115 1153
f 1114 1153 1152
f 1115 1116 1154
f 1115 1154 1153
f 1116 1117 1155
f 1116 1155 1154
f 1117 1118 1156
f 1117 1156 1155
f 1118 1119 1157
f 1118 1157 1156
f 1119 1120 1158
f 1119 1158 1157
f 1120 1121 1159
f 1120 1159 1158
f 1121 1122 1160
f 1121 1160 1159
f 1122 1123 1161
f 1122 1161 1160
f 1123 1124 1162
f 1123 1162 1161
f 1124 1125 1163
f 1124 1163 1162
f 1125 1126 1164
f 1125 1164 1163
f 1126 1127 1165
f 1126 1165 1164
f 1127 1128 1166
f 1127 1166 1165
f 1128 1129 1167
f 1128 1167 1166
f 1129 1130 1168
f 1129 1168 1167
f 1130 1131 1169
f 1130 1169 1168
f 1131 1132 1170
f 1131 1170 1169
f 1132 1133 1171
f 1132 1171 1170
f 1133 1134 1172
f 1133 1172 1171
f 1134 1135 1173
f 1134 1173 1172
f 1135 1136 1174
f 1135 1174 1173
f 1136 1137 1175
f 1136 1175 1174
f 1137 1138 1176
f 1137 1176 1175
f 1138 1139 1177
f 1138 1177 1176
f 1139 1140 1178
f 1139 1178 1177
f 1140 1141 1179
f 1140 1179 1178
f 1142 1143 1181
f 1142 1181 1180
f 1143 1144 1182
f 1143 1182 1181
f 1144 1145 1183
f 1144 1183 1182
f 1145 1146 1184
f 1145 1184 1183
f 1146 1147 1185
f 1146 1185 1184
f 1147 1148 1186
f 1147 1186 1185
f 1148 1149 1187
f 1148 1187 1186
f 1149 1150 1188
f 1149 1188 1187
f 1150 1151 1189
f 1150 1189 1188
f 1151 1152 1190
f 1151 1190 1189
f 1152 1153 1191
f 1152 1191 1190
f 1153 1154 1192
f 1153 1192 1191
f 1154 1155 1193
f 1154 1193 1192
f 1155 1156 1194
f 1155 1194 1193
f 1156 1157 1195
f 1156 1195 1194
f 1157 1158 1196
f 1157 1196 1195
f 1158 1159 1197
f 1158 1197 1196
f 1159 1160 1198
f 1159 1198 1197
f 1160 1161 1199
f 1160 1199 1198
f 1161 1162 1200
f 1161 1200 1199
f 1162 1163 1201
f 1162 1201 1200
f 1163 1164 1202
f 1163 1202 1201
f 1164 1165 1203
f 1164 1203 1202
f 1165 1166 1204
f 1165 1204 1203
f 1166 1167 1205
f 1166 1205 1204
f 1167 1168 1206
f 1167 1206 1205
f 1168 1169 1207
f 1168 1207 1206
f 1169 1170 1208
f 1169 1208 1207
f 1170 1171 1209
f 1170 1209 1208
f 1171 1172 1210
f 1171 1210 1209
f 1172 1173 1211
f 1172 1211 1210
f 1173 1174 1212
f 1173 1212 1211
f 1174 1175 1213
f 1174 1213 1212
f 1175 1176 1214
f 1175 1214 1213
f 1176 1177 1215
f 1176 1215 1214
f 1177 1178 1216
f 1177 1216 1215
f 1178 1179 1217
f 1178 1217 1216
f 1180 1181 1219
f 1180 1219 1218
f 1181 1182 1220
f 1181 1220 1219
f 1182 1183 1221
f 1182 1221 1220
f 1183 1184 1222
f 1183 1222 1221
f 1184 1185 1223
f 1184 1223 1222
f 1185 1186 1224
f 1185 1224 1223
f 1186 1187 1225
f 1186 1225 1224
f 1187 1188 1226
f 1187 1226 1225
f 1188 1189 1227
f 1188 1227 1226
f 1189 1190 1228
f 1189 1228 1227
f 1190 1191 1229
f 1190 1229 1228
f 1191 1192 1230
f 1191 1230 1229
f 1192 1193 1231
f 1192 1231 1230
f 1193 1194 1232
f 1193 1232 1231
f 1194 1195 1233
f 1194 1233 1232
f 1195 1196 1234
f 1195 1234 1233
f 1196 1197 1235
f 1196 1235 1234
f 1197 1198 1236
f 1197 1236 1235
f 1198 1199 1237
f 1198 1237 1236
f 1199 1200 1238
f 1199 1238 1237
f 1200 1201 1239
f 1200 1239 1238
f 1201 1202 1240
f 1201 1240 1239
f 1202 1203 1241
f 1202 1241 1240
f 1203 1204 1242
f 1203 1242 1241
f 1204 1205 1243
f 1204 1243 1242
f 1205 1206 1244
f 1205 1244 1243
f 1206 1207 1245
f 1206 1245 1244
f 1207 1208 1246
f 1207 1246 1245
f 1208 1209 1247
f 1208 1247 1246
f 1209 1210 1248
f 1209 1248 1247
f 1210 1211 1249
f 1210 1249 1248
f 1211 1212 1250
f 1211 1250 1249
f 1212 1213 1251
f 1212 1251 1250
f 1213 1214 1252
f 1213 1252 1251
f 1214 1215 1253
f 1214 1253 1252
f 1215 1216 1254
f 1215 1254 1253
f 1216 1217 1255
f 1216 1255 1254
f 1218 1219 1257
f 1218 1257 1256
f 1219 1220 1258
f 1219 1258 1257
f 1220 1221 1259
f 1220 1259 1258
f 1221 1222 1260
f 1221 1260 1259
f 1222 1223 1261
f 1222 1261 1260
f 1223 1224 1262
f 1223 1262 1261
f 1224 1225 1263
f 1224 1263 1262
f 1225 1226 1264
f 1225 1264 1263
f 1226 1227 1265
f 1226 1265 1264
f 1227 1228 1266
f 1227 1266 1265
f 1228 1229 1267
f 1228 1267 1266
f 1229 1230 1268
f 1229 1268 1267
f 1230 1231 1269
f 1230 1269 1268
f 1231 1232 1270
f 1231 1270 1269
f 1232 1233 1271
f 1232 1271 1270
f 1233 1234 1272
f 1233 1272 1271
f 1234 1235 1273
f 1234 1273 1272
f 1235 1236 1274
f 1235 1274 1273
f 1236 1237 1275
f 1236 1275 1274
f 1237 1238 1276
f 1237 1276 1275
f 1238 1239 1277
f 1238 1277 1276
f 1239 1240 1278
f 1239 1278 1277
f 1240 1241 1279
f 1240 1279 1278
f 1241 1242 1280
f 1241 1280 1279
f 1242 1243 1281
f 1242 1281 1280
f 1243 1244 1282
f 1243 1282 1281
f 1244 1245 1283
f 1244 1283 1282
f 1245 1246 1284
f 1245 1284 1283
f 1246 1247 1285
f 1246 1285 1284
f 1247 1248 1286
f 1247 1286 1285
f 1248 1249 1287
f 1248 1287 1286
f 1249 1250 1288
f 1249 1288 1287
f 1250 1251 1289
f 1250 1289 1288
f 1251 1252 1290
f 1251 1290 1289
f 1252 1253 1291
f 1252 1291 1290
f 1253 1254 1292
f 1253 1292 1291
f 1254 1255 1293
f 1254 1293 1292
f 1256 1257 1295
f 1256 1295 1294
f 1257 1258 1296
f 1257 1296 1295
f 1258 1259 1297
f 1258 1297 1296
f 1259 1260 1298
f 1259 1298 1297
f 1260 1261 1299
f 1260 1299 1298
f 1261 1262 1300
f 1261 1300 1299
f 1262 1263 1301
f 1262 1301 1300
f 1263 1264 1302
f 1263 1302 1301
f 1264 1265 1303
f 1264 1303 1302
f 1265 1266 1304
f 1265 1304 1303
f 1266 1267 1305
f 1266 1305 1304
f 1267 1268 1306
f 1267 1306 1305
f 1268 1269 1307
f 1268 1307 1306
f 1269 1270 1308
f 1269 1308 1307
f 1270 1271 1309
f 1270 1309 1308
f 1271 1272 1310
f 1271 1310 1309
f 1272 1273 1311
f 1272 1311 1310
f 1273 1274 1312
f 1273 1312 1311
f 1274 1275 1313
f 1274 1313 1312
f 1275 1276 1314
f 1275 1314 1313
f 1276 1277 1315
f 1276 1315 1314
f 1277 1278 1316
f 1277 1316 1315
f 1278 1279 1317
f 1278 1317 1316
f 1279 1280 1318
f 1279 1318 1317
f 1280 1281 1319
f 1280 1319 1318
f 1281 1282 1320
f 1281 1320 1319
f 1282 1283 1321
f 1282 1321 1320
f 1283 1284 1322
f 1283 1322 1321
f 1284 1285 1323
f 1284 1323 1322
f 1285 1286 1324
f 1285 1324 1323
f 1286 1287 1325
f 1286 1325 1324
f 1287 1288 1326
f 1287 1326 1325
f 1288 1289 1327
f 1288 1327 1326
f 1289 1290 1328
f 1289 1328 1327
f 1290 1291 1329
f 1290 1329 1328
f 1291 1292 1330
f 1291 1330 1329
f 1292 1293 1331
f 1292 1331 1330
f 1294 1295 1333
f 1294 1333 1332
f 1295 1296 1334
f 1295 1334 1333
f 1296 1297 1335
f 1296 1335 1334
f 1297 1298 1336
f 1297 1336 1335
f 1298 1299 1337
f 1298 1337 1336
f 1299 1300 1338
f 1299 1338 1337
f 1300 1301 1339
f 1300 1339 1338
f 1301 1302 1340
f 1301 1340 1339
f 1302 1303 1341
f 1302 1341 1340
f 1303 1304 1342
f 1303 1342 1341
f 1304 1305 1343
f 1304 1343 1342
f 1305 1306 1344
f 1305 1344 1343
f 1306 1307 1345
f 1306 1345 1344
f 1307 1308 1346
f 1307 1346 1345
f 1308 1309 1347
f 1308 1347 1346
f 1309 1310 1348
f 1309 1348 1347
f 1310 1311 1349
f 1310 1349 1348
f 1311 1312 1350
f 1311 1350 1349
f 1312 1313 1351
f 1312 1351 1350
f 1313 1314 1352
f 1313 1352 1351
f 1314 1315 1353
f 1314 1353 1352
f 1315 1316 1354
f 1315 1354 1353
f 1316 1317 1355
f 1316 1355 1354
f 1317 1318 1356
f 1317 1356 1355
f 1318 1319 1357
f 1318 1357 1356
f 1319 1320 1358
f 1319 1358 1357
f 1320 1321 1359
f 1320 1359 1358
f 1321 1322 1360
f 1321 1360 1359
f 1322 1323 1361
f 1322 1361 1360
f 1323 1324 1362
f 1323 1362 1361
f 1324 1325 1363
f 1324 1363 1362
f 1325 1326 1364
f 1325 1364 1363
f 1326 1327 1365
f 1326 1365 1364
f 1327 1328 1366
f 1327 1366 1365
f 1328 1329 1367
f 1328 1367 1366
f 1329 1330 1368
f 1329 1368 1367
f 1330 1331 1369
f 1330 1369 1368
f 1332 1333 1371
f 1332 1371 1370
f 1333 1334 1372
f 1333 1372 1371
f 1334 1335 1373
f 1334 1373 1372
f 1335 1336 1374
f 1335 1374 1373
f 1336 1337 1375
f 1336 1375 1374
f 1337 1338 1376
f 1337 1376 1375
f 1338 1339 1377
f 1338 1377 1376
f 1339 1340 1378
f 1339 1378 1377
f 1340 1341 1379
f 1340 1379 1378
f 1341 1342 1380
f 1341 1380 1379
f 1342 1343 1381
f 1342 1381 1380
f 1343 1344 1382
f 1343 1382 1381
f 1344 1345 1383
f 1344 1383 1382
f 1345 1346 1384
f 1345 1384 1383
f 1346 1347 1385
f 1346 1385 1384
f 1347 1348 1386
f 1347 1386 1385
f 1348 1349 1387
f 1348 1387 1386
f 1349 1350 1388
f 1349 1388 1387
f 1350 1351 1389
f 1350 1389 1388
f 1351 1352 1390
f 1351 1390 1389
f 1352 1353 1391
f 1352 1391 1390
f 1353 1354 1392
f 1353 1392 1391
f 1354 1355 1393
f 1354 1393 1392
f 1355 1356 1394
f 1355 1394 1393
f 1356 1357 1395
f 1356 1395 1394
f 1357 1358 1396
f 1357 1396 1395
f 1358 1359 1397
f 1358 1397 1396
f 1359 1360 1398
f 1359 1398 1397
f 1360 1361 1399
f 1360 1399 1398
f 1361 1362 1400
f 1361 1400 1399
f 1362 1363 1401
f 1362 1401 1400
f 1363 1364 1402
f 1363 1402 1401
f 1364 1365 1403
f 1364 1403 1402
f 1365 1366 1404
f 1365 1404 1403
f 1366 1367 1405
f 1366 1405 1404
f 1367 1368 1406
f 1367 1406 1405
f 1368 1369 1407
f 1368 1407 1406
f 1370 1371 1409
f 1370 1409 1408
f 1371 1372 1410
f 1371 1410 1409
f 1372 1373 1411
f 1372 1411 1410
f 1373 1374 1412
f 1373 1412 1411
f 1374 1375 1413
f 1374 1413 1412
f 1375 1376 1414
f 1375 1414 1413
f 1376 1377 1415
f 1376 1415 1414
f 1377 1378 1416
f 1377 1416 1415
f 1378 1379 1417
f 1378 1417 1416
f 1379 1380 1418
f 1379 1418 1417
f 1380 1381 1419
f 1380 1419 1418
f 1381 1382 1420
f 1381 1420 1419
f 1382 1383 1421
f 1382 1421 1420
f 1383 1384 1422
f 1383 1422 1421
f 1384 1385 1423
f 1384 1423 1422
f 1385 1386 1424
f 1385 1424 1423
f 1386 1387 1425
f 1386 1425 1424
f 1387 1388 1426
f 1387 1426 1425
f 1388 1389 1427
f 1388 1427 1426
f 1389 1390 1428
f 1389 1428 1427
f 1390 1391 1429
f 1390 1429 1428
f 1391 1392 1430
f 1391 1430 1429
f 1392 1393 1431
f 1392 1431 1430
f 1393 1394 1432
f 1393 1432 1431
f 1394 1395 1433
f 1394 1433 1432
f 1395 1396 1434
f 1395 1434 1433
f 1396 1397 1435
f 1396 1435 1434
f 1397 1398 1436
f 1397 1436 1435
f 1398 1399 1437
f 1398 1437 1436
f 1399 1400 1438
f 1399 1438 1437
f 1400 1401 1439
f 1400 1439 1438
f 1401 1402 1440
f 1401 1440 1439
f 1402 1403 1441
f 1402 1441 1440
f 1403 1404 1442
f 1403 1442 1441
f 1404 1405 1443
f 1404 1443 1442
f 1405 1406 1444
f 1405 1444 1443
f 1406 1407 1445
f 1406 1445 1444
f 1408 1409 1447
f 1408 1447 1446
f 1409 1410 1448
f 1409 1448 1447
f 1410 1411 1449
f 1410 1449 1448
f 1411 1412 1450
f 1411 1450 1449
f 1412 1413 1451
f 1412 1451 1450
f 1413 1414 1452
f 1413 1452 1451
f 1414 1415 1453
f 1414 1453 1452
f 1415 1416 1454
f 1415 1454 1453
f 1416 1417 1455
f 1416 1455 1454
f 1417 1418 1456
f 1417 1456 1455
f 1418 1419 1457
f 1418 1457 1456
f 1419 1420 1458
f 1419 1458 1457
f 1420 1421 1459
f 1420 1459 1458
f 1421 1422 1460
f 1421 1460 1459
f 1422 1423 1461
f 1422 1461 1460
f 1423 1424 1462
f 1423 1462 1461
f 1424 1425 1463
f 1424 1463 1462
f 1425 1426 1464
f 1425 1464 1463
f 1426 1427 1465
f 1426 1465 1464
f 1427 1428 1466
f 1427 1466 1465
f 1428 1429 1467
f 1428 1467 1466
f 1429 1430 1468
f 1429 1468 1467
f 1430 1431 1469
f 1430 1469 1468
f 1431 1432 1470
f 1431 1470 1469
f 1432 1433 1471
f 1432 1471 1470
f 1433 1434 1472
f 1433 1472 1471
f 1434 1435 1473
f 1434 1473 1472
f 1435 1436 1474
f 1435 1474 1473
f 1436 1437 1475
f 1436 1475 1474
f 1437 1438 1476
f 1437 1476 1475
f 1438 1439 1477
f 1438 1477 1476
f 1439 1440 1478
f 1439 1478 1477
f 1440 1441 1479
f 1440 1479 1478
f 1441 1442 1480
f 1441 1480 1479
f 1442 1443 1481
f 1442 1481 1480
f 1443 1444 1482
f 1443 1482 1481
f 1444 1445 1483
f 1444 1483 1482
f 1446 1447 1485
f 1446 1485 1484
f 1447 1448 1486
f 1447 1486 1485
f 1448 1449 1487
f 1448 1487 1486
f 1449 1450 1488
f 1449 1488 1487
f 1450 1451 1489
f 1450 1489 1488
f 1451 1452 1490
f 1451 1490 1489
f 1452 1453 1491
f 1452 1491 1490
f 1453 1454 1492
f 1453 1492 1491
f 1454 1455 1493
f 1454 1493 1492
f 1455 1456 1494
f 1455 1494 1493
f 1456 1457 1495
f 1456 1495 1494
f 1457 1458 1496
f 1457 1496 1495
f 1458 1459 1497
f 1458 1497 1496
f 1459 1460 1498
f 1459 1498 1497
f 1460 1461 1499
f 1460 1499 1498
f 1461 1462 1500
f 1461 1500 1499
f 1462 1463 1501
f 1462 1501 1500
f 1463 1464 1502
f 1463 1502 1501
f 1464 1465 1503
f 1464 1503 1502
f 1465 1466 1504
f 1465 1504 1503
f 1466 1467 1505
f 1466 1505 1504
f 1467 1468 1506
f 1467 1506 1505
f 1468 1469 1507
f 1468 1507 1506
f 1469 1470 1508
f 1469 1508 1507
f 1470 1471 1509
f 1470 1509 1508
f 1471 1472 1510
f 1471 1510 1509
f 1472 1473 1511
f 1472 1511 1510
f 1473 1474 1512
f 1473 1512 1511
f 1474 1475 1513
f 1474 1513 1512
f 1475 1476 1514
f 1475 1514 1513
f 1476 1477 1515
f 1476 1515 1514
f 1477 1478 1516
f 1477 1516 1515
f 1478 1479 1517
f 1478 1517 1516
f 1479 1480 1518
f 1479 1518 1517
f 1480 1481 1519
f 1480 1519 1518
f 1481 1482 1520
f 1481 1520 1519
f 1482 1483 1521
f 1482 1521 1520
f 1484 1485 1523
f 1484 1523 1522
f 1485 1486 1524
f 1485 1524 1523
f 1486 1487 1525
f 1486 1525 1524
f 1487 1488 1526
f 1487 1526 1525
f 1488 1489 1527
f 1488 1527 1526
f 1489 1490 1528
f 1489 1528 1527
f 1490 1491 1529
f 1490 1529 1528
f 1491 1492 1530
f 1491 1530 1529
f 1492 1493 1531
f 1492 1531 1530
f 1493 1494 1532
f 1493 1532 1531
f 1494 1495 1533
f 1494 1533 1532
f 1495 1496 1534
f 1495 1534 1533
f 1496 1497 1535
f 1496 1535 1534
f 1497 1498 1536
f 1497 1536 1535
f 1498 1499 1537
f 1498 1537 1536
f 1499 1500 1538
f 1499 1538 1537
f 1500 1501 1539
f 1500 1539 1538
f 1501 1502 1540
f 1501 1540 1539
f 1502 1503 1541
f 1502 1541 1540
f 1503 1504 1542
f 1503 1542 1541
f 1504 1505 1543
f 1504 1543 1542
f 1505 1506 1544
f 1505 1544 1543
f 1506 1507 1545
f 1506 1545 1544
f 1507 1508 1546
f 1507 1546 1545
f 1508 1509 1547
f 1508 1547 1546
f 1509 1510 1548
f 1509 1548 1547
f 1510 1511 1549
f 1510 1549 1548
f 1511 1512 1550
f 1511 1550 1549
f 1512 1513 1551
f 1512 1551 1550
f 1513 1514 1552
f 1513 1552 1551
f 1514 1515 1553
f 1514 1553 1552
f 1515 1516 1554
f 1515 1554 1553
f 1516 1517 1555
f 1516 1555 1554
f 1517 1518 1556
f 1517 1556 1555
f 1518 1519 1557
f 1518 1557 1556
f 1519 1520 1558
f 1519 1558 1557
f 1520 1521 1559
f 1520 1559 1558
f 1522 1523 41
f 1522 41 40
f 1523 1524 42
f 1523 42 41
f 1524 1525 43
f 1524 43 42
f 1525 1526 44
f 1525 44 43
f 1526 1527 45
f 1526 45 44
f 1527 1528 46
f 1527 46 45
f 1528 1529 47
f 1528 47 46
f 1529 1530 48
f 1529 48 47
f 1530 1531 49
f 1530 49 48
f 1531 1532 50
f 1531 50 49
f 1532 1533 51
f 1532 51 50
f 1533 1534 52
f 1533 52 51
f 1534 1535 53
f 1534 53 52
f 1535 1536 54
f 1535 54 53
f 1536 1537 55
f 1536 55 54
f 1537 1538 56
f 1537 56 55
f 1538 1539 57
f 1538 57 56
f 1539 1540 58
f 1539 58 57
f 1540 1541 59
f 1540 59 58
f 1541 1542 60
f 1541 60 59
f 1542 1543 61
f 1542 61 60
f 1543 1544 62
f 1543 62 61
f 1544 1545 63
f 1544 63 62
f 1545 1546 64
f 1545 64 63
f 1546 1547 65
f 1546 65 64
f 1547 1548 66
f 1547 66 65
f 1548 1549 67
f 1548 67 66
f 1549 1550 68
f 1549 68 67
f 1550 1551 69
f 1550 69 68
f 1551 1552 70
f 1551 70 69
f 1552 1553 71
f 1552 71 70
f 1553 1554 72
f 1553 72 71
f 1554 1555 73
f 1554 73 72
f 1555 1556 74
f 1555 74 73
f 1556 1557 75
f 1556 75 74
f 1557 1558 76
f 1557 76 75
f 1558 1559 77
f 1558 77 76
