# Generated by Visualization Toolkit
v 20.1849 20.4854 21.0066
v 19.4359 20.5452 20.8171
v 19.2124 20.4121 20.1706
v 20.3491 20.9945 20.0334
v 20.5416 20.3771 19.2597
v 20.6021 19.7613 20.3854
v 20.8504 20.6855 19.6998
v 20.5664 19.5778 19.1145
v 20.1648 19.0465 20.0432
v 20.1362 19.5027 21.0086
v 20.7206 20.203 20.1041
v 20.6113 19.8487 20.9416
v 19.4143 20.1969 19.137
v 18.9072 19.9825 20.2975
v 20.0267 20.6032 20.1905
v 18.9858 20.2169 19.5444
v 19.5622 20.9298 19.5237
v 20.7015 20.4219 19.217
v 20.7983 20.7881 19.8428
v 20.4871 20.8445 20.4109
v 20.0093 19.1354 19.2682
v 19.3709 19.6051 19.2776
v 20.3248 20.2209 19.8783
v 19.2617 20.1743 19.1588
v 18.9921 19.4978 19.9062
v 19.4958 19.1481 19.4494
v 20.1253 20.0983 19.9787
v 19.1784 19.9138 19.225
v 19.9712 18.9712 19.527
v 20.1367 20.101 19.9829
v 19.4692 19.9042 20.2532
v 18.9501 19.6093 19.9744
v 19.5602 20.9327 19.5313
v 20.5668 20.7217 20.0876
v 20.0744 20.2482 18.9998
v 20.695 20.4228 19.2117
v 20.5185 20.8382 20.5583
v 20.3071 20.7765 19.9444
v 19.3733 20.2661 20.6637
v 19.6829 20.8893 19.584
v 19.2424 19.9331 19.1606
v 20.1599 20.3413 19.8125
v 19.1354 19.8862 20.4398
v 18.9236 20.0333 19.6488
v 20.329 20.772 19.9569
v 19.3203 20.466 19.2229
v 20.2825 20.0559 18.9045
v 19.5572 20.9228 19.5147
v 19.0858 20.3055 19.405
v 19.954 20.5304 20.3246
v 18.8875 19.9937 20.213
v 19.4841 20.8651 19.4817
v 20.4426 19.4358 19.9215
v 20.0301 20.2836 19.8178
v 19.3693 19.4781 19.2171
v 20.2225 19.1071 19.3395
v 20.3982 19.6526 19.9096
v 19.5262 19.2665 20.479
v 20.4921 20.0929 20.6633
v 20.0137 20.3791 20.8967
v 18.8837 20.0065 20.1922
v 20.0357 20.5473 20.3667
v 19.1788 20.6384 19.5513
v 19.1725 20.1816 20.7519
v 20.0843 18.9046 20.2757
v 21.0496 19.6161 19.8153
v 20.7061 19.3132 19.4408
v 20.7024 20.0028 20.5244
v 20.4872 19.902 20.2795
v 19.4349 19.2671 20.6532
v 19.9831 19.4789 20.7212
v 20.0093 18.9626 19.5453
v 19.2845 20.1455 19.6116
v 20.1069 20.5746 20.5002
v 19.3523 20.2744 20.8879
v 19.0758 19.8196 20.6296
v 20.3033 20.2854 19.888
v 19.2625 20.1666 19.1565
v 19.7453 19.5568 18.9891
v 20.0537 19.1662 19.309
v 20.4549 19.5728 20.9453
v 21.0026 19.5189 19.7847
v 20.1188 20.511 20.8332
v 20.3075 19.7001 19.8551
v 20.0252 20.2436 19.6949
v 20.8904 20.6049 20.3528
v 20.9075 19.6184 19.4398
v 20.1255 18.8837 20.1459
v 20.1173 19.0416 19.4076
v 20.4786 19.6384 20.4862
v 20.1022 18.8728 19.955
v 19.7495 19.2087 20.7699
v 20.593 20.0071 20.2212
v 20.1612 19.5669 21.0342
v 19.3778 20.2952 20.8843
v 20.3175 19.86 20.1244
v 19.9685 20.2759 20.8579
v 19.2174 19.3165 20.4511
v 20.041 20.2885 19.8866
v 18.9891 19.5692 19.725
v 19.1671 19.8997 19.2389
v 19.016 19.8332 20.5128
v 20.8519 20.6922 19.7203
v 21.0885 19.9367 20.307
v 20.5382 19.4943 19.7744
v 20.728 20.2019 20.8295
v 20.6013 19.7698 20.3697
v 20.5407 20.3857 19.2441
v 20.5642 19.6192 19.0946
v 20.2836 19.1302 19.332
v 18.9229 20.2645 20.2304
v 20.0573 20.845 20.0686
v 19.7442 20.8213 20.737
v 19.5222 20.8817 19.4733
v 19.4258 19.0647 19.7195
v 20.3374 19.8755 20.1216
v 19.2071 19.8272 20.7299
v 19.2345 19.2933 20.4291
v 20.0742 18.9799 19.5132
v 18.9959 19.536 19.9352
v 19.4934 19.1487 19.4507
v 20.1391 20.1192 19.9903
v 20.2657 20.473 19.7948
v 19.763 19.6457 18.9505
v 20.301 19.4023 19.0861
v 20.4747 19.4859 20.0078
v 19.2547 19.5166 20.6344
v 19.8345 18.937 19.6455
v 20.3737 19.9667 20.1923
v 19.4839 19.0531 20.3468
v 20.2595 19.7929 20.0703
v 19.4826 20.2481 20.8004
v 19.143 19.7732 20.7051
v 19.045 19.3931 19.9475
v 20.278 19.4769 19.0345
v 20.2741 20.4777 19.8397
v 20.4721 19.4777 19.988
v 20.4969 20.3441 19.042
v 20.4076 19.8126 20.6635
v 19.7559 19.214 20.7783
v 19.6066 20.4785 20.9484
v 19.148 19.5669 20.6081
v 21.096 20.0184 20.2856
v 20.6586 19.9293 19.0811
v 20.5268 19.4507 19.7764
v 19.2773 20.3884 19.5827
v 19.6726 20.7813 19.7816
v 20.4528 20.7123 19.9868
v 20.2607 20.0566 18.8991
v 20.0584 19.4628 19.7497
v 18.9982 19.781 20.4014
v 20.1905 20.0037 19.9785
v 20.1153 20.3537 20.6734
v 19.1429 19.7731 20.7049
v 19.4594 19.0547 19.6882
v 20.2595 19.7945 20.0736
v 19.0465 19.3921 19.9445
v 20.0777 19.046 19.541
v 20.0025 18.8718 20.1014
v 19.7488 19.2099 20.7719
v 20.5927 20.0064 20.221
v 20.7738 20.6548 20.2572
v 20.2738 20.4779 19.8406
v 20.4721 19.4783 19.9873
v 20.5515 20.8768 20.4584
v 19.9387 20.3541 19.4578
v 20.8986 20.6728 19.8484
v 20.0019 20.4389 20.738
v 20.1181 18.9795 19.5229
v 19.4974 19.1463 19.4507
v 19.1893 19.8172 19.2303
v 20.1392 20.1194 19.9904
v 19.4756 20.282 20.9637
v 20.233 20.377 21.0424
v 20.6941 20.0757 20.6131
v 19.9997 20.3877 20.8166
v 20.1811 20.098 20.1581
v 19.8056 20.0469 19.5934
v 18.9633 19.7609 20.3888
v 20.3151 19.7119 19.8615
v 20.5625 20.4936 20.8503
v 19.7584 20.2827 20.8673
v 19.2305 19.3039 20.4543
v 19.478 19.0533 19.6618
v 20.0467 18.9758 19.5183
v 20.3348 19.881 20.1422
v 20.469 20.1086 18.9747
v 19.2709 20.1453 19.1454
v 19.6744 19.6114 18.987
v 20.113 20.4261 19.8781
v 19.8862 20.2749 19.7695
v 19.1848 19.9897 20.0982
v 20.2078 20.7468 19.9242
v 19.9593 20.3742 21.0481
v 19.95903778076172 19.947662353515625 21.127071380615234
v 19.95903778076172 19.947662353515625 18.861572265625
v 20.050186157226562 19.947662353515625 21.123397827148438
v 20.140743255615234 19.947662353515625 21.112403869628906
v 20.23012351989746 19.947662353515625 21.09415626525879
v 20.3177433013916 19.947662353515625 21.068777084350586
v 20.403038024902344 19.947662353515625 21.036428451538086
v 20.48545265197754 19.947662353515625 20.99732208251953
v 20.564453125 19.947662353515625 20.951711654663086
v 20.639528274536133 19.947662353515625 20.899890899658203
v 20.710189819335938 19.947662353515625 20.84219741821289
v 20.77597999572754 19.947662353515625 20.77900505065918
v 20.836471557617188 19.947662353515625 20.710723876953125
v 20.891273498535156 19.947662353515625 20.63779640197754
v 20.940027236938477 19.947662353515625 20.560697555541992
v 20.982421875 19.947662353515625 20.479923248291016
v 21.018177032470703 19.947662353515625 20.395999908447266
v 21.04706382751465 19.947662353515625 20.309473037719727
v 21.06889533996582 19.947662353515625 20.220901489257812
v 21.083528518676758 19.947662353515625 20.130859375
v 21.090869903564453 19.947662353515625 20.039932250976562
v 21.090869903564453 19.947662353515625 19.948711395263672
v 21.083528518676758 19.947662353515625 19.857784271240234
v 21.06889533996582 19.947662353515625 19.767742156982422
v 21.04706382751465 19.947662353515625 19.679170608520508
v 21.018177032470703 19.947662353515625 19.59264373779297
v 20.982421875 19.947662353515625 19.50872039794922
v 20.940027236938477 19.947662353515625 19.427946090698242
v 20.891273498535156 19.947662353515625 19.350847244262695
v 20.836471557617188 19.947662353515625 19.27791976928711
v 20.77597999572754 19.947662353515625 19.209638595581055
v 20.710189819335938 19.947662353515625 19.146446228027344
v 20.639528274536133 19.947662353515625 19.08875274658203
v 20.564453125 19.947662353515625 19.03693199157715
v 20.48545265197754 19.947662353515625 18.991321563720703
v 20.403038024902344 19.947662353515625 18.95221519470215
v 20.3177433013916 19.947662353515625 18.91986656188965
v 20.23012351989746 19.947662353515625 18.894487380981445
v 20.140743255615234 19.947662353515625 18.876239776611328
v 20.050186157226562 19.947662353515625 18.865245819091797
v 20.04906463623047 19.96192169189453 21.123397827148438
v 20.138505935668945 19.97608757019043 21.112403869628906
v 20.22678565979004 19.990068435668945 21.09415626525879
v 20.31332778930664 20.00377655029297 21.068777084350586
v 20.397571563720703 20.017118453979492 21.036428451538086
v 20.478971481323242 20.030012130737305 20.99732208251953
v 20.5570011138916 20.042369842529297 20.951711654663086
v 20.63115119934082 20.054115295410156 20.899890899658203
v 20.700942993164062 20.065168380737305 20.84219741821289
v 20.76592254638672 20.07546043395996 20.77900505065918
v 20.825668334960938 20.084922790527344 20.710723876953125
v 20.87979507446289 20.093496322631836 20.63779640197754
v 20.927949905395508 20.101123809814453 20.560697555541992
v 20.96982192993164 20.107755661010742 20.479923248291016
v 21.005138397216797 20.11334800720215 20.395999908447266
v 21.033668518066406 20.11786651611328 20.309473037719727
v 21.05523109436035 20.12128257751465 20.220901489257812
v 21.069684982299805 20.123571395874023 20.130859375
v 21.076934814453125 20.124719619750977 20.039932250976562
v 21.076934814453125 20.124719619750977 19.948711395263672
v 21.069684982299805 20.123571395874023 19.857784271240234
v 21.05523109436035 20.12128257751465 19.767742156982422
v 21.033668518066406 20.11786651611328 19.679170608520508
v 21.005138397216797 20.11334800720215 19.59264373779297
v 20.96982192993164 20.107755661010742 19.50872039794922
v 20.927949905395508 20.101123809814453 19.427946090698242
v 20.87979507446289 20.093496322631836 19.350847244262695
v 20.825668334960938 20.084922790527344 19.27791976928711
v 20.76592254638672 20.07546043395996 19.209638595581055
v 20.700942993164062 20.065168380737305 19.146446228027344
v 20.63115119934082 20.054115295410156 19.08875274658203
v 20.5570011138916 20.042369842529297 19.03693199157715
v 20.478971481323242 20.030012130737305 18.991321563720703
v 20.397571563720703 20.017118453979492 18.95221519470215
v 20.31332778930664 20.00377655029297 18.91986656188965
v 20.22678565979004 19.990068435668945 18.894487380981445
v 20.138505935668945 19.97608757019043 18.876239776611328
v 20.04906463623047 19.96192169189453 18.865245819091797
v 20.045724868774414 19.975828170776367 21.123397827148438
v 20.131851196289062 20.003812789916992 21.112403869628906
v 20.216854095458984 20.03143310546875 21.09415626525879
v 20.300188064575195 20.058507919311523 21.068777084350586
v 20.38130760192871 20.08486557006836 21.036428451538086
v 20.459688186645508 20.110334396362305 20.99732208251953
v 20.534822463989258 20.134746551513672 20.951711654663086
v 20.60622215270996 20.15794563293457 20.899890899658203
v 20.673425674438477 20.179780960083008 20.84219741821289
v 20.73599624633789 20.200111389160156 20.77900505065918
v 20.793527603149414 20.21880340576172 20.710723876953125
v 20.845645904541016 20.23573875427246 20.63779640197754
v 20.89201545715332 20.250804901123047 20.560697555541992
v 20.93233299255371 20.263904571533203 20.479923248291016
v 20.966339111328125 20.274953842163086 20.395999908447266
v 20.993812561035156 20.28388023376465 20.309473037719727
v 21.014575958251953 20.290626525878906 20.220901489257812
v 21.028491973876953 20.295148849487305 20.130859375
v 21.035472869873047 20.29741668701172 20.039932250976562
v 21.035472869873047 20.29741668701172 19.948711395263672
v 21.028491973876953 20.295148849487305 19.857784271240234
v 21.014575958251953 20.290626525878906 19.767742156982422
v 20.993812561035156 20.28388023376465 19.679170608520508
v 20.966339111328125 20.274953842163086 19.59264373779297
v 20.93233299255371 20.263904571533203 19.50872039794922
v 20.89201545715332 20.250804901123047 19.427946090698242
v 20.845645904541016 20.23573875427246 19.350847244262695
v 20.793527603149414 20.21880340576172 19.27791976928711
v 20.73599624633789 20.200111389160156 19.209638595581055
v 20.673425674438477 20.179780960083008 19.146446228027344
v 20.60622215270996 20.15794563293457 19.08875274658203
v 20.534822463989258 20.134746551513672 19.03693199157715
v 20.459688186645508 20.110334396362305 18.991321563720703
v 20.38130760192871 20.08486557006836 18.95221519470215
v 20.300188064575195 20.058507919311523 18.91986656188965
v 20.216854095458984 20.03143310546875 18.894487380981445
v 20.131851196289062 20.003812789916992 18.876239776611328
v 20.045724868774414 19.975828170776367 18.865245819091797
v 20.040250778198242 19.989042282104492 21.123397827148438
v 20.120939254760742 20.030155181884766 21.112403869628906
v 20.200576782226562 20.07073211669922 21.09415626525879
v 20.27864646911621 20.110511779785156 21.068777084350586
v 20.354644775390625 20.149234771728516 21.036428451538086
v 20.428077697753906 20.186649322509766 20.99732208251953
v 20.49846839904785 20.222515106201172 20.951711654663086
v 20.565359115600586 20.25659942626953 20.899890899658203
v 20.628318786621094 20.288679122924805 20.84219741821289
v 20.686939239501953 20.318546295166016 20.77900505065918
v 20.74083709716797 20.34600830078125 20.710723876953125
v 20.78966522216797 20.370887756347656 20.63779640197754
v 20.833106994628906 20.393022537231445 20.560697555541992
v 20.870878219604492 20.412269592285156 20.479923248291016
v 20.902738571166992 20.42850112915039 20.395999908447266
v 20.928476333618164 20.44161605834961 20.309473037719727
v 20.947927474975586 20.451526641845703 20.220901489257812
v 20.960966110229492 20.45816993713379 20.130859375
v 20.967506408691406 20.461502075195312 20.039932250976562
v 20.967506408691406 20.461502075195312 19.948711395263672
v 20.960966110229492 20.45816993713379 19.857784271240234
v 20.947927474975586 20.451526641845703 19.767742156982422
v 20.928476333618164 20.44161605834961 19.679170608520508
v 20.902738571166992 20.42850112915039 19.59264373779297
v 20.870878219604492 20.412269592285156 19.50872039794922
v 20.833106994628906 20.393022537231445 19.427946090698242
v 20.78966522216797 20.370887756347656 19.350847244262695
v 20.74083709716797 20.34600830078125 19.27791976928711
v 20.686939239501953 20.318546295166016 19.209638595581055
v 20.628318786621094 20.288679122924805 19.146446228027344
v 20.565359115600586 20.25659942626953 19.08875274658203
v 20.49846839904785 20.222515106201172 19.03693199157715
v 20.428077697753906 20.186649322509766 18.991321563720703
v 20.354644775390625 20.149234771728516 18.95221519470215
v 20.27864646911621 20.110511779785156 18.91986656188965
v 20.200576782226562 20.07073211669922 18.894487380981445
v 20.120939254760742 20.030155181884766 18.876239776611328
v 20.040250778198242 19.989042282104492 18.865245819091797
v 20.032777786254883 20.001237869262695 21.123397827148438
v 20.106040954589844 20.054466247558594 21.112403869628906
v 20.1783504486084 20.10700225830078 21.09415626525879
v 20.249237060546875 20.158504486083984 21.068777084350586
v 20.318241119384766 20.20863914489746 21.036428451538086
v 20.384916305541992 20.257081985473633 20.99732208251953
v 20.448829650878906 20.303516387939453 20.951711654663086
v 20.509567260742188 20.347644805908203 20.899890899658203
v 20.56673240661621 20.389179229736328 20.84219741821289
v 20.619956970214844 20.42784881591797 20.77900505065918
v 20.668895721435547 20.46340560913086 20.710723876953125
v 20.713232040405273 20.495616912841797 20.63779640197754
v 20.752676010131836 20.524274826049805 20.560697555541992
v 20.786972045898438 20.549192428588867 20.479923248291016
v 20.815898895263672 20.570209503173828 20.395999908447266
v 20.839269638061523 20.587188720703125 20.309473037719727
v 20.856931686401367 20.600021362304688 20.220901489257812
v 20.868770599365234 20.60862159729004 20.130859375
v 20.87470817565918 20.61293601989746 20.039932250976562
v 20.87470817565918 20.61293601989746 19.948711395263672
v 20.868770599365234 20.60862159729004 19.857784271240234
v 20.856931686401367 20.600021362304688 19.767742156982422
v 20.839269638061523 20.587188720703125 19.679170608520508
v 20.815898895263672 20.570209503173828 19.59264373779297
v 20.786972045898438 20.549192428588867 19.50872039794922
v 20.752676010131836 20.524274826049805 19.427946090698242
v 20.713232040405273 20.495616912841797 19.350847244262695
v 20.668895721435547 20.46340560913086 19.27791976928711
v 20.619956970214844 20.42784881591797 19.209638595581055
v 20.56673240661621 20.389179229736328 19.146446228027344
v 20.509567260742188 20.347644805908203 19.08875274658203
v 20.448829650878906 20.303516387939453 19.03693199157715
v 20.384916305541992 20.257081985473633 18.991321563720703
v 20.318241119384766 20.20863914489746 18.95221519470215
v 20.249237060546875 20.158504486083984 18.91986656188965
v 20.1783504486084 20.10700225830078 18.894487380981445
v 20.106040954589844 20.054466247558594 18.876239776611328
v 20.032777786254883 20.001237869262695 18.865245819091797
v 20.023488998413086 20.012113571166992 21.123397827148438
v 20.087522506713867 20.076147079467773 21.112403869628906
v 20.150724411010742 20.13934898376465 21.09415626525879
v 20.21268081665039 20.201305389404297 21.068777084350586
v 20.272993087768555 20.26161766052246 21.036428451538086
v 20.331270217895508 20.319894790649414 20.99732208251953
v 20.387130737304688 20.375755310058594 20.951711654663086
v 20.440217971801758 20.428842544555664 20.899890899658203
v 20.490182876586914 20.47880744934082 20.84219741821289
v 20.53670310974121 20.525327682495117 20.77900505065918
v 20.579477310180664 20.56810188293457 20.710723876953125
v 20.618227005004883 20.60685157775879 20.63779640197754
v 20.65270233154297 20.641326904296875 20.560697555541992
v 20.68267822265625 20.671302795410156 20.479923248291016
v 20.707962036132812 20.69658660888672 20.395999908447266
v 20.728389739990234 20.71701431274414 20.309473037719727
v 20.743825912475586 20.732450485229492 20.220901489257812
v 20.754173278808594 20.7427978515625 20.130859375
v 20.759363174438477 20.747987747192383 20.039932250976562
v 20.759363174438477 20.747987747192383 19.948711395263672
v 20.754173278808594 20.7427978515625 19.857784271240234
v 20.743825912475586 20.732450485229492 19.767742156982422
v 20.728389739990234 20.71701431274414 19.679170608520508
v 20.707962036132812 20.69658660888672 19.59264373779297
v 20.68267822265625 20.671302795410156 19.50872039794922
v 20.65270233154297 20.641326904296875 19.427946090698242
v 20.618227005004883 20.60685157775879 19.350847244262695
v 20.579477310180664 20.56810188293457 19.27791976928711
v 20.53670310974121 20.525327682495117 19.209638595581055
v 20.490182876586914 20.47880744934082 19.146446228027344
v 20.440217971801758 20.428842544555664 19.08875274658203
v 20.387130737304688 20.375755310058594 19.03693199157715
v 20.331270217895508 20.319894790649414 18.991321563720703
v 20.272993087768555 20.26161766052246 18.95221519470215
v 20.21268081665039 20.201305389404297 18.91986656188965
v 20.150724411010742 20.13934898376465 18.894487380981445
v 20.087522506713867 20.076147079467773 18.876239776611328
v 20.023488998413086 20.012113571166992 18.865245819091797
v 20.01261329650879 20.02140235900879 21.123397827148438
v 20.065841674804688 20.09466552734375 21.112403869628906
v 20.118377685546875 20.166975021362305 21.09415626525879
v 20.169879913330078 20.23786163330078 21.068777084350586
v 20.220014572143555 20.306865692138672 21.036428451538086
v 20.268457412719727 20.3735408782959 20.99732208251953
v 20.314891815185547 20.437454223632812 20.951711654663086
v 20.359020233154297 20.498191833496094 20.899890899658203
v 20.400554656982422 20.555356979370117 20.84219741821289
v 20.439224243164062 20.60858154296875 20.77900505065918
v 20.474781036376953 20.657520294189453 20.710723876953125
v 20.50699234008789 20.70185661315918 20.63779640197754
v 20.5356502532959 20.741300582885742 20.560697555541992
v 20.56056785583496 20.775596618652344 20.479923248291016
v 20.581584930419922 20.804523468017578 20.395999908447266
v 20.59856414794922 20.82789421081543 20.309473037719727
v 20.61139678955078 20.845556259155273 20.220901489257812
v 20.619997024536133 20.85739517211914 20.130859375
v 20.624311447143555 20.863332748413086 20.039932250976562
v 20.624311447143555 20.863332748413086 19.948711395263672
v 20.619997024536133 20.85739517211914 19.857784271240234
v 20.61139678955078 20.845556259155273 19.767742156982422
v 20.59856414794922 20.82789421081543 19.679170608520508
v 20.581584930419922 20.804523468017578 19.59264373779297
v 20.56056785583496 20.775596618652344 19.50872039794922
v 20.5356502532959 20.741300582885742 19.427946090698242
v 20.50699234008789 20.70185661315918 19.350847244262695
v 20.474781036376953 20.657520294189453 19.27791976928711
v 20.439224243164062 20.60858154296875 19.209638595581055
v 20.400554656982422 20.555356979370117 19.146446228027344
v 20.359020233154297 20.498191833496094 19.08875274658203
v 20.314891815185547 20.437454223632812 19.03693199157715
v 20.268457412719727 20.3735408782959 18.991321563720703
v 20.220014572143555 20.306865692138672 18.95221519470215
v 20.169879913330078 20.23786163330078 18.91986656188965
v 20.118377685546875 20.166975021362305 18.894487380981445
v 20.065841674804688 20.09466552734375 18.876239776611328
v 20.01261329650879 20.02140235900879 18.865245819091797
v 20.000417709350586 20.02887535095215 21.123397827148438
v 20.04153060913086 20.10956382751465 21.112403869628906
v 20.082107543945312 20.18920135498047 21.09415626525879
v 20.12188720703125 20.267271041870117 21.068777084350586
v 20.16061019897461 20.34326934814453 21.036428451538086
v 20.19802474975586 20.416702270507812 20.99732208251953
v 20.233890533447266 20.487092971801758 20.951711654663086
v 20.267974853515625 20.553983688354492 20.899890899658203
v 20.3000545501709 20.616943359375 20.84219741821289
v 20.32992172241211 20.67556381225586 20.77900505065918
v 20.357383728027344 20.729461669921875 20.710723876953125
v 20.38226318359375 20.778289794921875 20.63779640197754
v 20.40439796447754 20.821731567382812 20.560697555541992
v 20.42364501953125 20.8595027923584 20.479923248291016
v 20.439876556396484 20.8913631439209 20.395999908447266
v 20.452991485595703 20.91710090637207 20.309473037719727
v 20.462902069091797 20.936552047729492 20.220901489257812
v 20.469545364379883 20.9495906829834 20.130859375
v 20.472877502441406 20.956130981445312 20.039932250976562
v 20.472877502441406 20.956130981445312 19.948711395263672
v 20.469545364379883 20.9495906829834 19.857784271240234
v 20.462902069091797 20.936552047729492 19.767742156982422
v 20.452991485595703 20.91710090637207 19.679170608520508
v 20.439876556396484 20.8913631439209 19.59264373779297
v 20.42364501953125 20.8595027923584 19.50872039794922
v 20.40439796447754 20.821731567382812 19.427946090698242
v 20.38226318359375 20.778289794921875 19.350847244262695
v 20.357383728027344 20.729461669921875 19.27791976928711
v 20.32992172241211 20.67556381225586 19.209638595581055
v 20.3000545501709 20.616943359375 19.146446228027344
v 20.267974853515625 20.553983688354492 19.08875274658203
v 20.233890533447266 20.487092971801758 19.03693199157715
v 20.19802474975586 20.416702270507812 18.991321563720703
v 20.16061019897461 20.34326934814453 18.95221519470215
v 20.12188720703125 20.267271041870117 18.91986656188965
v 20.082107543945312 20.18920135498047 18.894487380981445
v 20.04153060913086 20.10956382751465 18.876239776611328
v 20.000417709350586 20.02887535095215 18.865245819091797
v 19.98720359802246 20.03434944152832 21.123397827148438
v 20.015188217163086 20.12047576904297 21.112403869628906
v 20.042808532714844 20.20547866821289 21.09415626525879
v 20.069883346557617 20.2888126373291 21.068777084350586
v 20.096240997314453 20.369932174682617 21.036428451538086
v 20.1217098236084 20.448312759399414 20.99732208251953
v 20.146121978759766 20.523447036743164 20.951711654663086
v 20.169321060180664 20.594846725463867 20.899890899658203
v 20.1911563873291 20.662050247192383 20.84219741821289
v 20.21148681640625 20.724620819091797 20.77900505065918
v 20.230178833007812 20.78215217590332 20.710723876953125
v 20.247114181518555 20.834270477294922 20.63779640197754
v 20.26218032836914 20.880640029907227 20.560697555541992
v 20.275279998779297 20.920957565307617 20.479923248291016
v 20.28632926940918 20.95496368408203 20.395999908447266
v 20.295255661010742 20.982437133789062 20.309473037719727
v 20.302001953125 21.00320053100586 20.220901489257812
v 20.3065242767334 21.01711654663086 20.130859375
v 20.308792114257812 21.024097442626953 20.039932250976562
v 20.308792114257812 21.024097442626953 19.948711395263672
v 20.3065242767334 21.01711654663086 19.857784271240234
v 20.302001953125 21.00320053100586 19.767742156982422
v 20.295255661010742 20.982437133789062 19.679170608520508
v 20.28632926940918 20.95496368408203 19.59264373779297
v 20.275279998779297 20.920957565307617 19.50872039794922
v 20.26218032836914 20.880640029907227 19.427946090698242
v 20.247114181518555 20.834270477294922 19.350847244262695
v 20.230178833007812 20.78215217590332 19.27791976928711
v 20.21148681640625 20.724620819091797 19.209638595581055
v 20.1911563873291 20.662050247192383 19.146446228027344
v 20.169321060180664 20.594846725463867 19.08875274658203
v 20.146121978759766 20.523447036743164 19.03693199157715
v 20.1217098236084 20.448312759399414 18.991321563720703
v 20.096240997314453 20.369932174682617 18.95221519470215
v 20.069883346557617 20.2888126373291 18.91986656188965
v 20.042808532714844 20.20547866821289 18.894487380981445
v 20.015188217163086 20.12047576904297 18.876239776611328
v 19.98720359802246 20.03434944152832 18.865245819091797
v 19.973297119140625 20.037689208984375 21.123397827148438
v 19.987462997436523 20.12713050842285 21.112403869628906
v 20.00144386291504 20.215410232543945 21.09415626525879
v 20.015151977539062 20.301952362060547 21.068777084350586
v 20.028493881225586 20.38619613647461 21.036428451538086
v 20.0413875579834 20.46759605407715 20.99732208251953
v 20.05374526977539 20.545625686645508 20.951711654663086
v 20.06549072265625 20.619775772094727 20.899890899658203
v 20.0765438079834 20.68956756591797 20.84219741821289
v 20.086835861206055 20.754547119140625 20.77900505065918
v 20.096298217773438 20.814292907714844 20.710723876953125
v 20.10487174987793 20.868419647216797 20.63779640197754
v 20.112499237060547 20.916574478149414 20.560697555541992
v 20.119131088256836 20.958446502685547 20.479923248291016
v 20.124723434448242 20.993762969970703 20.395999908447266
v 20.129241943359375 21.022293090820312 20.309473037719727
v 20.132658004760742 21.043855667114258 20.220901489257812
v 20.134946823120117 21.05830955505371 20.130859375
v 20.13609504699707 21.06555938720703 20.039932250976562
v 20.13609504699707 21.06555938720703 19.948711395263672
v 20.134946823120117 21.05830955505371 19.857784271240234
v 20.132658004760742 21.043855667114258 19.767742156982422
v 20.129241943359375 21.022293090820312 19.679170608520508
v 20.124723434448242 20.993762969970703 19.59264373779297
v 20.119131088256836 20.958446502685547 19.50872039794922
v 20.112499237060547 20.916574478149414 19.427946090698242
v 20.10487174987793 20.868419647216797 19.350847244262695
v 20.096298217773438 20.814292907714844 19.27791976928711
v 20.086835861206055 20.754547119140625 19.209638595581055
v 20.0765438079834 20.68956756591797 19.146446228027344
v 20.06549072265625 20.619775772094727 19.08875274658203
v 20.05374526977539 20.545625686645508 19.03693199157715
v 20.0413875579834 20.46759605407715 18.991321563720703
v 20.028493881225586 20.38619613647461 18.95221519470215
v 20.015151977539062 20.301952362060547 18.91986656188965
v 20.00144386291504 20.215410232543945 18.894487380981445
v 19.987462997436523 20.12713050842285 18.876239776611328
v 19.973297119140625 20.037689208984375 18.865245819091797
v 19.95903778076172 20.03881072998047 21.123397827148438
v 19.95903778076172 20.12936782836914 21.112403869628906
v 19.95903778076172 20.218748092651367 21.09415626525879
v 19.95903778076172 20.306367874145508 21.068777084350586
v 19.95903778076172 20.39166259765625 21.036428451538086
v 19.95903778076172 20.474077224731445 20.99732208251953
v 19.95903778076172 20.553077697753906 20.951711654663086
v 19.95903778076172 20.62815284729004 20.899890899658203
v 19.95903778076172 20.698814392089844 20.84219741821289
v 19.95903778076172 20.764604568481445 20.77900505065918
v 19.95903778076172 20.825096130371094 20.710723876953125
v 19.95903778076172 20.879898071289062 20.63779640197754
v 19.95903778076172 20.928651809692383 20.560697555541992
v 19.95903778076172 20.971046447753906 20.479923248291016
v 19.95903778076172 21.00680160522461 20.395999908447266
v 19.95903778076172 21.035688400268555 20.309473037719727
v 19.95903778076172 21.057519912719727 20.220901489257812
v 19.95903778076172 21.072153091430664 20.130859375
v 19.95903778076172 21.07949447631836 20.039932250976562
v 19.95903778076172 21.07949447631836 19.948711395263672
v 19.95903778076172 21.072153091430664 19.857784271240234
v 19.95903778076172 21.057519912719727 19.767742156982422
v 19.95903778076172 21.035688400268555 19.679170608520508
v 19.95903778076172 21.00680160522461 19.59264373779297
v 19.95903778076172 20.971046447753906 19.50872039794922
v 19.95903778076172 20.928651809692383 19.427946090698242
v 19.95903778076172 20.879898071289062 19.350847244262695
v 19.95903778076172 20.825096130371094 19.27791976928711
v 19.95903778076172 20.764604568481445 19.209638595581055
v 19.95903778076172 20.698814392089844 19.146446228027344
v 19.95903778076172 20.62815284729004 19.08875274658203
v 19.95903778076172 20.553077697753906 19.03693199157715
v 19.95903778076172 20.474077224731445 18.991321563720703
v 19.95903778076172 20.39166259765625 18.95221519470215
v 19.95903778076172 20.306367874145508 18.91986656188965
v 19.95903778076172 20.218748092651367 18.894487380981445
v 19.95903778076172 20.12936782836914 18.876239776611328
v 19.95903778076172 20.03881072998047 18.865245819091797
v 19.944778442382812 20.037689208984375 21.123397827148438
v 19.930612564086914 20.12713050842285 21.112403869628906
v 19.9166316986084 20.215410232543945 21.09415626525879
v 19.902923583984375 20.301952362060547 21.068777084350586
v 19.88958168029785 20.38619613647461 21.036428451538086
v 19.87668800354004 20.46759605407715 20.99732208251953
v 19.864330291748047 20.545625686645508 20.951711654663086
v 19.852584838867188 20.619775772094727 20.899890899658203
v 19.84153175354004 20.68956756591797 20.84219741821289
v 19.831239700317383 20.754547119140625 20.77900505065918
v 19.82177734375 20.814292907714844 20.710723876953125
v 19.813203811645508 20.868419647216797 20.63779640197754
v 19.80557632446289 20.916574478149414 20.560697555541992
v 19.7989444732666 20.958446502685547 20.479923248291016
v 19.793352127075195 20.993762969970703 20.395999908447266
v 19.788833618164062 21.022293090820312 20.309473037719727
v 19.785417556762695 21.043855667114258 20.220901489257812
v 19.78312873840332 21.05830955505371 20.130859375
v 19.781980514526367 21.06555938720703 20.039932250976562
v 19.781980514526367 21.06555938720703 19.948711395263672
v 19.78312873840332 21.05830955505371 19.857784271240234
v 19.785417556762695 21.043855667114258 19.767742156982422
v 19.788833618164062 21.022293090820312 19.679170608520508
v 19.793352127075195 20.993762969970703 19.59264373779297
v 19.7989444732666 20.958446502685547 19.50872039794922
v 19.80557632446289 20.916574478149414 19.427946090698242
v 19.813203811645508 20.868419647216797 19.350847244262695
v 19.82177734375 20.814292907714844 19.27791976928711
v 19.831239700317383 20.754547119140625 19.209638595581055
v 19.84153175354004 20.68956756591797 19.146446228027344
v 19.852584838867188 20.619775772094727 19.08875274658203
v 19.864330291748047 20.545625686645508 19.03693199157715
v 19.87668800354004 20.46759605407715 18.991321563720703
v 19.88958168029785 20.38619613647461 18.95221519470215
v 19.902923583984375 20.301952362060547 18.91986656188965
v 19.9166316986084 20.215410232543945 18.894487380981445
v 19.930612564086914 20.12713050842285 18.876239776611328
v 19.944778442382812 20.037689208984375 18.865245819091797
v 19.930871963500977 20.03434944152832 21.123397827148438
v 19.90288734436035 20.12047576904297 21.112403869628906
v 19.875267028808594 20.20547866821289 21.09415626525879
v 19.84819221496582 20.2888126373291 21.068777084350586
v 19.821834564208984 20.369932174682617 21.036428451538086
v 19.79636573791504 20.448312759399414 20.99732208251953
v 19.771953582763672 20.523447036743164 20.951711654663086
v 19.748754501342773 20.594846725463867 20.899890899658203
v 19.726919174194336 20.662050247192383 20.84219741821289
v 19.706588745117188 20.724620819091797 20.77900505065918
v 19.687896728515625 20.78215217590332 20.710723876953125
v 19.670961380004883 20.834270477294922 20.63779640197754
v 19.655895233154297 20.880640029907227 20.560697555541992
v 19.64279556274414 20.920957565307617 20.479923248291016
v 19.631746292114258 20.95496368408203 20.395999908447266
v 19.622819900512695 20.982437133789062 20.309473037719727
v 19.616073608398438 21.00320053100586 20.220901489257812
v 19.61155128479004 21.01711654663086 20.130859375
v 19.609283447265625 21.024097442626953 20.039932250976562
v 19.609283447265625 21.024097442626953 19.948711395263672
v 19.61155128479004 21.01711654663086 19.857784271240234
v 19.616073608398438 21.00320053100586 19.767742156982422
v 19.622819900512695 20.982437133789062 19.679170608520508
v 19.631746292114258 20.95496368408203 19.59264373779297
v 19.64279556274414 20.920957565307617 19.50872039794922
v 19.655895233154297 20.880640029907227 19.427946090698242
v 19.670961380004883 20.834270477294922 19.350847244262695
v 19.687896728515625 20.78215217590332 19.27791976928711
v 19.706588745117188 20.724620819091797 19.209638595581055
v 19.726919174194336 20.662050247192383 19.146446228027344
v 19.748754501342773 20.594846725463867 19.08875274658203
v 19.771953582763672 20.523447036743164 19.03693199157715
v 19.79636573791504 20.448312759399414 18.991321563720703
v 19.821834564208984 20.369932174682617 18.95221519470215
v 19.84819221496582 20.2888126373291 18.91986656188965
v 19.875267028808594 20.20547866821289 18.894487380981445
v 19.90288734436035 20.12047576904297 18.876239776611328
v 19.930871963500977 20.03434944152832 18.865245819091797
v 19.91765785217285 20.02887535095215 21.123397827148438
v 19.876544952392578 20.10956382751465 21.112403869628906
v 19.835968017578125 20.18920135498047 21.09415626525879
v 19.796188354492188 20.267271041870117 21.068777084350586
v 19.757465362548828 20.34326934814453 21.036428451538086
v 19.720050811767578 20.416702270507812 20.99732208251953
v 19.684185028076172 20.487092971801758 20.951711654663086
v 19.650100708007812 20.553983688354492 20.899890899658203
v 19.61802101135254 20.616943359375 20.84219741821289
v 19.588153839111328 20.67556381225586 20.77900505065918
v 19.560691833496094 20.729461669921875 20.710723876953125
v 19.535812377929688 20.778289794921875 20.63779640197754
v 19.5136775970459 20.821731567382812 20.560697555541992
v 19.494430541992188 20.8595027923584 20.479923248291016
v 19.478199005126953 20.8913631439209 20.395999908447266
v 19.465084075927734 20.91710090637207 20.309473037719727
v 19.45517349243164 20.936552047729492 20.220901489257812
v 19.448530197143555 20.9495906829834 20.130859375
v 19.44519805908203 20.956130981445312 20.039932250976562
v 19.44519805908203 20.956130981445312 19.948711395263672
v 19.448530197143555 20.9495906829834 19.857784271240234
v 19.45517349243164 20.936552047729492 19.767742156982422
v 19.465084075927734 20.91710090637207 19.679170608520508
v 19.478199005126953 20.8913631439209 19.59264373779297
v 19.494430541992188 20.8595027923584 19.50872039794922
v 19.5136775970459 20.821731567382812 19.427946090698242
v 19.535812377929688 20.778289794921875 19.350847244262695
v 19.560691833496094 20.729461669921875 19.27791976928711
v 19.588153839111328 20.67556381225586 19.209638595581055
v 19.61802101135254 20.616943359375 19.146446228027344
v 19.650100708007812 20.553983688354492 19.08875274658203
v 19.684185028076172 20.487092971801758 19.03693199157715
v 19.720050811767578 20.416702270507812 18.991321563720703
v 19.757465362548828 20.34326934814453 18.95221519470215
v 19.796188354492188 20.267271041870117 18.91986656188965
v 19.835968017578125 20.18920135498047 18.894487380981445
v 19.876544952392578 20.10956382751465 18.876239776611328
v 19.91765785217285 20.02887535095215 18.865245819091797
v 19.90546226501465 20.02140235900879 21.123397827148438
v 19.85223388671875 20.09466552734375 21.112403869628906
v 19.799697875976562 20.166975021362305 21.09415626525879
v 19.74819564819336 20.23786163330078 21.068777084350586
v 19.698060989379883 20.306865692138672 21.036428451538086
v 19.64961814880371 20.3735408782959 20.99732208251953
v 19.60318374633789 20.437454223632812 20.951711654663086
v 19.55905532836914 20.498191833496094 20.899890899658203
v 19.517520904541016 20.555356979370117 20.84219741821289
v 19.478851318359375 20.60858154296875 20.77900505065918
v 19.443294525146484 20.657520294189453 20.710723876953125
v 19.411083221435547 20.70185661315918 20.63779640197754
v 19.38242530822754 20.741300582885742 20.560697555541992
v 19.357507705688477 20.775596618652344 20.479923248291016
v 19.336490631103516 20.804523468017578 20.395999908447266
v 19.31951141357422 20.82789421081543 20.309473037719727
v 19.306678771972656 20.845556259155273 20.220901489257812
v 19.298078536987305 20.85739517211914 20.130859375
v 19.293764114379883 20.863332748413086 20.039932250976562
v 19.293764114379883 20.863332748413086 19.948711395263672
v 19.298078536987305 20.85739517211914 19.857784271240234
v 19.306678771972656 20.845556259155273 19.767742156982422
v 19.31951141357422 20.82789421081543 19.679170608520508
v 19.336490631103516 20.804523468017578 19.59264373779297
v 19.357507705688477 20.775596618652344 19.50872039794922
v 19.38242530822754 20.741300582885742 19.427946090698242
v 19.411083221435547 20.70185661315918 19.350847244262695
v 19.443294525146484 20.657520294189453 19.27791976928711
v 19.478851318359375 20.60858154296875 19.209638595581055
v 19.517520904541016 20.555356979370117 19.146446228027344
v 19.55905532836914 20.498191833496094 19.08875274658203
v 19.60318374633789 20.437454223632812 19.03693199157715
v 19.64961814880371 20.3735408782959 18.991321563720703
v 19.698060989379883 20.306865692138672 18.95221519470215
v 19.74819564819336 20.23786163330078 18.91986656188965
v 19.799697875976562 20.166975021362305 18.894487380981445
v 19.85223388671875 20.09466552734375 18.876239776611328
v 19.90546226501465 20.02140235900879 18.865245819091797
v 19.89458656311035 20.012113571166992 21.123397827148438
v 19.83055305480957 20.076147079467773 21.112403869628906
v 19.767351150512695 20.13934898376465 21.09415626525879
v 19.705394744873047 20.201305389404297 21.068777084350586
v 19.645082473754883 20.26161766052246 21.036428451538086
v 19.58680534362793 20.319894790649414 20.99732208251953
v 19.53094482421875 20.375755310058594 20.951711654663086
v 19.47785758972168 20.428842544555664 20.899890899658203
v 19.427892684936523 20.47880744934082 20.84219741821289
v 19.381372451782227 20.525327682495117 20.77900505065918
v 19.338598251342773 20.56810188293457 20.710723876953125
v 19.299848556518555 20.60685157775879 20.63779640197754
v 19.26537322998047 20.641326904296875 20.560697555541992
v 19.235397338867188 20.671302795410156 20.479923248291016
v 19.210113525390625 20.69658660888672 20.395999908447266
v 19.189685821533203 20.71701431274414 20.309473037719727
v 19.17424964904785 20.732450485229492 20.220901489257812
v 19.163902282714844 20.7427978515625 20.130859375
v 19.15871238708496 20.747987747192383 20.039932250976562
v 19.15871238708496 20.747987747192383 19.948711395263672
v 19.163902282714844 20.7427978515625 19.857784271240234
v 19.17424964904785 20.732450485229492 19.767742156982422
v 19.189685821533203 20.71701431274414 19.679170608520508
v 19.210113525390625 20.69658660888672 19.59264373779297
v 19.235397338867188 20.671302795410156 19.50872039794922
v 19.26537322998047 20.641326904296875 19.427946090698242
v 19.299848556518555 20.60685157775879 19.350847244262695
v 19.338598251342773 20.56810188293457 19.27791976928711
v 19.381372451782227 20.525327682495117 19.209638595581055
v 19.427892684936523 20.47880744934082 19.146446228027344
v 19.47785758972168 20.428842544555664 19.08875274658203
v 19.53094482421875 20.375755310058594 19.03693199157715
v 19.58680534362793 20.319894790649414 18.991321563720703
v 19.645082473754883 20.26161766052246 18.95221519470215
v 19.705394744873047 20.201305389404297 18.91986656188965
v 19.767351150512695 20.13934898376465 18.894487380981445
v 19.83055305480957 20.076147079467773 18.876239776611328
v 19.89458656311035 20.012113571166992 18.865245819091797
v 19.885297775268555 20.001237869262695 21.123397827148438
v 19.812034606933594 20.054466247558594 21.112403869628906
v 19.73972511291504 20.10700225830078 21.09415626525879
v 19.668838500976562 20.158504486083984 21.068777084350586
v 19.599834442138672 20.20863914489746 21.036428451538086
v 19.533159255981445 20.257081985473633 20.99732208251953
v 19.46924591064453 20.303516387939453 20.951711654663086
v 19.40850830078125 20.347644805908203 20.899890899658203
v 19.351343154907227 20.389179229736328 20.84219741821289
v 19.298118591308594 20.42784881591797 20.77900505065918
v 19.24917984008789 20.46340560913086 20.710723876953125
v 19.204843521118164 20.495616912841797 20.63779640197754
v 19.1653995513916 20.524274826049805 20.560697555541992
v 19.131103515625 20.549192428588867 20.479923248291016
v 19.102176666259766 20.570209503173828 20.395999908447266
v 19.078805923461914 20.587188720703125 20.309473037719727
v 19.06114387512207 20.600021362304688 20.220901489257812
v 19.049304962158203 20.60862159729004 20.130859375
v 19.043367385864258 20.61293601989746 20.039932250976562
v 19.043367385864258 20.61293601989746 19.948711395263672
v 19.049304962158203 20.60862159729004 19.857784271240234
v 19.06114387512207 20.600021362304688 19.767742156982422
v 19.078805923461914 20.587188720703125 19.679170608520508
v 19.102176666259766 20.570209503173828 19.59264373779297
v 19.131103515625 20.549192428588867 19.50872039794922
v 19.1653995513916 20.524274826049805 19.427946090698242
v 19.204843521118164 20.495616912841797 19.350847244262695
v 19.24917984008789 20.46340560913086 19.27791976928711
v 19.298118591308594 20.42784881591797 19.209638595581055
v 19.351343154907227 20.389179229736328 19.146446228027344
v 19.40850830078125 20.347644805908203 19.08875274658203
v 19.46924591064453 20.303516387939453 19.03693199157715
v 19.533159255981445 20.257081985473633 18.991321563720703
v 19.599834442138672 20.20863914489746 18.95221519470215
v 19.668838500976562 20.158504486083984 18.91986656188965
v 19.73972511291504 20.10700225830078 18.894487380981445
v 19.812034606933594 20.054466247558594 18.876239776611328
v 19.885297775268555 20.001237869262695 18.865245819091797
v 19.877824783325195 19.989042282104492 21.123397827148438
v 19.797136306762695 20.030155181884766 21.112403869628906
v 19.717498779296875 20.07073211669922 21.09415626525879
v 19.639429092407227 20.110511779785156 21.068777084350586
v 19.563430786132812 20.149234771728516 21.036428451538086
v 19.48999786376953 20.186649322509766 20.99732208251953
v 19.419607162475586 20.222515106201172 20.951711654663086
v 19.35271644592285 20.25659942626953 20.899890899658203
v 19.289756774902344 20.288679122924805 20.84219741821289
v 19.231136322021484 20.318546295166016 20.77900505065918
v 19.17723846435547 20.34600830078125 20.710723876953125
v 19.12841033935547 20.370887756347656 20.63779640197754
v 19.08496856689453 20.393022537231445 20.560697555541992
v 19.047197341918945 20.412269592285156 20.479923248291016
v 19.015336990356445 20.42850112915039 20.395999908447266
v 18.989599227905273 20.44161605834961 20.309473037719727
v 18.97014808654785 20.451526641845703 20.220901489257812
v 18.957109451293945 20.45816993713379 20.130859375
v 18.95056915283203 20.461502075195312 20.039932250976562
v 18.95056915283203 20.461502075195312 19.948711395263672
v 18.957109451293945 20.45816993713379 19.857784271240234
v 18.97014808654785 20.451526641845703 19.767742156982422
v 18.989599227905273 20.44161605834961 19.679170608520508
v 19.015336990356445 20.42850112915039 19.59264373779297
v 19.047197341918945 20.412269592285156 19.50872039794922
v 19.08496856689453 20.393022537231445 19.427946090698242
v 19.12841033935547 20.370887756347656 19.350847244262695
v 19.17723846435547 20.34600830078125 19.27791976928711
v 19.231136322021484 20.318546295166016 19.209638595581055
v 19.289756774902344 20.288679122924805 19.146446228027344
v 19.35271644592285 20.25659942626953 19.08875274658203
v 19.419607162475586 20.222515106201172 19.03693199157715
v 19.48999786376953 20.186649322509766 18.991321563720703
v 19.563430786132812 20.149234771728516 18.95221519470215
v 19.639429092407227 20.110511779785156 18.91986656188965
v 19.717498779296875 20.07073211669922 18.894487380981445
v 19.797136306762695 20.030155181884766 18.876239776611328
v 19.877824783325195 19.989042282104492 18.865245819091797
v 19.872350692749023 19.975828170776367 21.123397827148438
v 19.786224365234375 20.003812789916992 21.112403869628906
v 19.701221466064453 20.03143310546875 21.09415626525879
v 19.617887496948242 20.058507919311523 21.068777084350586
v 19.536767959594727 20.08486557006836 21.036428451538086
v 19.45838737487793 20.110334396362305 20.99732208251953
v 19.38325309753418 20.134746551513672 20.951711654663086
v 19.311853408813477 20.15794563293457 20.899890899658203
v 19.24464988708496 20.179780960083008 20.84219741821289
v 19.182079315185547 20.200111389160156 20.77900505065918
v 19.124547958374023 20.21880340576172 20.710723876953125
v 19.072429656982422 20.23573875427246 20.63779640197754
v 19.026060104370117 20.250804901123047 20.560697555541992
v 18.985742568969727 20.263904571533203 20.479923248291016
v 18.951736450195312 20.274953842163086 20.395999908447266
v 18.92426300048828 20.28388023376465 20.309473037719727
v 18.903499603271484 20.290626525878906 20.220901489257812
v 18.889583587646484 20.295148849487305 20.130859375
v 18.88260269165039 20.29741668701172 20.039932250976562
v 18.88260269165039 20.29741668701172 19.948711395263672
v 18.889583587646484 20.295148849487305 19.857784271240234
v 18.903499603271484 20.290626525878906 19.767742156982422
v 18.92426300048828 20.28388023376465 19.679170608520508
v 18.951736450195312 20.274953842163086 19.59264373779297
v 18.985742568969727 20.263904571533203 19.50872039794922
v 19.026060104370117 20.250804901123047 19.427946090698242
v 19.072429656982422 20.23573875427246 19.350847244262695
v 19.124547958374023 20.21880340576172 19.27791976928711
v 19.182079315185547 20.200111389160156 19.209638595581055
v 19.24464988708496 20.179780960083008 19.146446228027344
v 19.311853408813477 20.15794563293457 19.08875274658203
v 19.38325309753418 20.134746551513672 19.03693199157715
v 19.45838737487793 20.110334396362305 18.991321563720703
v 19.536767959594727 20.08486557006836 18.95221519470215
v 19.617887496948242 20.058507919311523 18.91986656188965
v 19.701221466064453 20.03143310546875 18.894487380981445
v 19.786224365234375 20.003812789916992 18.876239776611328
v 19.872350692749023 19.975828170776367 18.865245819091797
v 19.86901092529297 19.96192169189453 21.123397827148438
v 19.779569625854492 19.97608757019043 21.112403869628906
v 19.6912899017334 19.990068435668945 21.09415626525879
v 19.604747772216797 20.00377655029297 21.068777084350586
v 19.520503997802734 20.017118453979492 21.036428451538086
v 19.439104080200195 20.030012130737305 20.99732208251953
v 19.361074447631836 20.042369842529297 20.951711654663086
v 19.286924362182617 20.054115295410156 20.899890899658203
v 19.217132568359375 20.065168380737305 20.84219741821289
v 19.15215301513672 20.07546043395996 20.77900505065918
v 19.0924072265625 20.084922790527344 20.710723876953125
v 19.038280487060547 20.093496322631836 20.63779640197754
v 18.99012565612793 20.101123809814453 20.560697555541992
v 18.948253631591797 20.107755661010742 20.479923248291016
v 18.91293716430664 20.11334800720215 20.395999908447266
v 18.88440704345703 20.11786651611328 20.309473037719727
v 18.862844467163086 20.12128257751465 20.220901489257812
v 18.848390579223633 20.123571395874023 20.130859375
v 18.841140747070312 20.124719619750977 20.039932250976562
v 18.841140747070312 20.124719619750977 19.948711395263672
v 18.848390579223633 20.123571395874023 19.857784271240234
v 18.862844467163086 20.12128257751465 19.767742156982422
v 18.88440704345703 20.11786651611328 19.679170608520508
v 18.91293716430664 20.11334800720215 19.59264373779297
v 18.948253631591797 20.107755661010742 19.50872039794922
v 18.99012565612793 20.101123809814453 19.427946090698242
v 19.038280487060547 20.093496322631836 19.350847244262695
v 19.0924072265625 20.084922790527344 19.27791976928711
v 19.15215301513672 20.07546043395996 19.209638595581055
v 19.217132568359375 20.065168380737305 19.146446228027344
v 19.286924362182617 20.054115295410156 19.08875274658203
v 19.361074447631836 20.042369842529297 19.03693199157715
v 19.439104080200195 20.030012130737305 18.991321563720703
v 19.520503997802734 20.017118453979492 18.95221519470215
v 19.604747772216797 20.00377655029297 18.91986656188965
v 19.6912899017334 19.990068435668945 18.894487380981445
v 19.779569625854492 19.97608757019043 18.876239776611328
v 19.86901092529297 19.96192169189453 18.865245819091797
v 19.867889404296875 19.947662353515625 21.123397827148438
v 19.777332305908203 19.947662353515625 21.112403869628906
v 19.687952041625977 19.947662353515625 21.09415626525879
v 19.600332260131836 19.947662353515625 21.068777084350586
v 19.515037536621094 19.947662353515625 21.036428451538086
v 19.4326229095459 19.947662353515625 20.99732208251953
v 19.353622436523438 19.947662353515625 20.951711654663086
v 19.278547286987305 19.947662353515625 20.899890899658203
v 19.2078857421875 19.947662353515625 20.84219741821289
v 19.1420955657959 19.947662353515625 20.77900505065918
v 19.08160400390625 19.947662353515625 20.710723876953125
v 19.02680206298828 19.947662353515625 20.63779640197754
v 18.97804832458496 19.947662353515625 20.560697555541992
v 18.935653686523438 19.947662353515625 20.479923248291016
v 18.899898529052734 19.947662353515625 20.395999908447266
v 18.87101173400879 19.947662353515625 20.309473037719727
v 18.849180221557617 19.947662353515625 20.220901489257812
v 18.83454704284668 19.947662353515625 20.130859375
v 18.827205657958984 19.947662353515625 20.039932250976562
v 18.827205657958984 19.947662353515625 19.948711395263672
v 18.83454704284668 19.947662353515625 19.857784271240234
v 18.849180221557617 19.947662353515625 19.767742156982422
v 18.87101173400879 19.947662353515625 19.679170608520508
v 18.899898529052734 19.947662353515625 19.59264373779297
v 18.935653686523438 19.947662353515625 19.50872039794922
v 18.97804832458496 19.947662353515625 19.427946090698242
v 19.02680206298828 19.947662353515625 19.350847244262695
v 19.08160400390625 19.947662353515625 19.27791976928711
v 19.1420955657959 19.947662353515625 19.209638595581055
v 19.2078857421875 19.947662353515625 19.146446228027344
v 19.278547286987305 19.947662353515625 19.08875274658203
v 19.353622436523438 19.947662353515625 19.03693199157715
v 19.4326229095459 19.947662353515625 18.991321563720703
v 19.515037536621094 19.947662353515625 18.95221519470215
v 19.600332260131836 19.947662353515625 18.91986656188965
v 19.687952041625977 19.947662353515625 18.894487380981445
v 19.777332305908203 19.947662353515625 18.876239776611328
v 19.867889404296875 19.947662353515625 18.865245819091797
v 19.86901092529297 19.93340301513672 21.123397827148438
v 19.779569625854492 19.91923713684082 21.112403869628906
v 19.6912899017334 19.905256271362305 21.09415626525879
v 19.604747772216797 19.89154815673828 21.068777084350586
v 19.520503997802734 19.878206253051758 21.036428451538086
v 19.439104080200195 19.865312576293945 20.99732208251953
v 19.361074447631836 19.852954864501953 20.951711654663086
v 19.286924362182617 19.841209411621094 20.899890899658203
v 19.217132568359375 19.830156326293945 20.84219741821289
v 19.15215301513672 19.81986427307129 20.77900505065918
v 19.0924072265625 19.810401916503906 20.710723876953125
v 19.038280487060547 19.801828384399414 20.63779640197754
v 18.99012565612793 19.794200897216797 20.560697555541992
v 18.948253631591797 19.787569046020508 20.479923248291016
v 18.91293716430664 19.7819766998291 20.395999908447266
v 18.88440704345703 19.77745819091797 20.309473037719727
v 18.862844467163086 19.7740421295166 20.220901489257812
v 18.848390579223633 19.771753311157227 20.130859375
v 18.841140747070312 19.770605087280273 20.039932250976562
v 18.841140747070312 19.770605087280273 19.948711395263672
v 18.848390579223633 19.771753311157227 19.857784271240234
v 18.862844467163086 19.7740421295166 19.767742156982422
v 18.88440704345703 19.77745819091797 19.679170608520508
v 18.91293716430664 19.7819766998291 19.59264373779297
v 18.948253631591797 19.787569046020508 19.50872039794922
v 18.99012565612793 19.794200897216797 19.427946090698242
v 19.038280487060547 19.801828384399414 19.350847244262695
v 19.0924072265625 19.810401916503906 19.27791976928711
v 19.15215301513672 19.81986427307129 19.209638595581055
v 19.217132568359375 19.830156326293945 19.146446228027344
v 19.286924362182617 19.841209411621094 19.08875274658203
v 19.361074447631836 19.852954864501953 19.03693199157715
v 19.439104080200195 19.865312576293945 18.991321563720703
v 19.520503997802734 19.878206253051758 18.95221519470215
v 19.604747772216797 19.89154815673828 18.91986656188965
v 19.6912899017334 19.905256271362305 18.894487380981445
v 19.779569625854492 19.91923713684082 18.876239776611328
v 19.86901092529297 19.93340301513672 18.865245819091797
v 19.872350692749023 19.919496536254883 21.123397827148438
v 19.786224365234375 19.891511917114258 21.112403869628906
v 19.701221466064453 19.8638916015625 21.09415626525879
v 19.617887496948242 19.836816787719727 21.068777084350586
v 19.536767959594727 19.81045913696289 21.036428451538086
v 19.45838737487793 19.784990310668945 20.99732208251953
v 19.38325309753418 19.760578155517578 20.951711654663086
v 19.311853408813477 19.73737907409668 20.899890899658203
v 19.24464988708496 19.715543746948242 20.84219741821289
v 19.182079315185547 19.695213317871094 20.77900505065918
v 19.124547958374023 19.67652130126953 20.710723876953125
v 19.072429656982422 19.65958595275879 20.63779640197754
v 19.026060104370117 19.644519805908203 20.560697555541992
v 18.985742568969727 19.631420135498047 20.479923248291016
v 18.951736450195312 19.620370864868164 20.395999908447266
v 18.92426300048828 19.6114444732666 20.309473037719727
v 18.903499603271484 19.604698181152344 20.220901489257812
v 18.889583587646484 19.600175857543945 20.130859375
v 18.88260269165039 19.59790802001953 20.039932250976562
v 18.88260269165039 19.59790802001953 19.948711395263672
v 18.889583587646484 19.600175857543945 19.857784271240234
v 18.903499603271484 19.604698181152344 19.767742156982422
v 18.92426300048828 19.6114444732666 19.679170608520508
v 18.951736450195312 19.620370864868164 19.59264373779297
v 18.985742568969727 19.631420135498047 19.50872039794922
v 19.026060104370117 19.644519805908203 19.427946090698242
v 19.072429656982422 19.65958595275879 19.350847244262695
v 19.124547958374023 19.67652130126953 19.27791976928711
v 19.182079315185547 19.695213317871094 19.209638595581055
v 19.24464988708496 19.715543746948242 19.146446228027344
v 19.311853408813477 19.73737907409668 19.08875274658203
v 19.38325309753418 19.760578155517578 19.03693199157715
v 19.45838737487793 19.784990310668945 18.991321563720703
v 19.536767959594727 19.81045913696289 18.95221519470215
v 19.617887496948242 19.836816787719727 18.91986656188965
v 19.701221466064453 19.8638916015625 18.894487380981445
v 19.786224365234375 19.891511917114258 18.876239776611328
v 19.872350692749023 19.919496536254883 18.865245819091797
v 19.877824783325195 19.906282424926758 21.123397827148438
v 19.797136306762695 19.865169525146484 21.112403869628906
v 19.717498779296875 19.82459259033203 21.09415626525879
v 19.639429092407227 19.784812927246094 21.068777084350586
v 19.563430786132812 19.746089935302734 21.036428451538086
v 19.48999786376953 19.708675384521484 20.99732208251953
v 19.419607162475586 19.672809600830078 20.951711654663086
v 19.35271644592285 19.63872528076172 20.899890899658203
v 19.289756774902344 19.606645584106445 20.84219741821289
v 19.231136322021484 19.576778411865234 20.77900505065918
v 19.17723846435547 19.54931640625 20.710723876953125
v 19.12841033935547 19.524436950683594 20.63779640197754
v 19.08496856689453 19.502302169799805 20.560697555541992
v 19.047197341918945 19.483055114746094 20.479923248291016
v 19.015336990356445 19.46682357788086 20.395999908447266
v 18.989599227905273 19.45370864868164 20.309473037719727
v 18.97014808654785 19.443798065185547 20.220901489257812
v 18.957109451293945 19.43715476989746 20.130859375
v 18.95056915283203 19.433822631835938 20.039932250976562
v 18.95056915283203 19.433822631835938 19.948711395263672
v 18.957109451293945 19.43715476989746 19.857784271240234
v 18.97014808654785 19.443798065185547 19.767742156982422
v 18.989599227905273 19.45370864868164 19.679170608520508
v 19.015336990356445 19.46682357788086 19.59264373779297
v 19.047197341918945 19.483055114746094 19.50872039794922
v 19.08496856689453 19.502302169799805 19.427946090698242
v 19.12841033935547 19.524436950683594 19.350847244262695
v 19.17723846435547 19.54931640625 19.27791976928711
v 19.231136322021484 19.576778411865234 19.209638595581055
v 19.289756774902344 19.606645584106445 19.146446228027344
v 19.35271644592285 19.63872528076172 19.08875274658203
v 19.419607162475586 19.672809600830078 19.03693199157715
v 19.48999786376953 19.708675384521484 18.991321563720703
v 19.563430786132812 19.746089935302734 18.95221519470215
v 19.639429092407227 19.784812927246094 18.91986656188965
v 19.717498779296875 19.82459259033203 18.894487380981445
v 19.797136306762695 19.865169525146484 18.876239776611328
v 19.877824783325195 19.906282424926758 18.865245819091797
v 19.885297775268555 19.894086837768555 21.123397827148438
v 19.812034606933594 19.840858459472656 21.112403869628906
v 19.73972511291504 19.78832244873047 21.09415626525879
v 19.668838500976562 19.736820220947266 21.068777084350586
v 19.599834442138672 19.68668556213379 21.036428451538086
v 19.533159255981445 19.638242721557617 20.99732208251953
v 19.46924591064453 19.591808319091797 20.951711654663086
v 19.40850830078125 19.547679901123047 20.899890899658203
v 19.351343154907227 19.506145477294922 20.84219741821289
v 19.298118591308594 19.46747589111328 20.77900505065918
v 19.24917984008789 19.43191909790039 20.710723876953125
v 19.204843521118164 19.399707794189453 20.63779640197754
v 19.1653995513916 19.371049880981445 20.560697555541992
v 19.131103515625 19.346132278442383 20.479923248291016
v 19.102176666259766 19.325115203857422 20.395999908447266
v 19.078805923461914 19.308135986328125 20.309473037719727
v 19.06114387512207 19.295303344726562 20.220901489257812
v 19.049304962158203 19.28670310974121 20.130859375
v 19.043367385864258 19.28238868713379 20.039932250976562
v 19.043367385864258 19.28238868713379 19.948711395263672
v 19.049304962158203 19.28670310974121 19.857784271240234
v 19.06114387512207 19.295303344726562 19.767742156982422
v 19.078805923461914 19.308135986328125 19.679170608520508
v 19.102176666259766 19.325115203857422 19.59264373779297
v 19.131103515625 19.346132278442383 19.50872039794922
v 19.1653995513916 19.371049880981445 19.427946090698242
v 19.204843521118164 19.399707794189453 19.350847244262695
v 19.24917984008789 19.43191909790039 19.27791976928711
v 19.298118591308594 19.46747589111328 19.209638595581055
v 19.351343154907227 19.506145477294922 19.146446228027344
v 19.40850830078125 19.547679901123047 19.08875274658203
v 19.46924591064453 19.591808319091797 19.03693199157715
v 19.533159255981445 19.638242721557617 18.991321563720703
v 19.599834442138672 19.68668556213379 18.95221519470215
v 19.668838500976562 19.736820220947266 18.91986656188965
v 19.73972511291504 19.78832244873047 18.894487380981445
v 19.812034606933594 19.840858459472656 18.876239776611328
v 19.885297775268555 19.894086837768555 18.865245819091797
v 19.89458656311035 19.883211135864258 21.123397827148438
v 19.83055305480957 19.819177627563477 21.112403869628906
v 19.767351150512695 19.7559757232666 21.09415626525879
v 19.705394744873047 19.694019317626953 21.068777084350586
v 19.645082473754883 19.63370704650879 21.036428451538086
v 19.58680534362793 19.575429916381836 20.99732208251953
v 19.53094482421875 19.519569396972656 20.951711654663086
v 19.47785758972168 19.466482162475586 20.899890899658203
v 19.427892684936523 19.41651725769043 20.84219741821289
v 19.381372451782227 19.369997024536133 20.77900505065918
v 19.338598251342773 19.32722282409668 20.710723876953125
v 19.299848556518555 19.28847312927246 20.63779640197754
v 19.26537322998047 19.253997802734375 20.560697555541992
v 19.235397338867188 19.224021911621094 20.479923248291016
v 19.210113525390625 19.19873809814453 20.395999908447266
v 19.189685821533203 19.17831039428711 20.309473037719727
v 19.17424964904785 19.162874221801758 20.220901489257812
v 19.163902282714844 19.15252685546875 20.130859375
v 19.15871238708496 19.147336959838867 20.039932250976562
v 19.15871238708496 19.147336959838867 19.948711395263672
v 19.163902282714844 19.15252685546875 19.857784271240234
v 19.17424964904785 19.162874221801758 19.767742156982422
v 19.189685821533203 19.17831039428711 19.679170608520508
v 19.210113525390625 19.19873809814453 19.59264373779297
v 19.235397338867188 19.224021911621094 19.50872039794922
v 19.26537322998047 19.253997802734375 19.427946090698242
v 19.299848556518555 19.28847312927246 19.350847244262695
v 19.338598251342773 19.32722282409668 19.27791976928711
v 19.381372451782227 19.369997024536133 19.209638595581055
v 19.427892684936523 19.41651725769043 19.146446228027344
v 19.47785758972168 19.466482162475586 19.08875274658203
v 19.53094482421875 19.519569396972656 19.03693199157715
v 19.58680534362793 19.575429916381836 18.991321563720703
v 19.645082473754883 19.63370704650879 18.95221519470215
v 19.705394744873047 19.694019317626953 18.91986656188965
v 19.767351150512695 19.7559757232666 18.894487380981445
v 19.83055305480957 19.819177627563477 18.876239776611328
v 19.89458656311035 19.883211135864258 18.865245819091797
v 19.90546226501465 19.87392234802246 21.123397827148438
v 19.85223388671875 19.8006591796875 21.112403869628906
v 19.799697875976562 19.728349685668945 21.09415626525879
v 19.74819564819336 19.65746307373047 21.068777084350586
v 19.698060989379883 19.588459014892578 21.036428451538086
v 19.64961814880371 19.52178382873535 20.99732208251953
v 19.60318374633789 19.457870483398438 20.951711654663086
v 19.55905532836914 19.397132873535156 20.899890899658203
v 19.517520904541016 19.339967727661133 20.84219741821289
v 19.478851318359375 19.2867431640625 20.77900505065918
v 19.443294525146484 19.237804412841797 20.710723876953125
v 19.411083221435547 19.19346809387207 20.63779640197754
v 19.38242530822754 19.154024124145508 20.560697555541992
v 19.357507705688477 19.119728088378906 20.479923248291016
v 19.336490631103516 19.090801239013672 20.395999908447266
v 19.31951141357422 19.06743049621582 20.309473037719727
v 19.306678771972656 19.049768447875977 20.220901489257812
v 19.298078536987305 19.03792953491211 20.130859375
v 19.293764114379883 19.031991958618164 20.039932250976562
v 19.293764114379883 19.031991958618164 19.948711395263672
v 19.298078536987305 19.03792953491211 19.857784271240234
v 19.306678771972656 19.049768447875977 19.767742156982422
v 19.31951141357422 19.06743049621582 19.679170608520508
v 19.336490631103516 19.090801239013672 19.59264373779297
v 19.357507705688477 19.119728088378906 19.50872039794922
v 19.38242530822754 19.154024124145508 19.427946090698242
v 19.411083221435547 19.19346809387207 19.350847244262695
v 19.443294525146484 19.237804412841797 19.27791976928711
v 19.478851318359375 19.2867431640625 19.209638595581055
v 19.517520904541016 19.339967727661133 19.146446228027344
v 19.55905532836914 19.397132873535156 19.08875274658203
v 19.60318374633789 19.457870483398438 19.03693199157715
v 19.64961814880371 19.52178382873535 18.991321563720703
v 19.698060989379883 19.588459014892578 18.95221519470215
v 19.74819564819336 19.65746307373047 18.91986656188965
v 19.799697875976562 19.728349685668945 18.894487380981445
v 19.85223388671875 19.8006591796875 18.876239776611328
v 19.90546226501465 19.87392234802246 18.865245819091797
v 19.91765785217285 19.8664493560791 21.123397827148438
v 19.876544952392578 19.7857608795166 21.112403869628906
v 19.835968017578125 19.70612335205078 21.09415626525879
v 19.796188354492188 19.628053665161133 21.068777084350586
v 19.757465362548828 19.55205535888672 21.036428451538086
v 19.720050811767578 19.478622436523438 20.99732208251953
v 19.684185028076172 19.408231735229492 20.951711654663086
v 19.650100708007812 19.341341018676758 20.899890899658203
v 19.61802101135254 19.27838134765625 20.84219741821289
v 19.588153839111328 19.21976089477539 20.77900505065918
v 19.560691833496094 19.165863037109375 20.710723876953125
v 19.535812377929688 19.117034912109375 20.63779640197754
v 19.5136775970459 19.073593139648438 20.560697555541992
v 19.494430541992188 19.03582191467285 20.479923248291016
v 19.478199005126953 19.00396156311035 20.395999908447266
v 19.465084075927734 18.97822380065918 20.309473037719727
v 19.45517349243164 18.958772659301758 20.220901489257812
v 19.448530197143555 18.94573402404785 20.130859375
v 19.44519805908203 18.939193725585938 20.039932250976562
v 19.44519805908203 18.939193725585938 19.948711395263672
v 19.448530197143555 18.94573402404785 19.857784271240234
v 19.45517349243164 18.958772659301758 19.767742156982422
v 19.465084075927734 18.97822380065918 19.679170608520508
v 19.478199005126953 19.00396156311035 19.59264373779297
v 19.494430541992188 19.03582191467285 19.50872039794922
v 19.5136775970459 19.073593139648438 19.427946090698242
v 19.535812377929688 19.117034912109375 19.350847244262695
v 19.560691833496094 19.165863037109375 19.27791976928711
v 19.588153839111328 19.21976089477539 19.209638595581055
v 19.61802101135254 19.27838134765625 19.146446228027344
v 19.650100708007812 19.341341018676758 19.08875274658203
v 19.684185028076172 19.408231735229492 19.03693199157715
v 19.720050811767578 19.478622436523438 18.991321563720703
v 19.757465362548828 19.55205535888672 18.95221519470215
v 19.796188354492188 19.628053665161133 18.91986656188965
v 19.835968017578125 19.70612335205078 18.894487380981445
v 19.876544952392578 19.7857608795166 18.876239776611328
v 19.91765785217285 19.8664493560791 18.865245819091797
v 19.930871963500977 19.86097526550293 21.123397827148438
v 19.90288734436035 19.77484893798828 21.112403869628906
v 19.875267028808594 19.68984603881836 21.09415626525879
v 19.84819221496582 19.60651206970215 21.068777084350586
v 19.821834564208984 19.525392532348633 21.036428451538086
v 19.79636573791504 19.447011947631836 20.99732208251953
v 19.771953582763672 19.371877670288086 20.951711654663086
v 19.748754501342773 19.300477981567383 20.899890899658203
v 19.726919174194336 19.233274459838867 20.84219741821289
v 19.706588745117188 19.170703887939453 20.77900505065918
v 19.687896728515625 19.11317253112793 20.710723876953125
v 19.670961380004883 19.061054229736328 20.63779640197754
v 19.655895233154297 19.014684677124023 20.560697555541992
v 19.64279556274414 18.974367141723633 20.479923248291016
v 19.631746292114258 18.94036102294922 20.395999908447266
v 19.622819900512695 18.912887573242188 20.309473037719727
v 19.616073608398438 18.89212417602539 20.220901489257812
v 19.61155128479004 18.87820816040039 20.130859375
v 19.609283447265625 18.871227264404297 20.039932250976562
v 19.609283447265625 18.871227264404297 19.948711395263672
v 19.61155128479004 18.87820816040039 19.857784271240234
v 19.616073608398438 18.89212417602539 19.767742156982422
v 19.622819900512695 18.912887573242188 19.679170608520508
v 19.631746292114258 18.94036102294922 19.59264373779297
v 19.64279556274414 18.974367141723633 19.50872039794922
v 19.655895233154297 19.014684677124023 19.427946090698242
v 19.670961380004883 19.061054229736328 19.350847244262695
v 19.687896728515625 19.11317253112793 19.27791976928711
v 19.706588745117188 19.170703887939453 19.209638595581055
v 19.726919174194336 19.233274459838867 19.146446228027344
v 19.748754501342773 19.300477981567383 19.08875274658203
v 19.771953582763672 19.371877670288086 19.03693199157715
v 19.79636573791504 19.447011947631836 18.991321563720703
v 19.821834564208984 19.525392532348633 18.95221519470215
v 19.84819221496582 19.60651206970215 18.91986656188965
v 19.875267028808594 19.68984603881836 18.894487380981445
v 19.90288734436035 19.77484893798828 18.876239776611328
v 19.930871963500977 19.86097526550293 18.865245819091797
v 19.944778442382812 19.857635498046875 21.123397827148438
v 19.930612564086914 19.7681941986084 21.112403869628906
v 19.9166316986084 19.679914474487305 21.09415626525879
v 19.902923583984375 19.593372344970703 21.068777084350586
v 19.88958168029785 19.50912857055664 21.036428451538086
v 19.87668800354004 19.4277286529541 20.99732208251953
v 19.864330291748047 19.349699020385742 20.951711654663086
v 19.852584838867188 19.275548934936523 20.899890899658203
v 19.84153175354004 19.20575714111328 20.84219741821289
v 19.831239700317383 19.140777587890625 20.77900505065918
v 19.82177734375 19.081031799316406 20.710723876953125
v 19.813203811645508 19.026905059814453 20.63779640197754
v 19.80557632446289 18.978750228881836 20.560697555541992
v 19.7989444732666 18.936878204345703 20.479923248291016
v 19.793352127075195 18.901561737060547 20.395999908447266
v 19.788833618164062 18.873031616210938 20.309473037719727
v 19.785417556762695 18.851469039916992 20.220901489257812
v 19.78312873840332 18.83701515197754 20.130859375
v 19.781980514526367 18.82976531982422 20.039932250976562
v 19.781980514526367 18.82976531982422 19.948711395263672
v 19.78312873840332 18.83701515197754 19.857784271240234
v 19.785417556762695 18.851469039916992 19.767742156982422
v 19.788833618164062 18.873031616210938 19.679170608520508
v 19.793352127075195 18.901561737060547 19.59264373779297
v 19.7989444732666 18.936878204345703 19.50872039794922
v 19.80557632446289 18.978750228881836 19.427946090698242
v 19.813203811645508 19.026905059814453 19.350847244262695
v 19.82177734375 19.081031799316406 19.27791976928711
v 19.831239700317383 19.140777587890625 19.209638595581055
v 19.84153175354004 19.20575714111328 19.146446228027344
v 19.852584838867188 19.275548934936523 19.08875274658203
v 19.864330291748047 19.349699020385742 19.03693199157715
v 19.87668800354004 19.4277286529541 18.991321563720703
v 19.88958168029785 19.50912857055664 18.95221519470215
v 19.902923583984375 19.593372344970703 18.91986656188965
v 19.9166316986084 19.679914474487305 18.894487380981445
v 19.930612564086914 19.7681941986084 18.876239776611328
v 19.944778442382812 19.857635498046875 18.865245819091797
v 19.95903778076172 19.85651397705078 21.123397827148438
v 19.95903778076172 19.76595687866211 21.112403869628906
v 19.95903778076172 19.676576614379883 21.09415626525879
v 19.95903778076172 19.588956832885742 21.068777084350586
v 19.95903778076172 19.503662109375 21.036428451538086
v 19.95903778076172 19.421247482299805 20.99732208251953
v 19.95903778076172 19.342247009277344 20.951711654663086
v 19.95903778076172 19.26717185974121 20.899890899658203
v 19.95903778076172 19.196510314941406 20.84219741821289
v 19.95903778076172 19.130720138549805 20.77900505065918
v 19.95903778076172 19.070228576660156 20.710723876953125
v 19.95903778076172 19.015426635742188 20.63779640197754
v 19.95903778076172 18.966672897338867 20.560697555541992
v 19.95903778076172 18.924278259277344 20.479923248291016
v 19.95903778076172 18.88852310180664 20.395999908447266
v 19.95903778076172 18.859636306762695 20.309473037719727
v 19.95903778076172 18.837804794311523 20.220901489257812
v 19.95903778076172 18.823171615600586 20.130859375
v 19.95903778076172 18.81583023071289 20.039932250976562
v 19.95903778076172 18.81583023071289 19.948711395263672
v 19.95903778076172 18.823171615600586 19.857784271240234
v 19.95903778076172 18.837804794311523 19.767742156982422
v 19.95903778076172 18.859636306762695 19.679170608520508
v 19.95903778076172 18.88852310180664 19.59264373779297
v 19.95903778076172 18.924278259277344 19.50872039794922
v 19.95903778076172 18.966672897338867 19.427946090698242
v 19.95903778076172 19.015426635742188 19.350847244262695
v 19.95903778076172 19.070228576660156 19.27791976928711
v 19.95903778076172 19.130720138549805 19.209638595581055
v 19.95903778076172 19.196510314941406 19.146446228027344
v 19.95903778076172 19.26717185974121 19.08875274658203
v 19.95903778076172 19.342247009277344 19.03693199157715
v 19.95903778076172 19.421247482299805 18.991321563720703
v 19.95903778076172 19.503662109375 18.95221519470215
v 19.95903778076172 19.588956832885742 18.91986656188965
v 19.95903778076172 19.676576614379883 18.894487380981445
v 19.95903778076172 19.76595687866211 18.876239776611328
v 19.95903778076172 19.85651397705078 18.865245819091797
v 19.973297119140625 19.857635498046875 21.123397827148438
v 19.987462997436523 19.7681941986084 21.112403869628906
v 20.00144386291504 19.679914474487305 21.09415626525879
v 20.015151977539062 19.593372344970703 21.068777084350586
v 20.028493881225586 19.50912857055664 21.036428451538086
v 20.0413875579834 19.4277286529541 20.99732208251953
v 20.05374526977539 19.349699020385742 20.951711654663086
v 20.06549072265625 19.275548934936523 20.899890899658203
v 20.0765438079834 19.20575714111328 20.84219741821289
v 20.086835861206055 19.140777587890625 20.77900505065918
v 20.096298217773438 19.081031799316406 20.710723876953125
v 20.10487174987793 19.026905059814453 20.63779640197754
v 20.112499237060547 18.978750228881836 20.560697555541992
v 20.119131088256836 18.936878204345703 20.479923248291016
v 20.124723434448242 18.901561737060547 20.395999908447266
v 20.129241943359375 18.873031616210938 20.309473037719727
v 20.132658004760742 18.851469039916992 20.220901489257812
v 20.134946823120117 18.83701515197754 20.130859375
v 20.13609504699707 18.82976531982422 20.039932250976562
v 20.13609504699707 18.82976531982422 19.948711395263672
v 20.134946823120117 18.83701515197754 19.857784271240234
v 20.132658004760742 18.851469039916992 19.767742156982422
v 20.129241943359375 18.873031616210938 19.679170608520508
v 20.124723434448242 18.901561737060547 19.59264373779297
v 20.119131088256836 18.936878204345703 19.50872039794922
v 20.112499237060547 18.978750228881836 19.427946090698242
v 20.10487174987793 19.026905059814453 19.350847244262695
v 20.096298217773438 19.081031799316406 19.27791976928711
v 20.086835861206055 19.140777587890625 19.209638595581055
v 20.0765438079834 19.20575714111328 19.146446228027344
v 20.06549072265625 19.275548934936523 19.08875274658203
v 20.05374526977539 19.349699020385742 19.03693199157715
v 20.0413875579834 19.4277286529541 18.991321563720703
v 20.028493881225586 19.50912857055664 18.95221519470215
v 20.015151977539062 19.593372344970703 18.91986656188965
v 20.00144386291504 19.679914474487305 18.894487380981445
v 19.987462997436523 19.7681941986084 18.876239776611328
v 19.973297119140625 19.857635498046875 18.865245819091797
v 19.98720359802246 19.86097526550293 21.123397827148438
v 20.015188217163086 19.77484893798828 21.112403869628906
v 20.042808532714844 19.68984603881836 21.09415626525879
v 20.069883346557617 19.60651206970215 21.068777084350586
v 20.096240997314453 19.525392532348633 21.036428451538086
v 20.1217098236084 19.447011947631836 20.99732208251953
v 20.146121978759766 19.371877670288086 20.951711654663086
v 20.169321060180664 19.300477981567383 20.899890899658203
v 20.1911563873291 19.233274459838867 20.84219741821289
v 20.21148681640625 19.170703887939453 20.77900505065918
v 20.230178833007812 19.11317253112793 20.710723876953125
v 20.247114181518555 19.061054229736328 20.63779640197754
v 20.26218032836914 19.014684677124023 20.560697555541992
v 20.275279998779297 18.974367141723633 20.479923248291016
v 20.28632926940918 18.94036102294922 20.395999908447266
v 20.295255661010742 18.912887573242188 20.309473037719727
v 20.302001953125 18.89212417602539 20.220901489257812
v 20.3065242767334 18.87820816040039 20.130859375
v 20.308792114257812 18.871227264404297 20.039932250976562
v 20.308792114257812 18.871227264404297 19.948711395263672
v 20.3065242767334 18.87820816040039 19.857784271240234
v 20.302001953125 18.89212417602539 19.767742156982422
v 20.295255661010742 18.912887573242188 19.679170608520508
v 20.28632926940918 18.94036102294922 19.59264373779297
v 20.275279998779297 18.974367141723633 19.50872039794922
v 20.26218032836914 19.014684677124023 19.427946090698242
v 20.247114181518555 19.061054229736328 19.350847244262695
v 20.230178833007812 19.11317253112793 19.27791976928711
v 20.21148681640625 19.170703887939453 19.209638595581055
v 20.1911563873291 19.233274459838867 19.146446228027344
v 20.169321060180664 19.300477981567383 19.08875274658203
v 20.146121978759766 19.371877670288086 19.03693199157715
v 20.1217098236084 19.447011947631836 18.991321563720703
v 20.096240997314453 19.525392532348633 18.95221519470215
v 20.069883346557617 19.60651206970215 18.91986656188965
v 20.042808532714844 19.68984603881836 18.894487380981445
v 20.015188217163086 19.77484893798828 18.876239776611328
v 19.98720359802246 19.86097526550293 18.865245819091797
v 20.000417709350586 19.8664493560791 21.123397827148438
v 20.04153060913086 19.7857608795166 21.112403869628906
v 20.082107543945312 19.70612335205078 21.09415626525879
v 20.12188720703125 19.628053665161133 21.068777084350586
v 20.16061019897461 19.55205535888672 21.036428451538086
v 20.19802474975586 19.478622436523438 20.99732208251953
v 20.233890533447266 19.408231735229492 20.951711654663086
v 20.267974853515625 19.341341018676758 20.899890899658203
v 20.3000545501709 19.27838134765625 20.84219741821289
v 20.32992172241211 19.21976089477539 20.77900505065918
v 20.357383728027344 19.165863037109375 20.710723876953125
v 20.38226318359375 19.117034912109375 20.63779640197754
v 20.40439796447754 19.073593139648438 20.560697555541992
v 20.42364501953125 19.03582191467285 20.479923248291016
v 20.439876556396484 19.00396156311035 20.395999908447266
v 20.452991485595703 18.97822380065918 20.309473037719727
v 20.462902069091797 18.958772659301758 20.220901489257812
v 20.469545364379883 18.94573402404785 20.130859375
v 20.472877502441406 18.939193725585938 20.039932250976562
v 20.472877502441406 18.939193725585938 19.948711395263672
v 20.469545364379883 18.94573402404785 19.857784271240234
v 20.462902069091797 18.958772659301758 19.767742156982422
v 20.452991485595703 18.97822380065918 19.679170608520508
v 20.439876556396484 19.00396156311035 19.59264373779297
v 20.42364501953125 19.03582191467285 19.50872039794922
v 20.40439796447754 19.073593139648438 19.427946090698242
v 20.38226318359375 19.117034912109375 19.350847244262695
v 20.357383728027344 19.165863037109375 19.27791976928711
v 20.32992172241211 19.21976089477539 19.209638595581055
v 20.3000545501709 19.27838134765625 19.146446228027344
v 20.267974853515625 19.341341018676758 19.08875274658203
v 20.233890533447266 19.408231735229492 19.03693199157715
v 20.19802474975586 19.478622436523438 18.991321563720703
v 20.16061019897461 19.55205535888672 18.95221519470215
v 20.12188720703125 19.628053665161133 18.91986656188965
v 20.082107543945312 19.70612335205078 18.894487380981445
v 20.04153060913086 19.7857608795166 18.876239776611328
v 20.000417709350586 19.8664493560791 18.865245819091797
v 20.01261329650879 19.87392234802246 21.123397827148438
v 20.065841674804688 19.8006591796875 21.112403869628906
v 20.118377685546875 19.728349685668945 21.09415626525879
v 20.169879913330078 19.65746307373047 21.068777084350586
v 20.220014572143555 19.588459014892578 21.036428451538086
v 20.268457412719727 19.52178382873535 20.99732208251953
v 20.314891815185547 19.457870483398438 20.951711654663086
v 20.359020233154297 19.397132873535156 20.899890899658203
v 20.400554656982422 19.339967727661133 20.84219741821289
v 20.439224243164062 19.2867431640625 20.77900505065918
v 20.474781036376953 19.237804412841797 20.710723876953125
v 20.50699234008789 19.19346809387207 20.63779640197754
v 20.5356502532959 19.154024124145508 20.560697555541992
v 20.56056785583496 19.119728088378906 20.479923248291016
v 20.581584930419922 19.090801239013672 20.395999908447266
v 20.59856414794922 19.06743049621582 20.309473037719727
v 20.61139678955078 19.049768447875977 20.220901489257812
v 20.619997024536133 19.03792953491211 20.130859375
v 20.624311447143555 19.031991958618164 20.039932250976562
v 20.624311447143555 19.031991958618164 19.948711395263672
v 20.619997024536133 19.03792953491211 19.857784271240234
v 20.61139678955078 19.049768447875977 19.767742156982422
v 20.59856414794922 19.06743049621582 19.679170608520508
v 20.581584930419922 19.090801239013672 19.59264373779297
v 20.56056785583496 19.119728088378906 19.50872039794922
v 20.5356502532959 19.154024124145508 19.427946090698242
v 20.50699234008789 19.19346809387207 19.350847244262695
v 20.474781036376953 19.237804412841797 19.27791976928711
v 20.439224243164062 19.2867431640625 19.209638595581055
v 20.400554656982422 19.339967727661133 19.146446228027344
v 20.359020233154297 19.397132873535156 19.08875274658203
v 20.314891815185547 19.457870483398438 19.03693199157715
v 20.268457412719727 19.52178382873535 18.991321563720703
v 20.220014572143555 19.588459014892578 18.95221519470215
v 20.169879913330078 19.65746307373047 18.91986656188965
v 20.118377685546875 19.728349685668945 18.894487380981445
v 20.065841674804688 19.8006591796875 18.876239776611328
v 20.01261329650879 19.87392234802246 18.865245819091797
v 20.023488998413086 19.883211135864258 21.123397827148438
v 20.087522506713867 19.819177627563477 21.112403869628906
v 20.150724411010742 19.7559757232666 21.09415626525879
v 20.21268081665039 19.694019317626953 21.068777084350586
v 20.272993087768555 19.63370704650879 21.036428451538086
v 20.331270217895508 19.575429916381836 20.99732208251953
v 20.387130737304688 19.519569396972656 20.951711654663086
v 20.440217971801758 19.466482162475586 20.899890899658203
v 20.490182876586914 19.41651725769043 20.84219741821289
v 20.53670310974121 19.369997024536133 20.77900505065918
v 20.579477310180664 19.32722282409668 20.710723876953125
v 20.618227005004883 19.28847312927246 20.63779640197754
v 20.65270233154297 19.253997802734375 20.560697555541992
v 20.68267822265625 19.224021911621094 20.479923248291016
v 20.707962036132812 19.19873809814453 20.395999908447266
v 20.728389739990234 19.17831039428711 20.309473037719727
v 20.743825912475586 19.162874221801758 20.220901489257812
v 20.754173278808594 19.15252685546875 20.130859375
v 20.759363174438477 19.147336959838867 20.039932250976562
v 20.759363174438477 19.147336959838867 19.948711395263672
v 20.754173278808594 19.15252685546875 19.857784271240234
v 20.743825912475586 19.162874221801758 19.767742156982422
v 20.728389739990234 19.17831039428711 19.679170608520508
v 20.707962036132812 19.19873809814453 19.59264373779297
v 20.68267822265625 19.224021911621094 19.50872039794922
v 20.65270233154297 19.253997802734375 19.427946090698242
v 20.618227005004883 19.28847312927246 19.350847244262695
v 20.579477310180664 19.32722282409668 19.27791976928711
v 20.53670310974121 19.369997024536133 19.209638595581055
v 20.490182876586914 19.41651725769043 19.146446228027344
v 20.440217971801758 19.466482162475586 19.08875274658203
v 20.387130737304688 19.519569396972656 19.03693199157715
v 20.331270217895508 19.575429916381836 18.991321563720703
v 20.272993087768555 19.63370704650879 18.95221519470215
v 20.21268081665039 19.694019317626953 18.91986656188965
v 20.150724411010742 19.7559757232666 18.894487380981445
v 20.087522506713867 19.819177627563477 18.876239776611328
v 20.023488998413086 19.883211135864258 18.865245819091797
v 20.032777786254883 19.894086837768555 21.123397827148438
v 20.106040954589844 19.840858459472656 21.112403869628906
v 20.1783504486084 19.78832244873047 21.09415626525879
v 20.249237060546875 19.736820220947266 21.068777084350586
v 20.318241119384766 19.68668556213379 21.036428451538086
v 20.384916305541992 19.638242721557617 20.99732208251953
v 20.448829650878906 19.591808319091797 20.951711654663086
v 20.509567260742188 19.547679901123047 20.899890899658203
v 20.56673240661621 19.506145477294922 20.84219741821289
v 20.619956970214844 19.46747589111328 20.77900505065918
v 20.668895721435547 19.43191909790039 20.710723876953125
v 20.713232040405273 19.399707794189453 20.63779640197754
v 20.752676010131836 19.371049880981445 20.560697555541992
v 20.786972045898438 19.346132278442383 20.479923248291016
v 20.815898895263672 19.325115203857422 20.395999908447266
v 20.839269638061523 19.308135986328125 20.309473037719727
v 20.856931686401367 19.295303344726562 20.220901489257812
v 20.868770599365234 19.28670310974121 20.130859375
v 20.87470817565918 19.28238868713379 20.039932250976562
v 20.87470817565918 19.28238868713379 19.948711395263672
v 20.868770599365234 19.28670310974121 19.857784271240234
v 20.856931686401367 19.295303344726562 19.767742156982422
v 20.839269638061523 19.308135986328125 19.679170608520508
v 20.815898895263672 19.325115203857422 19.59264373779297
v 20.786972045898438 19.346132278442383 19.50872039794922
v 20.752676010131836 19.371049880981445 19.427946090698242
v 20.713232040405273 19.399707794189453 19.350847244262695
v 20.668895721435547 19.43191909790039 19.27791976928711
v 20.619956970214844 19.46747589111328 19.209638595581055
v 20.56673240661621 19.506145477294922 19.146446228027344
v 20.509567260742188 19.547679901123047 19.08875274658203
v 20.448829650878906 19.591808319091797 19.03693199157715
v 20.384916305541992 19.638242721557617 18.991321563720703
v 20.318241119384766 19.68668556213379 18.95221519470215
v 20.249237060546875 19.736820220947266 18.91986656188965
v 20.1783504486084 19.78832244873047 18.894487380981445
v 20.106040954589844 19.840858459472656 18.876239776611328
v 20.032777786254883 19.894086837768555 18.865245819091797
v 20.040250778198242 19.906282424926758 21.123397827148438
v 20.120939254760742 19.865169525146484 21.112403869628906
v 20.200576782226562 19.82459259033203 21.09415626525879
v 20.27864646911621 19.784812927246094 21.068777084350586
v 20.354644775390625 19.746089935302734 21.036428451538086
v 20.428077697753906 19.708675384521484 20.99732208251953
v 20.49846839904785 19.672809600830078 20.951711654663086
v 20.565359115600586 19.63872528076172 20.899890899658203
v 20.628318786621094 19.606645584106445 20.84219741821289
v 20.686939239501953 19.576778411865234 20.77900505065918
v 20.74083709716797 19.54931640625 20.710723876953125
v 20.78966522216797 19.524436950683594 20.63779640197754
v 20.833106994628906 19.502302169799805 20.560697555541992
v 20.870878219604492 19.483055114746094 20.479923248291016
v 20.902738571166992 19.46682357788086 20.395999908447266
v 20.928476333618164 19.45370864868164 20.309473037719727
v 20.947927474975586 19.443798065185547 20.220901489257812
v 20.960966110229492 19.43715476989746 20.130859375
v 20.967506408691406 19.433822631835938 20.039932250976562
v 20.967506408691406 19.433822631835938 19.948711395263672
v 20.960966110229492 19.43715476989746 19.857784271240234
v 20.947927474975586 19.443798065185547 19.767742156982422
v 20.928476333618164 19.45370864868164 19.679170608520508
v 20.902738571166992 19.46682357788086 19.59264373779297
v 20.870878219604492 19.483055114746094 19.50872039794922
v 20.833106994628906 19.502302169799805 19.427946090698242
v 20.78966522216797 19.524436950683594 19.350847244262695
v 20.74083709716797 19.54931640625 19.27791976928711
v 20.686939239501953 19.576778411865234 19.209638595581055
v 20.628318786621094 19.606645584106445 19.146446228027344
v 20.565359115600586 19.63872528076172 19.08875274658203
v 20.49846839904785 19.672809600830078 19.03693199157715
v 20.428077697753906 19.708675384521484 18.991321563720703
v 20.354644775390625 19.746089935302734 18.95221519470215
v 20.27864646911621 19.784812927246094 18.91986656188965
v 20.200576782226562 19.82459259033203 18.894487380981445
v 20.120939254760742 19.865169525146484 18.876239776611328
v 20.040250778198242 19.906282424926758 18.865245819091797
v 20.045724868774414 19.919496536254883 21.123397827148438
v 20.131851196289062 19.891511917114258 21.112403869628906
v 20.216854095458984 19.8638916015625 21.09415626525879
v 20.300188064575195 19.836816787719727 21.068777084350586
v 20.38130760192871 19.81045913696289 21.036428451538086
v 20.459688186645508 19.784990310668945 20.99732208251953
v 20.534822463989258 19.760578155517578 20.951711654663086
v 20.60622215270996 19.73737907409668 20.899890899658203
v 20.673425674438477 19.715543746948242 20.84219741821289
v 20.73599624633789 19.695213317871094 20.77900505065918
v 20.793527603149414 19.67652130126953 20.710723876953125
v 20.845645904541016 19.65958595275879 20.63779640197754
v 20.89201545715332 19.644519805908203 20.560697555541992
v 20.93233299255371 19.631420135498047 20.479923248291016
v 20.966339111328125 19.620370864868164 20.395999908447266
v 20.993812561035156 19.6114444732666 20.309473037719727
v 21.014575958251953 19.604698181152344 20.220901489257812
v 21.028491973876953 19.600175857543945 20.130859375
v 21.035472869873047 19.59790802001953 20.039932250976562
v 21.035472869873047 19.59790802001953 19.948711395263672
v 21.028491973876953 19.600175857543945 19.857784271240234
v 21.014575958251953 19.604698181152344 19.767742156982422
v 20.993812561035156 19.6114444732666 19.679170608520508
v 20.966339111328125 19.620370864868164 19.59264373779297
v 20.93233299255371 19.631420135498047 19.50872039794922
v 20.89201545715332 19.644519805908203 19.427946090698242
v 20.845645904541016 19.65958595275879 19.350847244262695
v 20.793527603149414 19.67652130126953 19.27791976928711
v 20.73599624633789 19.695213317871094 19.209638595581055
v 20.673425674438477 19.715543746948242 19.146446228027344
v 20.60622215270996 19.73737907409668 19.08875274658203
v 20.534822463989258 19.760578155517578 19.03693199157715
v 20.459688186645508 19.784990310668945 18.991321563720703
v 20.38130760192871 19.81045913696289 18.95221519470215
v 20.300188064575195 19.836816787719727 18.91986656188965
v 20.216854095458984 19.8638916015625 18.894487380981445
v 20.131851196289062 19.891511917114258 18.876239776611328
v 20.045724868774414 19.919496536254883 18.865245819091797
v 20.04906463623047 19.93340301513672 21.123397827148438
v 20.138505935668945 19.91923713684082 21.112403869628906
v 20.22678565979004 19.905256271362305 21.09415626525879
v 20.31332778930664 19.89154815673828 21.068777084350586
v 20.397571563720703 19.878206253051758 21.036428451538086
v 20.478971481323242 19.865312576293945 20.99732208251953
v 20.5570011138916 19.852954864501953 20.951711654663086
v 20.63115119934082 19.841209411621094 20.899890899658203
v 20.700942993164062 19.830156326293945 20.84219741821289
v 20.76592254638672 19.81986427307129 20.77900505065918
v 20.825668334960938 19.810401916503906 20.710723876953125
v 20.87979507446289 19.801828384399414 20.63779640197754
v 20.927949905395508 19.794200897216797 20.560697555541992
v 20.96982192993164 19.787569046020508 20.479923248291016
v 21.005138397216797 19.7819766998291 20.395999908447266
v 21.033668518066406 19.77745819091797 20.309473037719727
v 21.05523109436035 19.7740421295166 20.220901489257812
v 21.069684982299805 19.771753311157227 20.130859375
v 21.076934814453125 19.770605087280273 20.039932250976562
v 21.076934814453125 19.770605087280273 19.948711395263672
v 21.069684982299805 19.771753311157227 19.857784271240234
v 21.05523109436035 19.7740421295166 19.767742156982422
v 21.033668518066406 19.77745819091797 19.679170608520508
v 21.005138397216797 19.7819766998291 19.59264373779297
v 20.96982192993164 19.787569046020508 19.50872039794922
v 20.927949905395508 19.794200897216797 19.427946090698242
v 20.87979507446289 19.801828384399414 19.350847244262695
v 20.825668334960938 19.810401916503906 19.27791976928711
v 20.76592254638672 19.81986427307129 19.209638595581055
v 20.700942993164062 19.830156326293945 19.146446228027344
v 20.63115119934082 19.841209411621094 19.08875274658203
v 20.5570011138916 19.852954864501953 19.03693199157715
v 20.478971481323242 19.865312576293945 18.991321563720703
v 20.397571563720703 19.878206253051758 18.95221519470215
v 20.31332778930664 19.89154815673828 18.91986656188965
v 20.22678565979004 19.905256271362305 18.894487380981445
v 20.138505935668945 19.91923713684082 18.876239776611328
v 20.04906463623047 19.93340301513672 18.865245819091797
f 1 2 3
f 1 4 2
f 1 3 4
f 2 4 3
f 5 6 7
f 5 8 6
f 5 7 8
f 6 8 7
f 9 10 11
f 9 12 10
f 9 11 12
f 10 12 11
f 13 14 15
f 13 16 14
f 13 15 16
f 14 16 15
f 17 18 19
f 17 20 18
f 17 19 20
f 18 20 19
f 21 22 23
f 21 24 22
f 21 23 24
f 22 24 23
f 25 26 27
f 25 28 26
f 25 27 28
f 26 28 27
f 29 30 31
f 29 32 30
f 29 31 32
f 30 32 31
f 33 34 35
f 33 36 34
f 33 35 36
f 34 36 35
f 37 38 39
f 37 40 38
f 37 39 40
f 38 40 39
f 41 42 43
f 41 44 42
f 41 43 44
f 42 44 43
f 45 46 47
f 45 48 46
f 45 47 48
f 46 48 47
f 49 50 51
f 49 52 50
f 49 51 52
f 50 52 51
f 53 54 55
f 53 56 54
f 53 55 56
f 54 56 55
f 57 58 59
f 57 60 58
f 57 59 60
f 58 60 59
f 61 62 63
f 61 64 62
f 61 63 64
f 62 64 63
f 65 66 67
f 65 68 66
f 65 67 68
f 66 68 67
f 69 70 71
f 69 72 70
f 69 71 72
f 70 72 71
f 73 74 75
f 73 76 74
f 73 75 76
f 74 76 75
f 77 78 79
f 77 80 78
f 77 79 80
f 78 80 79
f 81 68 82
f 81 65 68
f 81 82 65
f 68 65 82
f 83 84 85
f 83 86 84
f 83 85 86
f 84 86 85
f 87 88 89
f 87 90 88
f 87 89 90
f 88 90 89
f 91 92 93
f 91 94 92
f 91 93 94
f 92 94 93
f 95 96 97
f 95 98 96
f 95 97 98
f 96 98 97
f 99 100 101
f 99 102 100
f 99 101 102
f 100 102 101
f 103 104 105
f 103 106 104
f 103 105 106
f 104 106 105
f 107 108 109
f 107 110 108
f 107 109 110
f 108 110 109
f 111 112 113
f 111 114 112
f 111 113 114
f 112 114 113
f 115 116 117
f 115 118 116
f 115 117 118
f 116 118 117
f 119 120 121
f 119 122 120
f 119 121 122
f 120 122 121
f 123 124 125
f 123 126 124
f 123 125 126
f 124 126 125
f 127 128 129
f 127 130 128
f 127 129 130
f 128 130 129
f 131 132 133
f 131 134 132
f 131 133 134
f 132 134 133
f 135 136 137
f 135 138 136
f 135 137 138
f 136 138 137
f 139 140 141
f 139 142 140
f 139 141 142
f 140 142 141
f 103 143 144
f 103 145 143
f 103 144 145
f 143 145 144
f 146 147 148
f 146 149 147
f 146 148 149
f 147 149 148
f 150 151 152
f 150 153 151
f 150 152 153
f 151 153 152
f 154 155 156
f 154 157 155
f 154 156 157
f 155 157 156
f 158 159 160
f 158 161 159
f 158 160 161
f 159 161 160
f 162 163 138
f 162 164 163
f 162 138 164
f 163 164 138
f 165 166 167
f 165 168 166
f 165 167 168
f 166 168 167
f 169 170 171
f 169 172 170
f 169 171 172
f 170 172 171
f 173 174 140
f 173 175 174
f 173 140 175
f 174 175 140
f 176 177 178
f 176 179 177
f 176 178 179
f 177 179 178
f 180 86 181
f 180 182 86
f 180 181 182
f 86 182 181
f 183 184 185
f 183 186 184
f 183 185 186
f 184 186 185
f 187 188 189
f 187 190 188
f 187 189 190
f 188 190 189
f 191 192 193
f 191 194 192
f 191 193 194
f 192 194 193
f 197 235 195
f 235 273 195
f 273 311 195
f 311 349 195
f 349 387 195
f 387 425 195
f 425 463 195
f 463 501 195
f 501 539 195
f 539 577 195
f 577 615 195
f 615 653 195
f 653 691 195
f 691 729 195
f 729 767 195
f 767 805 195
f 805 843 195
f 843 881 195
f 881 919 195
f 919 957 195
f 957 995 195
f 995 1033 195
f 1033 1071 195
f 1071 1109 195
f 1109 1147 195
f 1147 1185 195
f 1185 1223 195
f 1223 1261 195
f 1261 1299 195
f 1299 1337 195
f 1337 1375 195
f 1375 1413 195
f 1413 1451 195
f 1451 1489 195
f 1489 1527 195
f 1527 1565 195
f 1565 1603 195
f 1603 1641 195
f 1641 1679 195
f 1679 197 195
f 234 196 272
f 272 196 310
f 310 196 348
f 348 196 386
f 386 196 424
f 424 196 462
f 462 196 500
f 500 196 538
f 538 196 576
f 576 196 614
f 614 196 652
f 652 196 690
f 690 196 728
f 728 196 766
f 766 196 804
f 804 196 842
f 842 196 880
f 880 196 918
f 918 196 956
f 956 196 994
f 994 196 1032
f 1032 196 1070
f 1070 196 1108
f 1108 196 1146
f 1146 196 1184
f 1184 196 1222
f 1222 196 1260
f 1260 196 1298
f 1298 196 1336
f 1336 196 1374
f 1374 196 1412
f 1412 196 1450
f 1450 196 1488
f 1488 196 1526
f 1526 196 1564
f 1564 196 1602
f 1602 196 1640
f 1640 196 1678
f 1678 196 1716
f 1716 196 234
f 197 198 236
f 197 236 235
f 198 199 237
f 198 237 236
f 199 200 238
f 199 238 237
f 200 201 239
f 200 239 238
f 201 202 240
f 201 240 239
f 202 203 241
f 202 241 240
f 203 204 242
f 203 242 241
f 204 205 243
f 204 243 242
f 205 206 244
f 205 244 243
f 206 207 245
f 206 245 244
f 207 208 246
f 207 246 245
f 208 209 247
f 208 247 246
f 209 210 248
f 209 248 247
f 210 211 249
f 210 249 248
f 211 212 250
f 211 250 249
f 212 213 251
f 212 251 250
f 213 214 252
f 213 252 251
f 214 215 253
f 214 253 252
f 215 216 254
f 215 254 253
f 216 217 255
f 216 255 254
f 217 218 256
f 217 256 255
f 218 219 257
f 218 257 256
f 219 220 258
f 219 258 257
f 220 221 259
f 220 259 258
f 221 222 260
f 221 260 259
f 222 223 261
f 222 261 260
f 223 224 262
f 223 262 261
f 224 225 263
f 224 263 262
f 225 226 264
f 225 264 263
f 226 227 265
f 226 265 264
f 227 228 266
f 227 266 265
f 228 229 267
f 228 267 266
f 229 230 268
f 229 268 267
f 230 231 269
f 230 269 268
f 231 232 270
f 231 270 269
f 232 233 271
f 232 271 270
f 233 234 272
f 233 272 271
f 235 236 274
f 235 274 273
f 236 237 275
f 236 275 274
f 237 238 276
f 237 276 275
f 238 239 277
f 238 277 276
f 239 240 278
f 239 278 277
f 240 241 279
f 240 279 278
f 241 242 280
f 241 280 279
f 242 243 281
f 242 281 280
f 243 244 282
f 243 282 281
f 244 245 283
f 244 283 282
f 245 246 284
f 245 284 283
f 246 247 285
f 246 285 284
f 247 248 286
f 247 286 285
f 248 249 287
f 248 287 286
f 249 250 288
f 249 288 287
f 250 251 289
f 250 289 288
f 251 252 290
f 251 290 289
f 252 253 291
f 252 291 290
f 253 254 292
f 253 292 291
f 254 255 293
f 254 293 292
f 255 256 294
f 255 294 293
f 256 257 295
f 256 295 294
f 257 258 296
f 257 296 295
f 258 259 297
f 258 297 296
f 259 260 298
f 259 298 297
f 260 261 299
f 260 299 298
f 261 262 300
f 261 300 299
f 262 263 301
f 262 301 300
f 263 264 302
f 263 302 301
f 264 265 303
f 264 303 302
f 265 266 304
f 265 304 303
f 266 267 305
f 266 305 304
f 267 268 306
f 267 306 305
f 268 269 307
f 268 307 306
f 269 270 308
f 269 308 307
f 270 271 309
f 270 309 308
f 271 272 310
f 271 310 309
f 273 274 312
f 273 312 311
f 274 275 313
f 274 313 312
f 275 276 314
f 275 314 313
f 276 277 315
f 276 315 314
f 277 278 316
f 277 316 315
f 278 279 317
f 278 317 316
f 279 280 318
f 279 318 317
f 280 281 319
f 280 319 318
f 281 282 320
f 281 320 319
f 282 283 321
f 282 321 320
f 283 284 322
f 283 322 321
f 284 285 323
f 284 323 322
f 285 286 324
f 285 324 323
f 286 287 325
f 286 325 324
f 287 288 326
f 287 326 325
f 288 289 327
f 288 327 326
f 289 290 328
f 289 328 327
f 290 291 329
f 290 329 328
f 291 292 330
f 291 330 329
f 292 293 331
f 292 331 330
f 293 294 332
f 293 332 331
f 294 295 333
f 294 333 332
f 295 296 334
f 295 334 333
f 296 297 335
f 296 335 334
f 297 298 336
f 297 336 335
f 298 299 337
f 298 337 336
f 299 300 338
f 299 338 337
f 300 301 339
f 300 339 338
f 301 302 340
f 301 340 339
f 302 303 341
f 302 341 340
f 303 304 342
f 303 342 341
f 304 305 343
f 304 343 342
f 305 306 344
f 305 344 343
f 306 307 345
f 306 345 344
f 307 308 346
f 307 346 345
f 308 309 347
f 308 347 346
f 309 310 348
f 309 348 347
f 311 312 350
f 311 350 349
f 312 313 351
f 312 351 350
f 313 314 352
f 313 352 351
f 314 315 353
f 314 353 352
f 315 316 354
f 315 354 353
f 316 317 355
f 316 355 354
f 317 318 356
f 317 356 355
f 318 319 357
f 318 357 356
f 319 320 358
f 319 358 357
f 320 321 359
f 320 359 358
f 321 322 360
f 321 360 359
f 322 323 361
f 322 361 360
f 323 324 362
f 323 362 361
f 324 325 363
f 324 363 362
f 325 326 364
f 325 364 363
f 326 327 365
f 326 365 364
f 327 328 366
f 327 366 365
f 328 329 367
f 328 367 366
f 329 330 368
f 329 368 367
f 330 331 369
f 330 369 368
f 331 332 370
f 331 370 369
f 332 333 371
f 332 371 370
f 333 334 372
f 333 372 371
f 334 335 373
f 334 373 372
f 335 336 374
f 335 374 373
f 336 337 375
f 336 375 374
f 337 338 376
f 337 376 375
f 338 339 377
f 338 377 376
f 339 340 378
f 339 378 377
f 340 341 379
f 340 379 378
f 341 342 380
f 341 380 379
f 342 343 381
f 342 381 380
f 343 344 382
f 343 382 381
f 344 345 383
f 344 383 382
f 345 346 384
f 345 384 383
f 346 347 385
f 346 385 384
f 347 348 386
f 347 386 385
f 349 350 388
f 349 388 387
f 350 351 389
f 350 389 388
f 351 352 390
f 351 390 389
f 352 353 391
f 352 391 390
f 353 354 392
f 353 392 391
f 354 355 393
f 354 393 392
f 355 356 394
f 355 394 393
f 356 357 395
f 356 395 394
f 357 358 396
f 357 396 395
f 358 359 397
f 358 397 396
f 359 360 398
f 359 398 397
f 360 361 399
f 360 399 398
f 361 362 400
f 361 400 399
f 362 363 401
f 362 401 400
f 363 364 402
f 363 402 401
f 364 365 403
f 364 403 402
f 365 366 404
f 365 404 403
f 366 367 405
f 366 405 404
f 367 368 406
f 367 406 405
f 368 369 407
f 368 407 406
f 369 370 408
f 369 408 407
f 370 371 409
f 370 409 408
f 371 372 410
f 371 410 409
f 372 373 411
f 372 411 410
f 373 374 412
f 373 412 411
f 374 375 413
f 374 413 412
f 375 376 414
f 375 414 413
f 376 377 415
f 376 415 414
f 377 378 416
f 377 416 415
f 378 379 417
f 378 417 416
f 379 380 418
f 379 418 417
f 380 381 419
f 380 419 418
f 381 382 420
f 381 420 419
f 382 383 421
f 382 421 420
f 383 384 422
f 383 422 421
f 384 385 423
f 384 423 422
f 385 386 424
f 385 424 423
f 387 388 426
f 387 426 425
f 388 389 427
f 388 427 426
f 389 390 428
f 389 428 427
f 390 391 429
f 390 429 428
f 391 392 430
f 391 430 429
f 392 393 431
f 392 431 430
f 393 394 432
f 393 432 431
f 394 395 433
f 394 433 432
f 395 396 434
f 395 434 433
f 396 397 435
f 396 435 434
f 397 398 436
f 397 436 435
f 398 399 437
f 398 437 436
f 399 400 438
f 399 438 437
f 400 401 439
f 400 439 438
f 401 402 440
f 401 440 439
f 402 403 441
f 402 441 440
f 403 404 442
f 403 442 441
f 404 405 443
f 404 443 442
f 405 406 444
f 405 444 443
f 406 407 445
f 406 445 444
f 407 408 446
f 407 446 445
f 408 409 447
f 408 447 446
f 409 410 448
f 409 448 447
f 410 411 449
f 410 449 448
f 411 412 450
f 411 450 449
f 412 413 451
f 412 451 450
f 413 414 452
f 413 452 451
f 414 415 453
f 414 453 452
f 415 416 454
f 415 454 453
f 416 417 455
f 416 455 454
f 417 418 456
f 417 456 455
f 418 419 457
f 418 457 456
f 419 420 458
f 419 458 457
f 420 421 459
f 420 459 458
f 421 422 460
f 421 460 459
f 422 423 461
f 422 461 460
f 423 424 462
f 423 462 461
f 425 426 464
f 425 464 463
f 426 427 465
f 426 465 464
f 427 428 466
f 427 466 465
f 428 429 467
f 428 467 466
f 429 430 468
f 429 468 467
f 430 431 469
f 430 469 468
f 431 432 470
f 431 470 469
f 432 433 471
f 432 471 470
f 433 434 472
f 433 472 471
f 434 435 473
f 434 473 472
f 435 436 474
f 435 474 473
f 436 437 475
f 436 475 474
f 437 438 476
f 437 476 475
f 438 439 477
f 438 477 476
f 439 440 478
f 439 478 477
f 440 441 479
f 440 479 478
f 441 442 480
f 441 480 479
f 442 443 481
f 442 481 480
f 443 444 482
f 443 482 481
f 444 445 483
f 444 483 482
f 445 446 484
f 445 484 483
f 446 447 485
f 446 485 484
f 447 448 486
f 447 486 485
f 448 449 487
f 448 487 486
f 449 450 488
f 449 488 487
f 450 451 489
f 450 489 488
f 451 452 490
f 451 490 489
f 452 453 491
f 452 491 490
f 453 454 492
f 453 492 491
f 454 455 493
f 454 493 492
f 455 456 494
f 455 494 493
f 456 457 495
f 456 495 494
f 457 458 496
f 457 496 495
f 458 459 497
f 458 497 496
f 459 460 498
f 459 498 497
f 460 461 499
f 460 499 498
f 461 462 500
f 461 500 499
f 463 464 502
f 463 502 501
f 464 465 503
f 464 503 502
f 465 466 504
f 465 504 503
f 466 467 505
f 466 505 504
f 467 468 506
f 467 506 505
f 468 469 507
f 468 507 506
f 469 470 508
f 469 508 507
f 470 471 509
f 470 509 508
f 471 472 510
f 471 510 509
f 472 473 511
f 472 511 510
f 473 474 512
f 473 512 511
f 474 475 513
f 474 513 512
f 475 476 514
f 475 514 513
f 476 477 515
f 476 515 514
f 477 478 516
f 477 516 515
f 478 479 517
f 478 517 516
f 479 480 518
f 479 518 517
f 480 481 519
f 480 519 518
f 481 482 520
f 481 520 519
f 482 483 521
f 482 521 520
f 483 484 522
f 483 522 521
f 484 485 523
f 484 523 522
f 485 486 524
f 485 524 523
f 486 487 525
f 486 525 524
f 487 488 526
f 487 526 525
f 488 489 527
f 488 527 526
f 489 490 528
f 489 528 527
f 490 491 529
f 490 529 528
f 491 492 530
f 491 530 529
f 492 493 531
f 492 531 530
f 493 494 532
f 493 532 531
f 494 495 533
f 494 533 532
f 495 496 534
f 495 534 533
f 496 497 535
f 496 535 534
f 497 498 536
f 497 536 535
f 498 499 537
f 498 537 536
f 499 500 538
f 499 538 537
f 501 502 540
f 501 540 539
f 502 503 541
f 502 541 540
f 503 504 542
f 503 542 541
f 504 505 543
f 504 543 542
f 505 506 544
f 505 544 543
f 506 507 545
f 506 545 544
f 507 508 546
f 507 546 545
f 508 509 547
f 508 547 546
f 509 510 548
f 509 548 547
f 510 511 549
f 510 549 548
f 511 512 550
f 511 550 549
f 512 513 551
f 512 551 550
f 513 514 552
f 513 552 551
f 514 515 553
f 514 553 552
f 515 516 554
f 515 554 553
f 516 517 555
f 516 555 554
f 517 518 556
f 517 556 555
f 518 519 557
f 518 557 556
f 519 520 558
f 519 558 557
f 520 521 559
f 520 559 558
f 521 522 560
f 521 560 559
f 522 523 561
f 522 561 560
f 523 524 562
f 523 562 561
f 524 525 563
f 524 563 562
f 525 526 564
f 525 564 563
f 526 527 565
f 526 565 564
f 527 528 566
f 527 566 565
f 528 529 567
f 528 567 566
f 529 530 568
f 529 568 567
f 530 531 569
f 530 569 568
f 531 532 570
f 531 570 569
f 532 533 571
f 532 571 570
f 533 534 572
f 533 572 571
f 534 535 573
f 534 573 572
f 535 536 574
f 535 574 573
f 536 537 575
f 536 575 574
f 537 538 576
f 537 576 575
f 539 540 578
f 539 578 577
f 540 541 579
f 540 579 578
f 541 542 580
f 541 580 579
f 542 543 581
f 542 581 580
f 543 544 582
f 543 582 581
f 544 545 583
f 544 583 582
f 545 546 584
f 545 584 583
f 546 547 585
f 546 585 584
f 547 548 586
f 547 586 585
f 548 549 587
f 548 587 586
f 549 550 588
f 549 588 587
f 550 551 589
f 550 589 588
f 551 552 590
f 551 590 589
f 552 553 591
f 552 591 590
f 553 554 592
f 553 592 591
f 554 555 593
f 554 593 592
f 555 556 594
f 555 594 593
f 556 557 595
f 556 595 594
f 557 558 596
f 557 596 595
f 558 559 597
f 558 597 596
f 559 560 598
f 559 598 597
f 560 561 599
f 560 599 598
f 561 562 600
f 561 600 599
f 562 563 601
f 562 601 600
f 563 564 602
f 563 602 601
f 564 565 603
f 564 603 602
f 565 566 604
f 565 604 603
f 566 567 605
f 566 605 604
f 567 568 606
f 567 606 605
f 568 569 607
f 568 607 606
f 569 570 608
f 569 608 607
f 570 571 609
f 570 609 608
f 571 572 610
f 571 610 609
f 572 573 611
f 572 611 610
f 573 574 612
f 573 612 611
f 574 575 613
f 574 613 612
f 575 576 614
f 575 614 613
f 577 578 616
f 577 616 615
f 578 579 617
f 578 617 616
f 579 580 618
f 579 618 617
f 580 581 619
f 580 619 618
f 581 582 620
f 581 620 619
f 582 583 621
f 582 621 620
f 583 584 622
f 583 622 621
f 584 585 623
f 584 623 622
f 585 586 624
f 585 624 623
f 586 587 625
f 586 625 624
f 587 588 626
f 587 626 625
f 588 589 627
f 588 627 626
f 589 590 628
f 589 628 627
f 590 591 629
f 590 629 628
f 591 592 630
f 591 630 629
f 592 593 631
f 592 631 630
f 593 594 632
f 593 632 631
f 594 595 633
f 594 633 632
f 595 596 634
f 595 634 633
f 596 597 635
f 596 635 634
f 597 598 636
f 597 636 635
f 598 599 637
f 598 637 636
f 599 600 638
f 599 638 637
f 600 601 639
f 600 639 638
f 601 602 640
f 601 640 639
f 602 603 641
f 602 641 640
f 603 604 642
f 603 642 641
f 604 605 643
f 604 643 642
f 605 606 644
f 605 644 643
f 606 607 645
f 606 645 644
f 607 608 646
f 607 646 645
f 608 609 647
f 608 647 646
f 609 610 648
f 609 648 647
f 610 611 649
f 610 649 648
f 611 612 650
f 611 650 649
f 612 613 651
f 612 651 650
f 613 614 652
f 613 652 651
f 615 616 654
f 615 654 653
f 616 617 655
f 616 655 654
f 617 618 656
f 617 656 655
f 618 619 657
f 618 657 656
f 619 620 658
f 619 658 657
f 620 621 659
f 620 659 658
f 621 622 660
f 621 660 659
f 622 623 661
f 622 661 660
f 623 624 662
f 623 662 661
f 624 625 663
f 624 663 662
f 625 626 664
f 625 664 663
f 626 627 665
f 626 665 664
f 627 628 666
f 627 666 665
f 628 629 667
f 628 667 666
f 629 630 668
f 629 668 667
f 630 631 669
f 630 669 668
f 631 632 670
f 631 670 669
f 632 633 671
f 632 671 670
f 633 634 672
f 633 672 671
f 634 635 673
f 634 673 672
f 635 636 674
f 635 674 673
f 636 637 675
f 636 675 674
f 637 638 676
f 637 676 675
f 638 639 677
f 638 677 676
f 639 640 678
f 639 678 677
f 640 641 679
f 640 679 678
f 641 642 680
f 641 680 679
f 642 643 681
f 642 681 680
f 643 644 682
f 643 682 681
f 644 645 683
f 644 683 682
f 645 646 684
f 645 684 683
f 646 647 685
f 646 685 684
f 647 648 686
f 647 686 685
f 648 649 687
f 648 687 686
f 649 650 688
f 649 688 687
f 650 651 689
f 650 689 688
f 651 652 690
f 651 690 689
f 653 654 692
f 653 692 691
f 654 655 693
f 654 693 692
f 655 656 694
f 655 694 693
f 656 657 695
f 656 695 694
f 657 658 696
f 657 696 695
f 658 659 697
f 658 697 696
f 659 660 698
f 659 698 697
f 660 661 699
f 660 699 698
f 661 662 700
f 661 700 699
f 662 663 701
f 662 701 700
f 663 664 702
f 663 702 701
f 664 665 703
f 664 703 702
f 665 666 704
f 665 704 703
f 666 667 705
f 666 705 704
f 667 668 706
f 667 706 705
f 668 669 707
f 668 707 706
f 669 670 708
f 669 708 707
f 670 671 709
f 670 709 708
f 671 672 710
f 671 710 709
f 672 673 711
f 672 711 710
f 673 674 712
f 673 712 711
f 674 675 713
f 674 713 712
f 675 676 714
f 675 714 713
f 676 677 715
f 676 715 714
f 677 678 716
f 677 716 715
f 678 679 717
f 678 717 716
f 679 680 718
f 679 718 717
f 680 681 719
f 680 719 718
f 681 682 720
f 681 720 719
f 682 683 721
f 682 721 720
f 683 684 722
f 683 722 721
f 684 685 723
f 684 723 722
f 685 686 724
f 685 724 723
f 686 687 725
f 686 725 724
f 687 688 726
f 687 726 725
f 688 689 727
f 688 727 726
f 689 690 728
f 689 728 727
f 691 692 730
f 691 730 729
f 692 693 731
f 692 731 730
f 693 694 732
f 693 732 731
f 694 695 733
f 694 733 732
f 695 696 734
f 695 734 733
f 696 697 735
f 696 735 734
f 697 698 736
f 697 736 735
f 698 699 737
f 698 737 736
f 699 700 738
f 699 738 737
f 700 701 739
f 700 739 738
f 701 702 740
f 701 740 739
f 702 703 741
f 702 741 740
f 703 704 742
f 703 742 741
f 704 705 743
f 704 743 742
f 705 706 744
f 705 744 743
f 706 707 745
f 706 745 744
f 707 708 746
f 707 746 745
f 708 709 747
f 708 747 746
f 709 710 748
f 709 748 747
f 710 711 749
f 710 749 748
f 711 712 750
f 711 750 749
f 712 713 751
f 712 751 750
f 713 714 752
f 713 752 751
f 714 715 753
f 714 753 752
f 715 716 754
f 715 754 753
f 716 717 755
f 716 755 754
f 717 718 756
f 717 756 755
f 718 719 757
f 718 757 756
f 719 720 758
f 719 758 757
f 720 721 759
f 720 759 758
f 721 722 760
f 721 760 759
f 722 723 761
f 722 761 760
f 723 724 762
f 723 762 761
f 724 725 763
f 724 763 762
f 725 726 764
f 725 764 763
f 726 727 765
f 726 765 764
f 727 728 766
f 727 766 765
f 729 730 768
f 729 768 767
f 730 731 769
f 730 769 768
f 731 732 770
f 731 770 769
f 732 733 771
f 732 771 770
f 733 734 772
f 733 772 771
f 734 735 773
f 734 773 772
f 735 736 774
f 735 774 773
f 736 737 775
f 736 775 774
f 737 738 776
f 737 776 775
f 738 739 777
f 738 777 776
f 739 740 778
f 739 778 777
f 740 741 779
f 740 779 778
f 741 742 780
f 741 780 779
f 742 743 781
f 742 781 780
f 743 744 782
f 743 782 781
f 744 745 783
f 744 783 782
f 745 746 784
f 745 784 783
f 746 747 785
f 746 785 784
f 747 748 786
f 747 786 785
f 748 749 787
f 748 787 786
f 749 750 788
f 749 788 787
f 750 751 789
f 750 789 788
f 751 752 790
f 751 790 789
f 752 753 791
f 752 791 790
f 753 754 792
f 753 792 791
f 754 755 793
f 754 793 792
f 755 756 794
f 755 794 793
f 756 757 795
f 756 795 794
f 757 758 796
f 757 796 795
f 758 759 797
f 758 797 796
f 759 760 798
f 759 798 797
f 760 761 799
f 760 799 798
f 761 762 800
f 761 800 799
f 762 763 801
f 762 801 800
f 763 764 802
f 763 802 801
f 764 765 803
f 764 803 802
f 765 766 804
f 765 804 803
f 767 768 806
f 767 806 805
f 768 769 807
f 768 807 806
f 769 770 808
f 769 808 807
f 770 771 809
f 770 809 808
f 771 772 810
f 771 810 809
f 772 773 811
f 772 811 810
f 773 774 812
f 773 812 811
f 774 775 813
f 774 813 812
f 775 776 814
f 775 814 813
f 776 777 815
f 776 815 814
f 777 778 816
f 777 816 815
f 778 779 817
f 778 817 816
f 779 780 818
f 779 818 817
f 780 781 819
f 780 819 818
f 781 782 820
f 781 820 819
f 782 783 821
f 782 821 820
f 783 784 822
f 783 822 821
f 784 785 823
f 784 823 822
f 785 786 824
f 785 824 823
f 786 787 825
f 786 825 824
f 787 788 826
f 787 826 825
f 788 789 827
f 788 827 826
f 789 790 828
f 789 828 827
f 790 791 829
f 790 829 828
f 791 792 830
f 791 830 829
f 792 793 831
f 792 831 830
f 793 794 832
f 793 832 831
f 794 795 833
f 794 833 832
f 795 796 834
f 795 834 833
f 796 797 835
f 796 835 834
f 797 798 836
f 797 836 835
f 798 799 837
f 798 837 836
f 799 800 838
f 799 838 837
f 800 801 839
f 800 839 838
f 801 802 840
f 801 840 839
f 802 803 841
f 802 841 840
f 803 804 842
f 803 842 841
f 805 806 844
f 805 844 843
f 806 807 845
f 806 845 844
f 807 808 846
f 807 846 845
f 808 809 847
f 808 847 846
f 809 810 848
f 809 848 847
f 810 811 849
f 810 849 848
f 811 812 850
f 811 850 849
f 812 813 851
f 812 851 850
f 813 814 852
f 813 852 851
f 814 815 853
f 814 853 852
f 815 816 854
f 815 854 853
f 816 817 855
f 816 855 854
f 817 818 856
f 817 856 855
f 818 819 857
f 818 857 856
f 819 820 858
f 819 858 857
f 820 821 859
f 820 859 858
f 821 822 860
f 821 860 859
f 822 823 861
f 822 861 860
f 823 824 862
f 823 862 861
f 824 825 863
f 824 863 862
f 825 826 864
f 825 864 863
f 826 827 865
f 826 865 864
f 827 828 866
f 827 866 865
f 828 829 867
f 828 867 866
f 829 830 868
f 829 868 867
f 830 831 869
f 830 869 868
f 831 832 870
f 831 870 869
f 832 833 871
f 832 871 870
f 833 834 872
f 833 872 871
f 834 835 873
f 834 873 872
f 835 836 874
f 835 874 873
f 836 837 875
f 836 875 874
f 837 838 876
f 837 876 875
f 838 839 877
f 838 877 876
f 839 840 878
f 839 878 877
f 840 841 879
f 840 879 878
f 841 842 880
f 841 880 879
f 843 844 882
f 843 882 881
f 844 845 883
f 844 883 882
f 845 846 884
f 845 884 883
f 846 847 885
f 846 885 884
f 847 848 886
f 847 886 885
f 848 849 887
f 848 887 886
f 849 850 888
f 849 888 887
f 850 851 889
f 850 889 888
f 851 852 890
f 851 890 889
f 852 853 891
f 852 891 890
f 853 854 892
f 853 892 891
f 854 855 893
f 854 893 892
f 855 856 894
f 855 894 893
f 856 857 895
f 856 895 894
f 857 858 896
f 857 896 895
f 858 859 897
f 858 897 896
f 859 860 898
f 859 898 897
f 860 861 899
f 860 899 898
f 861 862 900
f 861 900 899
f 862 863 901
f 862 901 900
f 863 864 902
f 863 902 901
f 864 865 903
f 864 903 902
f 865 866 904
f 865 904 903
f 866 867 905
f 866 905 904
f 867 868 906
f 867 906 905
f 868 869 907
f 868 907 906
f 869 870 908
f 869 908 907
f 870 871 909
f 870 909 908
f 871 872 910
f 871 910 909
f 872 873 911
f 872 911 910
f 873 874 912
f 873 912 911
f 874 875 913
f 874 913 912
f 875 876 914
f 875 914 913
f 876 877 915
f 876 915 914
f 877 878 916
f 877 916 915
f 878 879 917
f 878 917 916
f 879 880 918
f 879 918 917
f 881 882 920
f 881 920 919
f 882 883 921
f 882 921 920
f 883 884 922
f 883 922 921
f 884 885 923
f 884 923 922
f 885 886 924
f 885 924 923
f 886 887 925
f 886 925 924
f 887 888 926
f 887 926 925
f 888 889 927
f 888 927 926
f 889 890 928
f 889 928 927
f 890 891 929
f 890 929 928
f 891 892 930
f 891 930 929
f 892 893 931
f 892 931 930
f 893 894 932
f 893 932 931
f 894 895 933
f 894 933 932
f 895 896 934
f 895 934 933
f 896 897 935
f 896 935 934
f 897 898 936
f 897 936 935
f 898 899 937
f 898 937 936
f 899 900 938
f 899 938 937
f 900 901 939
f 900 939 938
f 901 902 940
f 901 940 939
f 902 903 941
f 902 941 940
f 903 904 942
f 903 942 941
f 904 905 943
f 904 943 942
f 905 906 944
f 905 944 943
f 906 907 945
f 906 945 944
f 907 908 946
f 907 946 945
f 908 909 947
f 908 947 946
f 909 910 948
f 909 948 947
f 910 911 949
f 910 949 948
f 911 912 950
f 911 950 949
f 912 913 951
f 912 951 950
f 913 914 952
f 913 952 951
f 914 915 953
f 914 953 952
f 915 916 954
f 915 954 953
f 916 917 955
f 916 955 954
f 917 918 956
f 917 956 955
f 919 920 958
f 919 958 957
f 920 921 959
f 920 959 958
f 921 922 960
f 921 960 959
f 922 923 961
f 922 961 960
f 923 924 962
f 923 962 961
f 924 925 963
f 924 963 962
f 925 926 964
f 925 964 963
f 926 927 965
f 926 965 964
f 927 928 966
f 927 966 965
f 928 929 967
f 928 967 966
f 929 930 968
f 929 968 967
f 930 931 969
f 930 969 968
f 931 932 970
f 931 970 969
f 932 933 971
f 932 971 970
f 933 934 972
f 933 972 971
f 934 935 973
f 934 973 972
f 935 936 974
f 935 974 973
f 936 937 975
f 936 975 974
f 937 938 976
f 937 976 975
f 938 939 977
f 938 977 976
f 939 940 978
f 939 978 977
f 940 941 979
f 940 979 978
f 941 942 980
f 941 980 979
f 942 943 981
f 942 981 980
f 943 944 982
f 943 982 981
f 944 945 983
f 944 983 982
f 945 946 984
f 945 984 983
f 946 947 985
f 946 985 984
f 947 948 986
f 947 986 985
f 948 949 987
f 948 987 986
f 949 950 988
f 949 988 987
f 950 951 989
f 950 989 988
f 951 952 990
f 951 990 989
f 952 953 991
f 952 991 990
f 953 954 992
f 953 992 991
f 954 955 993
f 954 993 992
f 955 956 994
f 955 994 993
f 957 958 996
f 957 996 995
f 958 959 997
f 958 997 996
f 959 960 998
f 959 998 997
f 960 961 999
f 960 999 998
f 961 962 1000
f 961 1000 999
f 962 963 1001
f 962 1001 1000
f 963 964 1002
f 963 1002 1001
f 964 965 1003
f 964 1003 1002
f 965 966 1004
f 965 1004 1003
f 966 967 1005
f 966 1005 1004
f 967 968 1006
f 967 1006 1005
f 968 969 1007
f 968 1007 1006
f 969 970 1008
f 969 1008 1007
f 970 971 1009
f 970 1009 1008
f 971 972 1010
f 971 1010 1009
f 972 973 1011
f 972 1011 1010
f 973 974 1012
f 973 1012 1011
f 974 975 1013
f 974 1013 1012
f 975 976 1014
f 975 1014 1013
f 976 977 1015
f 976 1015 1014
f 977 978 1016
f 977 1016 1015
f 978 979 1017
f 978 1017 1016
f 979 980 1018
f 979 1018 1017
f 980 981 1019
f 980 1019 1018
f 981 982 1020
f 981 1020 1019
f 982 983 1021
f 982 1021 1020
f 983 984 1022
f 983 1022 1021
f 984 985 1023
f 984 1023 1022
f 985 986 1024
f 985 1024 1023
f 986 987 1025
f 986 1025 1024
f 987 988 1026
f 987 1026 1025
f 988 989 1027
f 988 1027 1026
f 989 990 1028
f 989 1028 1027
f 990 991 1029
f 990 1029 1028
f 991 992 1030
f 991 1030 1029
f 992 993 1031
f 992 1031 1030
f 993 994 1032
f 993 1032 1031
f 995 996 1034
f 995 1034 1033
f 996 997 1035
f 996 1035 1034
f 997 998 1036
f 997 1036 1035
f 998 999 1037
f 998 1037 1036
f 999 1000 1038
f 999 1038 1037
f 1000 1001 1039
f 1000 1039 1038
f 1001 1002 1040
f 1001 1040 1039
f 1002 1003 1041
f 1002 1041 1040
f 1003 1004 1042
f 1003 1042 1041
f 1004 1005 1043
f 1004 1043 1042
f 1005 1006 1044
f 1005 1044 1043
f 1006 1007 1045
f 1006 1045 1044
f 1007 1008 1046
f 1007 1046 1045
f 1008 1009 1047
f 1008 1047 1046
f 1009 1010 1048
f 1009 1048 1047
f 1010 1011 1049
f 1010 1049 1048
f 1011 1012 1050
f 1011 1050 1049
f 1012 1013 1051
f 1012 1051 1050
f 1013 1014 1052
f 1013 1052 1051
f 1014 1015 1053
f 1014 1053 1052
f 1015 1016 1054
f 1015 1054 1053
f 1016 1017 1055
f 1016 1055 1054
f 1017 1018 1056
f 1017 1056 1055
f 1018 1019 1057
f 1018 1057 1056
f 1019 1020 1058
f 1019 1058 1057
f 1020 1021 1059
f 1020 1059 1058
f 1021 1022 1060
f 1021 1060 1059
f 1022 1023 1061
f 1022 1061 1060
f 1023 1024 1062
f 1023 1062 1061
f 1024 1025 1063
f 1024 1063 1062
f 1025 1026 1064
f 1025 1064 1063
f 1026 1027 1065
f 1026 1065 1064
f 1027 1028 1066
f 1027 1066 1065
f 1028 1029 1067
f 1028 1067 1066
f 1029 1030 1068
f 1029 1068 1067
f 1030 1031 1069
f 1030 1069 1068
f 1031 1032 1070
f 1031 1070 1069
f 1033 1034 1072
f 1033 1072 1071
f 1034 1035 1073
f 1034 1073 1072
f 1035 1036 1074
f 1035 1074 1073
f 1036 1037 1075
f 1036 1075 1074
f 1037 1038 1076
f 1037 1076 1075
f 1038 1039 1077
f 1038 1077 1076
f 1039 1040 1078
f 1039 1078 1077
f 1040 1041 1079
f 1040 1079 1078
f 1041 1042 1080
f 1041 1080 1079
f 1042 1043 1081
f 1042 1081 1080
f 1043 1044 1082
f 1043 1082 1081
f 1044 1045 1083
f 1044 1083 1082
f 1045 1046 1084
f 1045 1084 1083
f 1046 1047 1085
f 1046 1085 1084
f 1047 1048 1086
f 1047 1086 1085
f 1048 1049 1087
f 1048 1087 1086
f 1049 1050 1088
f 1049 1088 1087
f 1050 1051 1089
f 1050 1089 1088
f 1051 1052 1090
f 1051 1090 1089
f 1052 1053 1091
f 1052 1091 1090
f 1053 1054 1092
f 1053 1092 1091
f 1054 1055 1093
f 1054 1093 1092
f 1055 1056 1094
f 1055 1094 1093
f 1056 1057 1095
f 1056 1095 1094
f 1057 1058 1096
f 1057 1096 1095
f 1058 1059 1097
f 1058 1097 1096
f 1059 1060 1098
f 1059 1098 1097
f 1060 1061 1099
f 1060 1099 1098
f 1061 1062 1100
f 1061 1100 1099
f 1062 1063 1101
f 1062 1101 1100
f 1063 1064 1102
f 1063 1102 1101
f 1064 1065 1103
f 1064 1103 1102
f 1065 1066 1104
f 1065 1104 1103
f 1066 1067 1105
f 1066 1105 1104
f 1067 1068 1106
f 1067 1106 1105
f 1068 1069 1107
f 1068 1107 1106
f 1069 1070 1108
f 1069 1108 1107
f 1071 1072 1110
f 1071 1110 1109
f 1072 1073 1111
f 1072 1111 1110
f 1073 1074 1112
f 1073 1112 1111
f 1074 1075 1113
f 1074 1113 1112
f 1075 1076 1114
f 1075 1114 1113
f 1076 1077 1115
f 1076 1115 1114
f 1077 1078 1116
f 1077 1116 1115
f 1078 1079 1117
f 1078 1117 1116
f 1079 1080 1118
f 1079 1118 1117
f 1080 1081 1119
f 1080 1119 1118
f 1081 1082 1120
f 1081 1120 1119
f 1082 1083 1121
f 1082 1121 1120
f 1083 1084 1122
f 1083 1122 1121
f 1084 1085 1123
f 1084 1123 1122
f 1085 1086 1124
f 1085 1124 1123
f 1086 1087 1125
f 1086 1125 1124
f 1087 1088 1126
f 1087 1126 1125
f 1088 1089 1127
f 1088 1127 1126
f 1089 1090 1128
f 1089 1128 1127
f 1090 1091 1129
f 1090 1129 1128
f 1091 1092 1130
f 1091 1130 1129
f 1092 1093 1131
f 1092 1131 1130
f 1093 1094 1132
f 1093 1132 1131
f 1094 1095 1133
f 1094 1133 1132
f 1095 1096 1134
f 1095 1134 1133
f 1096 1097 1135
f 1096 1135 1134
f 1097 1098 1136
f 1097 1136 1135
f 1098 1099 1137
f 1098 1137 1136
f 1099 1100 1138
f 1099 1138 1137
f 1100 1101 1139
f 1100 1139 1138
f 1101 1102 1140
f 1101 1140 1139
f 1102 1103 1141
f 1102 1141 1140
f 1103 1104 1142
f 1103 1142 1141
f 1104 1105 1143
f 1104 1143 1142
f 1105 1106 1144
f 1105 1144 1143
f 1106 1107 1145
f 1106 1145 1144
f 1107 1108 1146
f 1107 1146 1145
f 1109 1110 1148
f 1109 1148 1147
f 1110 1111 1149
f 1110 1149 1148
f 1111 1112 1150
f 1111 1150 1149
f 1112 1113 1151
f 1112 1151 1150
f 1113 1114 1152
f 1113 1152 1151
f 1114 1115 1153
f 1114 1153 1152
f 1115 1116 1154
f 1115 1154 1153
f 1116 1117 1155
f 1116 1155 1154
f 1117 1118 1156
f 1117 1156 1155
f 1118 1119 1157
f 1118 1157 1156
f 1119 1120 1158
f 1119 1158 1157
f 1120 1121 1159
f 1120 1159 1158
f 1121 1122 1160
f 1121 1160 1159
f 1122 1123 1161
f 1122 1161 1160
f 1123 1124 1162
f 1123 1162 1161
f 1124 1125 1163
f 1124 1163 1162
f 1125 1126 1164
f 1125 1164 1163
f 1126 1127 1165
f 1126 1165 1164
f 1127 1128 1166
f 1127 1166 1165
f 1128 1129 1167
f 1128 1167 1166
f 1129 1130 1168
f 1129 1168 1167
f 1130 1131 1169
f 1130 1169 1168
f 1131 1132 1170
f 1131 1170 1169
f 1132 1133 1171
f 1132 1171 1170
f 1133 1134 1172
f 1133 1172 1171
f 1134 1135 1173
f 1134 1173 1172
f 1135 1136 1174
f 1135 1174 1173
f 1136 1137 1175
f 1136 1175 1174
f 1137 1138 1176
f 1137 1176 1175
f 1138 1139 1177
f 1138 1177 1176
f 1139 1140 1178
f 1139 1178 1177
f 1140 1141 1179
f 1140 1179 1178
f 1141 1142 1180
f 1141 1180 1179
f 1142 1143 1181
f 1142 1181 1180
f 1143 1144 1182
f 1143 1182 1181
f 1144 1145 1183
f 1144 1183 1182
f 1145 1146 1184
f 1145 1184 1183
f 1147 1148 1186
f 1147 1186 1185
f 1148 1149 1187
f 1148 1187 1186
f 1149 1150 1188
f 1149 1188 1187
f 1150 1151 1189
f 1150 1189 1188
f 1151 1152 1190
f 1151 1190 1189
f 1152 1153 1191
f 1152 1191 1190
f 1153 1154 1192
f 1153 1192 1191
f 1154 1155 1193
f 1154 1193 1192
f 1155 1156 1194
f 1155 1194 1193
f 1156 1157 1195
f 1156 1195 1194
f 1157 1158 1196
f 1157 1196 1195
f 1158 1159 1197
f 1158 1197 1196
f 1159 1160 1198
f 1159 1198 1197
f 1160 1161 1199
f 1160 1199 1198
f 1161 1162 1200
f 1161 1200 1199
f 1162 1163 1201
f 1162 1201 1200
f 1163 1164 1202
f 1163 1202 1201
f 1164 1165 1203
f 1164 1203 1202
f 1165 1166 1204
f 1165 1204 1203
f 1166 1167 1205
f 1166 1205 1204
f 1167 1168 1206
f 1167 1206 1205
f 1168 1169 1207
f 1168 1207 1206
f 1169 1170 1208
f 1169 1208 1207
f 1170 1171 1209
f 1170 1209 1208
f 1171 1172 1210
f 1171 1210 1209
f 1172 1173 1211
f 1172 1211 1210
f 1173 1174 1212
f 1173 1212 1211
f 1174 1175 1213
f 1174 1213 1212
f 1175 1176 1214
f 1175 1214 1213
f 1176 1177 1215
f 1176 1215 1214
f 1177 1178 1216
f 1177 1216 1215
f 1178 1179 1217
f 1178 1217 1216
f 1179 1180 1218
f 1179 1218 1217
f 1180 1181 1219
f 1180 1219 1218
f 1181 1182 1220
f 1181 1220 1219
f 1182 1183 1221
f 1182 1221 1220
f 1183 1184 1222
f 1183 1222 1221
f 1185 1186 1224
f 1185 1224 1223
f 1186 1187 1225
f 1186 1225 1224
f 1187 1188 1226
f 1187 1226 1225
f 1188 1189 1227
f 1188 1227 1226
f 1189 1190 1228
f 1189 1228 1227
f 1190 1191 1229
f 1190 1229 1228
f 1191 1192 1230
f 1191 1230 1229
f 1192 1193 1231
f 1192 1231 1230
f 1193 1194 1232
f 1193 1232 1231
f 1194 1195 1233
f 1194 1233 1232
f 1195 1196 1234
f 1195 1234 1233
f 1196 1197 1235
f 1196 1235 1234
f 1197 1198 1236
f 1197 1236 1235
f 1198 1199 1237
f 1198 1237 1236
f 1199 1200 1238
f 1199 1238 1237
f 1200 1201 1239
f 1200 1239 1238
f 1201 1202 1240
f 1201 1240 1239
f 1202 1203 1241
f 1202 1241 1240
f 1203 1204 1242
f 1203 1242 1241
f 1204 1205 1243
f 1204 1243 1242
f 1205 1206 1244
f 1205 1244 1243
f 1206 1207 1245
f 1206 1245 1244
f 1207 1208 1246
f 1207 1246 1245
f 1208 1209 1247
f 1208 1247 1246
f 1209 1210 1248
f 1209 1248 1247
f 1210 1211 1249
f 1210 1249 1248
f 1211 1212 1250
f 1211 1250 1249
f 1212 1213 1251
f 1212 1251 1250
f 1213 1214 1252
f 1213 1252 1251
f 1214 1215 1253
f 1214 1253 1252
f 1215 1216 1254
f 1215 1254 1253
f 1216 1217 1255
f 1216 1255 1254
f 1217 1218 1256
f 1217 1256 1255
f 1218 1219 1257
f 1218 1257 1256
f 1219 1220 1258
f 1219 1258 1257
f 1220 1221 1259
f 1220 1259 1258
f 1221 1222 1260
f 1221 1260 1259
f 1223 1224 1262
f 1223 1262 1261
f 1224 1225 1263
f 1224 1263 1262
f 1225 1226 1264
f 1225 1264 1263
f 1226 1227 1265
f 1226 1265 1264
f 1227 1228 1266
f 1227 1266 1265
f 1228 1229 1267
f 1228 1267 1266
f 1229 1230 1268
f 1229 1268 1267
f 1230 1231 1269
f 1230 1269 1268
f 1231 1232 1270
f 1231 1270 1269
f 1232 1233 1271
f 1232 1271 1270
f 1233 1234 1272
f 1233 1272 1271
f 1234 1235 1273
f 1234 1273 1272
f 1235 1236 1274
f 1235 1274 1273
f 1236 1237 1275
f 1236 1275 1274
f 1237 1238 1276
f 1237 1276 1275
f 1238 1239 1277
f 1238 1277 1276
f 1239 1240 1278
f 1239 1278 1277
f 1240 1241 1279
f 1240 1279 1278
f 1241 1242 1280
f 1241 1280 1279
f 1242 1243 1281
f 1242 1281 1280
f 1243 1244 1282
f 1243 1282 1281
f 1244 1245 1283
f 1244 1283 1282
f 1245 1246 1284
f 1245 1284 1283
f 1246 1247 1285
f 1246 1285 1284
f 1247 1248 1286
f 1247 1286 1285
f 1248 1249 1287
f 1248 1287 1286
f 1249 1250 1288
f 1249 1288 1287
f 1250 1251 1289
f 1250 1289 1288
f 1251 1252 1290
f 1251 1290 1289
f 1252 1253 1291
f 1252 1291 1290
f 1253 1254 1292
f 1253 1292 1291
f 1254 1255 1293
f 1254 1293 1292
f 1255 1256 1294
f 1255 1294 1293
f 1256 1257 1295
f 1256 1295 1294
f 1257 1258 1296
f 1257 1296 1295
f 1258 1259 1297
f 1258 1297 1296
f 1259 1260 1298
f 1259 1298 1297
f 1261 1262 1300
f 1261 1300 1299
f 1262 1263 1301
f 1262 1301 1300
f 1263 1264 1302
f 1263 1302 1301
f 1264 1265 1303
f 1264 1303 1302
f 1265 1266 1304
f 1265 1304 1303
f 1266 1267 1305
f 1266 1305 1304
f 1267 1268 1306
f 1267 1306 1305
f 1268 1269 1307
f 1268 1307 1306
f 1269 1270 1308
f 1269 1308 1307
f 1270 1271 1309
f 1270 1309 1308
f 1271 1272 1310
f 1271 1310 1309
f 1272 1273 1311
f 1272 1311 1310
f 1273 1274 1312
f 1273 1312 1311
f 1274 1275 1313
f 1274 1313 1312
f 1275 1276 1314
f 1275 1314 1313
f 1276 1277 1315
f 1276 1315 1314
f 1277 1278 1316
f 1277 1316 1315
f 1278 1279 1317
f 1278 1317 1316
f 1279 1280 1318
f 1279 1318 1317
f 1280 1281 1319
f 1280 1319 1318
f 1281 1282 1320
f 1281 1320 1319
f 1282 1283 1321
f 1282 1321 1320
f 1283 1284 1322
f 1283 1322 1321
f 1284 1285 1323
f 1284 1323 1322
f 1285 1286 1324
f 1285 1324 1323
f 1286 1287 1325
f 1286 1325 1324
f 1287 1288 1326
f 1287 1326 1325
f 1288 1289 1327
f 1288 1327 1326
f 1289 1290 1328
f 1289 1328 1327
f 1290 1291 1329
f 1290 1329 1328
f 1291 1292 1330
f 1291 1330 1329
f 1292 1293 1331
f 1292 1331 1330
f 1293 1294 1332
f 1293 1332 1331
f 1294 1295 1333
f 1294 1333 1332
f 1295 1296 1334
f 1295 1334 1333
f 1296 1297 1335
f 1296 1335 1334
f 1297 1298 1336
f 1297 1336 1335
f 1299 1300 1338
f 1299 1338 1337
f 1300 1301 1339
f 1300 1339 1338
f 1301 1302 1340
f 1301 1340 1339
f 1302 1303 1341
f 1302 1341 1340
f 1303 1304 1342
f 1303 1342 1341
f 1304 1305 1343
f 1304 1343 1342
f 1305 1306 1344
f 1305 1344 1343
f 1306 1307 1345
f 1306 1345 1344
f 1307 1308 1346
f 1307 1346 1345
f 1308 1309 1347
f 1308 1347 1346
f 1309 1310 1348
f 1309 1348 1347
f 1310 1311 1349
f 1310 1349 1348
f 1311 1312 1350
f 1311 1350 1349
f 1312 1313 1351
f 1312 1351 1350
f 1313 1314 1352
f 1313 1352 1351
f 1314 1315 1353
f 1314 1353 1352
f 1315 1316 1354
f 1315 1354 1353
f 1316 1317 1355
f 1316 1355 1354
f 1317 1318 1356
f 1317 1356 1355
f 1318 1319 1357
f 1318 1357 1356
f 1319 1320 1358
f 1319 1358 1357
f 1320 1321 1359
f 1320 1359 1358
f 1321 1322 1360
f 1321 1360 1359
f 1322 1323 1361
f 1322 1361 1360
f 1323 1324 1362
f 1323 1362 1361
f 1324 1325 1363
f 1324 1363 1362
f 1325 1326 1364
f 1325 1364 1363
f 1326 1327 1365
f 1326 1365 1364
f 1327 1328 1366
f 1327 1366 1365
f 1328 1329 1367
f 1328 1367 1366
f 1329 1330 1368
f 1329 1368 1367
f 1330 1331 1369
f 1330 1369 1368
f 1331 1332 1370
f 1331 1370 1369
f 1332 1333 1371
f 1332 1371 1370
f 1333 1334 1372
f 1333 1372 1371
f 1334 1335 1373
f 1334 1373 1372
f 1335 1336 1374
f 1335 1374 1373
f 1337 1338 1376
f 1337 1376 1375
f 1338 1339 1377
f 1338 1377 1376
f 1339 1340 1378
f 1339 1378 1377
f 1340 1341 1379
f 1340 1379 1378
f 1341 1342 1380
f 1341 1380 1379
f 1342 1343 1381
f 1342 1381 1380
f 1343 1344 1382
f 1343 1382 1381
f 1344 1345 1383
f 1344 1383 1382
f 1345 1346 1384
f 1345 1384 1383
f 1346 1347 1385
f 1346 1385 1384
f 1347 1348 1386
f 1347 1386 1385
f 1348 1349 1387
f 1348 1387 1386
f 1349 1350 1388
f 1349 1388 1387
f 1350 1351 1389
f 1350 1389 1388
f 1351 1352 1390
f 1351 1390 1389
f 1352 1353 1391
f 1352 1391 1390
f 1353 1354 1392
f 1353 1392 1391
f 1354 1355 1393
f 1354 1393 1392
f 1355 1356 1394
f 1355 1394 1393
f 1356 1357 1395
f 1356 1395 1394
f 1357 1358 1396
f 1357 1396 1395
f 1358 1359 1397
f 1358 1397 1396
f 1359 1360 1398
f 1359 1398 1397
f 1360 1361 1399
f 1360 1399 1398
f 1361 1362 1400
f 1361 1400 1399
f 1362 1363 1401
f 1362 1401 1400
f 1363 1364 1402
f 1363 1402 1401
f 1364 1365 1403
f 1364 1403 1402
f 1365 1366 1404
f 1365 1404 1403
f 1366 1367 1405
f 1366 1405 1404
f 1367 1368 1406
f 1367 1406 1405
f 1368 1369 1407
f 1368 1407 1406
f 1369 1370 1408
f 1369 1408 1407
f 1370 1371 1409
f 1370 1409 1408
f 1371 1372 1410
f 1371 1410 1409
f 1372 1373 1411
f 1372 1411 1410
f 1373 1374 1412
f 1373 1412 1411
f 1375 1376 1414
f 1375 1414 1413
f 1376 1377 1415
f 1376 1415 1414
f 1377 1378 1416
f 1377 1416 1415
f 1378 1379 1417
f 1378 1417 1416
f 1379 1380 1418
f 1379 1418 1417
f 1380 1381 1419
f 1380 1419 1418
f 1381 1382 1420
f 1381 1420 1419
f 1382 1383 1421
f 1382 1421 1420
f 1383 1384 1422
f 1383 1422 1421
f 1384 1385 1423
f 1384 1423 1422
f 1385 1386 1424
f 1385 1424 1423
f 1386 1387 1425
f 1386 1425 1424
f 1387 1388 1426
f 1387 1426 1425
f 1388 1389 1427
f 1388 1427 1426
f 1389 1390 1428
f 1389 1428 1427
f 1390 1391 1429
f 1390 1429 1428
f 1391 1392 1430
f 1391 1430 1429
f 1392 1393 1431
f 1392 1431 1430
f 1393 1394 1432
f 1393 1432 1431
f 1394 1395 1433
f 1394 1433 1432
f 1395 1396 1434
f 1395 1434 1433
f 1396 1397 1435
f 1396 1435 1434
f 1397 1398 1436
f 1397 1436 1435
f 1398 1399 1437
f 1398 1437 1436
f 1399 1400 1438
f 1399 1438 1437
f 1400 1401 1439
f 1400 1439 1438
f 1401 1402 1440
f 1401 1440 1439
f 1402 1403 1441
f 1402 1441 1440
f 1403 1404 1442
f 1403 1442 1441
f 1404 1405 1443
f 1404 1443 1442
f 1405 1406 1444
f 1405 1444 1443
f 1406 1407 1445
f 1406 1445 1444
f 1407 1408 1446
f 1407 1446 1445
f 1408 1409 1447
f 1408 1447 1446
f 1409 1410 1448
f 1409 1448 1447
f 1410 1411 1449
f 1410 1449 1448
f 1411 1412 1450
f 1411 1450 1449
f 1413 1414 1452
f 1413 1452 1451
f 1414 1415 1453
f 1414 1453 1452
f 1415 1416 1454
f 1415 1454 1453
f 1416 1417 1455
f 1416 1455 1454
f 1417 1418 1456
f 1417 1456 1455
f 1418 1419 1457
f 1418 1457 1456
f 1419 1420 1458
f 1419 1458 1457
f 1420 1421 1459
f 1420 1459 1458
f 1421 1422 1460
f 1421 1460 1459
f 1422 1423 1461
f 1422 1461 1460
f 1423 1424 1462
f 1423 1462 1461
f 1424 1425 1463
f 1424 1463 1462
f 1425 1426 1464
f 1425 1464 1463
f 1426 1427 1465
f 1426 1465 1464
f 1427 1428 1466
f 1427 1466 1465
f 1428 1429 1467
f 1428 1467 1466
f 1429 1430 1468
f 1429 1468 1467
f 1430 1431 1469
f 1430 1469 1468
f 1431 1432 1470
f 1431 1470 1469
f 1432 1433 1471
f 1432 1471 1470
f 1433 1434 1472
f 1433 1472 1471
f 1434 1435 1473
f 1434 1473 1472
f 1435 1436 1474
f 1435 1474 1473
f 1436 1437 1475
f 1436 1475 1474
f 1437 1438 1476
f 1437 1476 1475
f 1438 1439 1477
f 1438 1477 1476
f 1439 1440 1478
f 1439 1478 1477
f 1440 1441 1479
f 1440 1479 1478
f 1441 1442 1480
f 1441 1480 1479
f 1442 1443 1481
f 1442 1481 1480
f 1443 1444 1482
f 1443 1482 1481
f 1444 1445 1483
f 1444 1483 1482
f 1445 1446 1484
f 1445 1484 1483
f 1446 1447 1485
f 1446 1485 1484
f 1447 1448 1486
f 1447 1486 1485
f 1448 1449 1487
f 1448 1487 1486
f 1449 1450 1488
f 1449 1488 1487
f 1451 1452 1490
f 1451 1490 1489
f 1452 1453 1491
f 1452 1491 1490
f 1453 1454 1492
f 1453 1492 1491
f 1454 1455 1493
f 1454 1493 1492
f 1455 1456 1494
f 1455 1494 1493
f 1456 1457 1495
f 1456 1495 1494
f 1457 1458 1496
f 1457 1496 1495
f 1458 1459 1497
f 1458 1497 1496
f 1459 1460 1498
f 1459 1498 1497
f 1460 1461 1499
f 1460 1499 1498
f 1461 1462 1500
f 1461 1500 1499
f 1462 1463 1501
f 1462 1501 1500
f 1463 1464 1502
f 1463 1502 1501
f 1464 1465 1503
f 1464 1503 1502
f 1465 1466 1504
f 1465 1504 1503
f 1466 1467 1505
f 1466 1505 1504
f 1467 1468 1506
f 1467 1506 1505
f 1468 1469 1507
f 1468 1507 1506
f 1469 1470 1508
f 1469 1508 1507
f 1470 1471 1509
f 1470 1509 1508
f 1471 1472 1510
f 1471 1510 1509
f 1472 1473 1511
f 1472 1511 1510
f 1473 1474 1512
f 1473 1512 1511
f 1474 1475 1513
f 1474 1513 1512
f 1475 1476 1514
f 1475 1514 1513
f 1476 1477 1515
f 1476 1515 1514
f 1477 1478 1516
f 1477 1516 1515
f 1478 1479 1517
f 1478 1517 1516
f 1479 1480 1518
f 1479 1518 1517
f 1480 1481 1519
f 1480 1519 1518
f 1481 1482 1520
f 1481 1520 1519
f 1482 1483 1521
f 1482 1521 1520
f 1483 1484 1522
f 1483 1522 1521
f 1484 1485 1523
f 1484 1523 1522
f 1485 1486 1524
f 1485 1524 1523
f 1486 1487 1525
f 1486 1525 1524
f 1487 1488 1526
f 1487 1526 1525
f 1489 1490 1528
f 1489 1528 1527
f 1490 1491 1529
f 1490 1529 1528
f 1491 1492 1530
f 1491 1530 1529
f 1492 1493 1531
f 1492 1531 1530
f 1493 1494 1532
f 1493 1532 1531
f 1494 1495 1533
f 1494 1533 1532
f 1495 1496 1534
f 1495 1534 1533
f 1496 1497 1535
f 1496 1535 1534
f 1497 1498 1536
f 1497 1536 1535
f 1498 1499 1537
f 1498 1537 1536
f 1499 1500 1538
f 1499 1538 1537
f 1500 1501 1539
f 1500 1539 1538
f 1501 1502 1540
f 1501 1540 1539
f 1502 1503 1541
f 1502 1541 1540
f 1503 1504 1542
f 1503 1542 1541
f 1504 1505 1543
f 1504 1543 1542
f 1505 1506 1544
f 1505 1544 1543
f 1506 1507 1545
f 1506 1545 1544
f 1507 1508 1546
f 1507 1546 1545
f 1508 1509 1547
f 1508 1547 1546
f 1509 1510 1548
f 1509 1548 1547
f 1510 1511 1549
f 1510 1549 1548
f 1511 1512 1550
f 1511 1550 1549
f 1512 1513 1551
f 1512 1551 1550
f 1513 1514 1552
f 1513 1552 1551
f 1514 1515 1553
f 1514 1553 1552
f 1515 1516 1554
f 1515 1554 1553
f 1516 1517 1555
f 1516 1555 1554
f 1517 1518 1556
f 1517 1556 1555
f 1518 1519 1557
f 1518 1557 1556
f 1519 1520 1558
f 1519 1558 1557
f 1520 1521 1559
f 1520 1559 1558
f 1521 1522 1560
f 1521 1560 1559
f 1522 1523 1561
f 1522 1561 1560
f 1523 1524 1562
f 1523 1562 1561
f 1524 1525 1563
f 1524 1563 1562
f 1525 1526 1564
f 1525 1564 1563
f 1527 1528 1566
f 1527 1566 1565
f 1528 1529 1567
f 1528 1567 1566
f 1529 1530 1568
f 1529 1568 1567
f 1530 1531 1569
f 1530 1569 1568
f 1531 1532 1570
f 1531 1570 1569
f 1532 1533 1571
f 1532 1571 1570
f 1533 1534 1572
f 1533 1572 1571
f 1534 1535 1573
f 1534 1573 1572
f 1535 1536 1574
f 1535 1574 1573
f 1536 1537 1575
f 1536 1575 1574
f 1537 1538 1576
f 1537 1576 1575
f 1538 1539 1577
f 1538 1577 1576
f 1539 1540 1578
f 1539 1578 1577
f 1540 1541 1579
f 1540 1579 1578
f 1541 1542 1580
f 1541 1580 1579
f 1542 1543 1581
f 1542 1581 1580
f 1543 1544 1582
f 1543 1582 1581
f 1544 1545 1583
f 1544 1583 1582
f 1545 1546 1584
f 1545 1584 1583
f 1546 1547 1585
f 1546 1585 1584
f 1547 1548 1586
f 1547 1586 1585
f 1548 1549 1587
f 1548 1587 1586
f 1549 1550 1588
f 1549 1588 1587
f 1550 1551 1589
f 1550 1589 1588
f 1551 1552 1590
f 1551 1590 1589
f 1552 1553 1591
f 1552 1591 1590
f 1553 1554 1592
f 1553 1592 1591
f 1554 1555 1593
f 1554 1593 1592
f 1555 1556 1594
f 1555 1594 1593
f 1556 1557 1595
f 1556 1595 1594
f 1557 1558 1596
f 1557 1596 1595
f 1558 1559 1597
f 1558 1597 1596
f 1559 1560 1598
f 1559 1598 1597
f 1560 1561 1599
f 1560 1599 1598
f 1561 1562 1600
f 1561 1600 1599
f 1562 1563 1601
f 1562 1601 1600
f 1563 1564 1602
f 1563 1602 1601
f 1565 1566 1604
f 1565 1604 1603
f 1566 1567 1605
f 1566 1605 1604
f 1567 1568 1606
f 1567 1606 1605
f 1568 1569 1607
f 1568 1607 1606
f 1569 1570 1608
f 1569 1608 1607
f 1570 1571 1609
f 1570 1609 1608
f 1571 1572 1610
f 1571 1610 1609
f 1572 1573 1611
f 1572 1611 1610
f 1573 1574 1612
f 1573 1612 1611
f 1574 1575 1613
f 1574 1613 1612
f 1575 1576 1614
f 1575 1614 1613
f 1576 1577 1615
f 1576 1615 1614
f 1577 1578 1616
f 1577 1616 1615
f 1578 1579 1617
f 1578 1617 1616
f 1579 1580 1618
f 1579 1618 1617
f 1580 1581 1619
f 1580 1619 1618
f 1581 1582 1620
f 1581 1620 1619
f 1582 1583 1621
f 1582 1621 1620
f 1583 1584 1622
f 1583 1622 1621
f 1584 1585 1623
f 1584 1623 1622
f 1585 1586 1624
f 1585 1624 1623
f 1586 1587 1625
f 1586 1625 1624
f 1587 1588 1626
f 1587 1626 1625
f 1588 1589 1627
f 1588 1627 1626
f 1589 1590 1628
f 1589 1628 1627
f 1590 1591 1629
f 1590 1629 1628
f 1591 1592 1630
f 1591 1630 1629
f 1592 1593 1631
f 1592 1631 1630
f 1593 1594 1632
f 1593 1632 1631
f 1594 1595 1633
f 1594 1633 1632
f 1595 1596 1634
f 1595 1634 1633
f 1596 1597 1635
f 1596 1635 1634
f 1597 1598 1636
f 1597 1636 1635
f 1598 1599 1637
f 1598 1637 1636
f 1599 1600 1638
f 1599 1638 1637
f 1600 1601 1639
f 1600 1639 1638
f 1601 1602 1640
f 1601 1640 1639
f 1603 1604 1642
f 1603 1642 1641
f 1604 1605 1643
f 1604 1643 1642
f 1605 1606 1644
f 1605 1644 1643
f 1606 1607 1645
f 1606 1645 1644
f 1607 1608 1646
f 1607 1646 1645
f 1608 1609 1647
f 1608 1647 1646
f 1609 1610 1648
f 1609 1648 1647
f 1610 1611 1649
f 1610 1649 1648
f 1611 1612 1650
f 1611 1650 1649
f 1612 1613 1651
f 1612 1651 1650
f 1613 1614 1652
f 1613 1652 1651
f 1614 1615 1653
f 1614 1653 1652
f 1615 1616 1654
f 1615 1654 1653
f 1616 1617 1655
f 1616 1655 1654
f 1617 1618 1656
f 1617 1656 1655
f 1618 1619 1657
f 1618 1657 1656
f 1619 1620 1658
f 1619 1658 1657
f 1620 1621 1659
f 1620 1659 1658
f 1621 1622 1660
f 1621 1660 1659
f 1622 1623 1661
f 1622 1661 1660
f 1623 1624 1662
f 1623 1662 1661
f 1624 1625 1663
f 1624 1663 1662
f 1625 1626 1664
f 1625 1664 1663
f 1626 1627 1665
f 1626 1665 1664
f 1627 1628 1666
f 1627 1666 1665
f 1628 1629 1667
f 1628 1667 1666
f 1629 1630 1668
f 1629 1668 1667
f 1630 1631 1669
f 1630 1669 1668
f 1631 1632 1670
f 1631 1670 1669
f 1632 1633 1671
f 1632 1671 1670
f 1633 1634 1672
f 1633 1672 1671
f 1634 1635 1673
f 1634 1673 1672
f 1635 1636 1674
f 1635 1674 1673
f 1636 1637 1675
f 1636 1675 1674
f 1637 1638 1676
f 1637 1676 1675
f 1638 1639 1677
f 1638 1677 1676
f 1639 1640 1678
f 1639 1678 1677
f 1641 1642 1680
f 1641 1680 1679
f 1642 1643 1681
f 1642 1681 1680
f 1643 1644 1682
f 1643 1682 1681
f 1644 1645 1683
f 1644 1683 1682
f 1645 1646 1684
f 1645 1684 1683
f 1646 1647 1685
f 1646 1685 1684
f 1647 1648 1686
f 1647 1686 1685
f 1648 1649 1687
f 1648 1687 1686
f 1649 1650 1688
f 1649 1688 1687
f 1650 1651 1689
f 1650 1689 1688
f 1651 1652 1690
f 1651 1690 1689
f 1652 1653 1691
f 1652 1691 1690
f 1653 1654 1692
f 1653 1692 1691
f 1654 1655 1693
f 1654 1693 1692
f 1655 1656 1694
f 1655 1694 1693
f 1656 1657 1695
f 1656 1695 1694
f 1657 1658 1696
f 1657 1696 1695
f 1658 1659 1697
f 1658 1697 1696
f 1659 1660 1698
f 1659 1698 1697
f 1660 1661 1699
f 1660 1699 1698
f 1661 1662 1700
f 1661 1700 1699
f 1662 1663 1701
f 1662 1701 1700
f 1663 1664 1702
f 1663 1702 1701
f 1664 1665 1703
f 1664 1703 1702
f 1665 1666 1704
f 1665 1704 1703
f 1666 1667 1705
f 1666 1705 1704
f 1667 1668 1706
f 1667 1706 1705
f 1668 1669 1707
f 1668 1707 1706
f 1669 1670 1708
f 1669 1708 1707
f 1670 1671 1709
f 1670 1709 1708
f 1671 1672 1710
f 1671 1710 1709
f 1672 1673 1711
f 1672 1711 1710
f 1673 1674 1712
f 1673 1712 1711
f 1674 1675 1713
f 1674 1713 1712
f 1675 1676 1714
f 1675 1714 1713
f 1676 1677 1715
f 1676 1715 1714
f 1677 1678 1716
f 1677 1716 1715
f 1679 1680 198
f 1679 198 197
f 1680 1681 199
f 1680 199 198
f 1681 1682 200
f 1681 200 199
f 1682 1683 201
f 1682 201 200
f 1683 1684 202
f 1683 202 201
f 1684 1685 203
f 1684 203 202
f 1685 1686 204
f 1685 204 203
f 1686 1687 205
f 1686 205 204
f 1687 1688 206
f 1687 206 205
f 1688 1689 207
f 1688 207 206
f 1689 1690 208
f 1689 208 207
f 1690 1691 209
f 1690 209 208
f 1691 1692 210
f 1691 210 209
f 1692 1693 211
f 1692 211 210
f 1693 1694 212
f 1693 212 211
f 1694 1695 213
f 1694 213 212
f 1695 1696 214
f 1695 214 213
f 1696 1697 215
f 1696 215 214
f 1697 1698 216
f 1697 216 215
f 1698 1699 217
f 1698 217 216
f 1699 1700 218
f 1699 218 217
f 1700 1701 219
f 1700 219 218
f 1701 1702 220
f 1701 220 219
f 1702 1703 221
f 1702 221 220
f 1703 1704 222
f 1703 222 221
f 1704 1705 223
f 1704 223 222
f 1705 1706 224
f 1705 224 223
f 1706 1707 225
f 1706 225 224
f 1707 1708 226
f 1707 226 225
f 1708 1709 227
f 1708 227 226
f 1709 1710 228
f 1709 228 227
f 1710 1711 229
f 1710 229 228
f 1711 1712 230
f 1711 230 229
f 1712 1713 231
f 1712 231 230
f 1713 1714 232
f 1713 232 231
f 1714 1715 233
f 1714 233 232
f 1715 1716 234
f 1715 234 233
