# Generated by Visualization Toolkit
v 19.7265 20.5615 19.7929
v 20.2733 19.4384 20.2071
v 19.9974 19.7711 19.3831
v 20.0023 20.2288 20.617
v 19.8847 20.0251 19.3526
v 19.7527 20.606 20.0676
v 20.2481 19.3943 19.9323
v 20.1162 19.9752 20.6472
v 20.2693 19.4075 20.097
v 20.0503 20.1283 20.6435
v 19.7316 20.5929 19.9028
v 19.9507 19.8722 19.3564
v 19.7622 20.602 20.1184
v 20.2378 19.398 19.8816
v 20.1349 19.9274 20.64
v 19.8651 20.0726 19.36
v 20.16 19.861 20.623
v 20.221 19.4095 19.8115
v 19.7782 20.5901 20.1886
v 19.8392 20.1387 19.3772
v 19.8319 20.1601 19.3843
v 20.1685 19.84 20.6157
v 20.2156 19.4152 19.789
v 19.7847 20.585 20.2109
v 20.1616 19.8563 20.6215
v 20.2196 19.4106 19.8066
v 19.7794 20.589 20.1936
v 19.8374 20.1433 19.3787
v 20.1357 19.9244 20.6394
v 20.2369 19.3982 19.8786
v 19.7635 20.601 20.126
v 19.8631 20.0769 19.361
v 20.1893 19.7793 20.5903
v 19.8027 20.5646 20.2744
v 20.196 19.4348 19.7259
v 19.8095 20.2202 19.4099
v 20.2404 19.397 19.8923
v 20.1312 19.9377 20.6418
v 19.7603 20.6033 20.1076
v 19.8694 20.0626 19.3581
v 19.999954223632812 20.000001907348633 20.658172607421875
v 19.999954223632812 20.000001907348633 19.342098236083984
v 20.05290412902832 20.000001907348633 20.656038284301758
v 20.105510711669922 20.000001907348633 20.64965057373047
v 20.157432556152344 20.000001907348633 20.63905143737793
v 20.20833396911621 20.000001907348633 20.62430763244629
v 20.257883071899414 20.000001907348633 20.60551643371582
v 20.30575942993164 20.000001907348633 20.58279800415039
v 20.351652145385742 20.000001907348633 20.55630111694336
v 20.395265579223633 20.000001907348633 20.52619743347168
v 20.43631362915039 20.000001907348633 20.49268341064453
v 20.474533081054688 20.000001907348633 20.455974578857422
v 20.509672164916992 20.000001907348633 20.41630744934082
v 20.541507720947266 20.000001907348633 20.373943328857422
v 20.56983184814453 20.000001907348633 20.329153060913086
v 20.594457626342773 20.000001907348633 20.282230377197266
v 20.6152286529541 20.000001907348633 20.233478546142578
v 20.63201141357422 20.000001907348633 20.183212280273438
v 20.64469337463379 20.000001907348633 20.131759643554688
v 20.6531925201416 20.000001907348633 20.079452514648438
v 20.65745735168457 20.000001907348633 20.02663230895996
v 20.65745735168457 20.000001907348633 19.9736385345459
v 20.6531925201416 20.000001907348633 19.920818328857422
v 20.64469337463379 20.000001907348633 19.868511199951172
v 20.63201141357422 20.000001907348633 19.817058563232422
v 20.6152286529541 20.000001907348633 19.76679229736328
v 20.594457626342773 20.000001907348633 19.718040466308594
v 20.56983184814453 20.000001907348633 19.671117782592773
v 20.541507720947266 20.000001907348633 19.626327514648438
v 20.509672164916992 20.000001907348633 19.58396339416504
v 20.474533081054688 20.000001907348633 19.544296264648438
v 20.43631362915039 20.000001907348633 19.507587432861328
v 20.395265579223633 20.000001907348633 19.47407341003418
v 20.351652145385742 20.000001907348633 19.4439697265625
v 20.30575942993164 20.000001907348633 19.41747283935547
v 20.257883071899414 20.000001907348633 19.39475440979004
v 20.20833396911621 20.000001907348633 19.37596321105957
v 20.157432556152344 20.000001907348633 19.36121940612793
v 20.105510711669922 20.000001907348633 19.35062026977539
v 20.05290412902832 20.000001907348633 19.3442325592041
v 20.0522518157959 20.008285522460938 20.656038284301758
v 20.104211807250977 20.01651382446289 20.64965057373047
v 20.155494689941406 20.02463722229004 20.63905143737793
v 20.205768585205078 20.03260040283203 20.62430763244629
v 20.25470733642578 20.04034996032715 20.60551643371582
v 20.30199432373047 20.047840118408203 20.58279800415039
v 20.347322463989258 20.05501937866211 20.55630111694336
v 20.390398025512695 20.06184196472168 20.52619743347168
v 20.430940628051758 20.06826400756836 20.49268341064453
v 20.46868896484375 20.074241638183594 20.455974578857422
v 20.50339698791504 20.07973861694336 20.41630744934082
v 20.534841537475586 20.084718704223633 20.373943328857422
v 20.562814712524414 20.089149475097656 20.329153060913086
v 20.587139129638672 20.093002319335938 20.282230377197266
v 20.607654571533203 20.09625244140625 20.233478546142578
v 20.624229431152344 20.098876953125 20.183212280273438
v 20.636754989624023 20.100860595703125 20.131759643554688
v 20.645151138305664 20.102191925048828 20.079452514648438
v 20.649362564086914 20.10285758972168 20.02663230895996
v 20.649362564086914 20.10285758972168 19.9736385345459
v 20.645151138305664 20.102191925048828 19.920818328857422
v 20.636754989624023 20.100860595703125 19.868511199951172
v 20.624229431152344 20.098876953125 19.817058563232422
v 20.607654571533203 20.09625244140625 19.76679229736328
v 20.587139129638672 20.093002319335938 19.718040466308594
v 20.562814712524414 20.089149475097656 19.671117782592773
v 20.534841537475586 20.084718704223633 19.626327514648438
v 20.50339698791504 20.07973861694336 19.58396339416504
v 20.46868896484375 20.074241638183594 19.544296264648438
v 20.430940628051758 20.06826400756836 19.507587432861328
v 20.390398025512695 20.06184196472168 19.47407341003418
v 20.347322463989258 20.05501937866211 19.4439697265625
v 20.30199432373047 20.047840118408203 19.41747283935547
v 20.25470733642578 20.04034996032715 19.39475440979004
v 20.205768585205078 20.03260040283203 19.37596321105957
v 20.155494689941406 20.02463722229004 19.36121940612793
v 20.104211807250977 20.01651382446289 19.35062026977539
v 20.0522518157959 20.008285522460938 19.3442325592041
v 20.050312042236328 20.01636505126953 20.656038284301758
v 20.100343704223633 20.032621383666992 20.64965057373047
v 20.14972496032715 20.04866600036621 20.63905143737793
v 20.198135375976562 20.064393997192383 20.62430763244629
v 20.245258331298828 20.0797061920166 20.60551643371582
v 20.29079246520996 20.094501495361328 20.58279800415039
v 20.33443832397461 20.10868263244629 20.55630111694336
v 20.375917434692383 20.122159957885742 20.52619743347168
v 20.41495704650879 20.134843826293945 20.49268341064453
v 20.451305389404297 20.14665412902832 20.455974578857422
v 20.484725952148438 20.157514572143555 20.41630744934082
v 20.515003204345703 20.16735076904297 20.373943328857422
v 20.54193878173828 20.176103591918945 20.329153060913086
v 20.56536102294922 20.183713912963867 20.282230377197266
v 20.585115432739258 20.19013214111328 20.233478546142578
v 20.601076126098633 20.1953182220459 20.183212280273438
v 20.613136291503906 20.199237823486328 20.131759643554688
v 20.6212215423584 20.20186424255371 20.079452514648438
v 20.625276565551758 20.203182220458984 20.02663230895996
v 20.625276565551758 20.203182220458984 19.9736385345459
v 20.6212215423584 20.20186424255371 19.920818328857422
v 20.613136291503906 20.199237823486328 19.868511199951172
v 20.601076126098633 20.1953182220459 19.817058563232422
v 20.585115432739258 20.19013214111328 19.76679229736328
v 20.56536102294922 20.183713912963867 19.718040466308594
v 20.54193878173828 20.176103591918945 19.671117782592773
v 20.515003204345703 20.16735076904297 19.626327514648438
v 20.484725952148438 20.157514572143555 19.58396339416504
v 20.451305389404297 20.14665412902832 19.544296264648438
v 20.41495704650879 20.134843826293945 19.507587432861328
v 20.375917434692383 20.122159957885742 19.47407341003418
v 20.33443832397461 20.10868263244629 19.4439697265625
v 20.29079246520996 20.094501495361328 19.41747283935547
v 20.245258331298828 20.0797061920166 19.39475440979004
v 20.198135375976562 20.064393997192383 19.37596321105957
v 20.14972496032715 20.04866600036621 19.36121940612793
v 20.100343704223633 20.032621383666992 19.35062026977539
v 20.050312042236328 20.01636505126953 19.3442325592041
v 20.04713249206543 20.02404022216797 20.656038284301758
v 20.094005584716797 20.047924041748047 20.64965057373047
v 20.140268325805664 20.071495056152344 20.63905143737793
v 20.18562126159668 20.0946044921875 20.62430763244629
v 20.22977066040039 20.11709976196289 20.60551643371582
v 20.272428512573242 20.13883399963379 20.58279800415039
v 20.31332015991211 20.159669876098633 20.55630111694336
v 20.3521785736084 20.17947006225586 20.52619743347168
v 20.38875389099121 20.198104858398438 20.49268341064453
v 20.422805786132812 20.215456008911133 20.455974578857422
v 20.454116821289062 20.231409072875977 20.41630744934082
v 20.48248291015625 20.24586296081543 20.373943328857422
v 20.507719039916992 20.25872039794922 20.329153060913086
v 20.529661178588867 20.269901275634766 20.282230377197266
v 20.548168182373047 20.27933120727539 20.233478546142578
v 20.563119888305664 20.286949157714844 20.183212280273438
v 20.574420928955078 20.292707443237305 20.131759643554688
v 20.581995010375977 20.296566009521484 20.079452514648438
v 20.58579444885254 20.29850196838379 20.02663230895996
v 20.58579444885254 20.29850196838379 19.9736385345459
v 20.581995010375977 20.296566009521484 19.920818328857422
v 20.574420928955078 20.292707443237305 19.868511199951172
v 20.563119888305664 20.286949157714844 19.817058563232422
v 20.548168182373047 20.27933120727539 19.76679229736328
v 20.529661178588867 20.269901275634766 19.718040466308594
v 20.507719039916992 20.25872039794922 19.671117782592773
v 20.48248291015625 20.24586296081543 19.626327514648438
v 20.454116821289062 20.231409072875977 19.58396339416504
v 20.422805786132812 20.215456008911133 19.544296264648438
v 20.38875389099121 20.198104858398438 19.507587432861328
v 20.3521785736084 20.17947006225586 19.47407341003418
v 20.31332015991211 20.159669876098633 19.4439697265625
v 20.272428512573242 20.13883399963379 19.41747283935547
v 20.22977066040039 20.11709976196289 19.39475440979004
v 20.18562126159668 20.0946044921875 19.37596321105957
v 20.140268325805664 20.071495056152344 19.36121940612793
v 20.094005584716797 20.047924041748047 19.35062026977539
v 20.04713249206543 20.02404022216797 19.3442325592041
v 20.04279136657715 20.031126022338867 20.656038284301758
v 20.085351943969727 20.06204605102539 20.64965057373047
v 20.127357482910156 20.092565536499023 20.63905143737793
v 20.168537139892578 20.12248420715332 20.62430763244629
v 20.208621978759766 20.151609420776367 20.60551643371582
v 20.247356414794922 20.179750442504883 20.58279800415039
v 20.28448486328125 20.206724166870117 20.55630111694336
v 20.319766998291016 20.232358932495117 20.52619743347168
v 20.352975845336914 20.256486892700195 20.49268341064453
v 20.383895874023438 20.27895164489746 20.455974578857422
v 20.412324905395508 20.299606323242188 20.41630744934082
v 20.438079833984375 20.31831932067871 20.373943328857422
v 20.460994720458984 20.3349666595459 20.329153060913086
v 20.48091697692871 20.349441528320312 20.282230377197266
v 20.497722625732422 20.361652374267578 20.233478546142578
v 20.51129913330078 20.37151527404785 20.183212280273438
v 20.52155876159668 20.378969192504883 20.131759643554688
v 20.5284366607666 20.38396644592285 20.079452514648438
v 20.531885147094727 20.386472702026367 20.02663230895996
v 20.531885147094727 20.386472702026367 19.9736385345459
v 20.5284366607666 20.38396644592285 19.920818328857422
v 20.52155876159668 20.378969192504883 19.868511199951172
v 20.51129913330078 20.37151527404785 19.817058563232422
v 20.497722625732422 20.361652374267578 19.76679229736328
v 20.48091697692871 20.349441528320312 19.718040466308594
v 20.460994720458984 20.3349666595459 19.671117782592773
v 20.438079833984375 20.31831932067871 19.626327514648438
v 20.412324905395508 20.299606323242188 19.58396339416504
v 20.383895874023438 20.27895164489746 19.544296264648438
v 20.352975845336914 20.256486892700195 19.507587432861328
v 20.319766998291016 20.232358932495117 19.47407341003418
v 20.28448486328125 20.206724166870117 19.4439697265625
v 20.247356414794922 20.179750442504883 19.41747283935547
v 20.208621978759766 20.151609420776367 19.39475440979004
v 20.168537139892578 20.12248420715332 19.37596321105957
v 20.127357482910156 20.092565536499023 19.36121940612793
v 20.085351943969727 20.06204605102539 19.35062026977539
v 20.04279136657715 20.031126022338867 19.3442325592041
v 20.037395477294922 20.037443161010742 20.656038284301758
v 20.074594497680664 20.074642181396484 20.64965057373047
v 20.111309051513672 20.111356735229492 20.63905143737793
v 20.147300720214844 20.147348403930664 20.62430763244629
v 20.182336807250977 20.182384490966797 20.60551643371582
v 20.216190338134766 20.216238021850586 20.58279800415039
v 20.248641967773438 20.248689651489258 20.55630111694336
v 20.279481887817383 20.279529571533203 20.52619743347168
v 20.30850601196289 20.30855369567871 20.49268341064453
v 20.33553123474121 20.33557891845703 20.455974578857422
v 20.360380172729492 20.360427856445312 20.41630744934082
v 20.382890701293945 20.382938385009766 20.373943328857422
v 20.402917861938477 20.402965545654297 20.329153060913086
v 20.420331954956055 20.420379638671875 20.282230377197266
v 20.435020446777344 20.435068130493164 20.233478546142578
v 20.44688606262207 20.44693374633789 20.183212280273438
v 20.455852508544922 20.455900192260742 20.131759643554688
v 20.461864471435547 20.461912155151367 20.079452514648438
v 20.464879989624023 20.464927673339844 20.02663230895996
v 20.464879989624023 20.464927673339844 19.9736385345459
v 20.461864471435547 20.461912155151367 19.920818328857422
v 20.455852508544922 20.455900192260742 19.868511199951172
v 20.44688606262207 20.44693374633789 19.817058563232422
v 20.435020446777344 20.435068130493164 19.76679229736328
v 20.420331954956055 20.420379638671875 19.718040466308594
v 20.402917861938477 20.402965545654297 19.671117782592773
v 20.382890701293945 20.382938385009766 19.626327514648438
v 20.360380172729492 20.360427856445312 19.58396339416504
v 20.33553123474121 20.33557891845703 19.544296264648438
v 20.30850601196289 20.30855369567871 19.507587432861328
v 20.279481887817383 20.279529571533203 19.47407341003418
v 20.248641967773438 20.248689651489258 19.4439697265625
v 20.216190338134766 20.216238021850586 19.41747283935547
v 20.182336807250977 20.182384490966797 19.39475440979004
v 20.147300720214844 20.147348403930664 19.37596321105957
v 20.111309051513672 20.111356735229492 19.36121940612793
v 20.074594497680664 20.074642181396484 19.35062026977539
v 20.037395477294922 20.037443161010742 19.3442325592041
v 20.031078338623047 20.04283905029297 20.656038284301758
v 20.06199836730957 20.085399627685547 20.64965057373047
v 20.092517852783203 20.127405166625977 20.63905143737793
v 20.1224365234375 20.1685848236084 20.62430763244629
v 20.151561737060547 20.208669662475586 20.60551643371582
v 20.179702758789062 20.247404098510742 20.58279800415039
v 20.206676483154297 20.28453254699707 20.55630111694336
v 20.232311248779297 20.319814682006836 20.52619743347168
v 20.256439208984375 20.353023529052734 20.49268341064453
v 20.27890396118164 20.383943557739258 20.455974578857422
v 20.299558639526367 20.412372589111328 20.41630744934082
v 20.31827163696289 20.438127517700195 20.373943328857422
v 20.334918975830078 20.461042404174805 20.329153060913086
v 20.349395751953125 20.48096466064453 20.282230377197266
v 20.361604690551758 20.497770309448242 20.233478546142578
v 20.37146759033203 20.5113468170166 20.183212280273438
v 20.378921508789062 20.5216064453125 20.131759643554688
v 20.38391876220703 20.528484344482422 20.079452514648438
v 20.386425018310547 20.531932830810547 20.02663230895996
v 20.386425018310547 20.531932830810547 19.9736385345459
v 20.38391876220703 20.528484344482422 19.920818328857422
v 20.378921508789062 20.5216064453125 19.868511199951172
v 20.37146759033203 20.5113468170166 19.817058563232422
v 20.361604690551758 20.497770309448242 19.76679229736328
v 20.349395751953125 20.48096466064453 19.718040466308594
v 20.334918975830078 20.461042404174805 19.671117782592773
v 20.31827163696289 20.438127517700195 19.626327514648438
v 20.299558639526367 20.412372589111328 19.58396339416504
v 20.27890396118164 20.383943557739258 19.544296264648438
v 20.256439208984375 20.353023529052734 19.507587432861328
v 20.232311248779297 20.319814682006836 19.47407341003418
v 20.206676483154297 20.28453254699707 19.4439697265625
v 20.179702758789062 20.247404098510742 19.41747283935547
v 20.151561737060547 20.208669662475586 19.39475440979004
v 20.1224365234375 20.1685848236084 19.37596321105957
v 20.092517852783203 20.127405166625977 19.36121940612793
v 20.06199836730957 20.085399627685547 19.35062026977539
v 20.031078338623047 20.04283905029297 19.3442325592041
v 20.02399253845215 20.04718017578125 20.656038284301758
v 20.047876358032227 20.094053268432617 20.64965057373047
v 20.071447372436523 20.140316009521484 20.63905143737793
v 20.09455680847168 20.1856689453125 20.62430763244629
v 20.11705207824707 20.22981834411621 20.60551643371582
v 20.13878631591797 20.272476196289062 20.58279800415039
v 20.159622192382812 20.31336784362793 20.55630111694336
v 20.17942237854004 20.35222625732422 20.52619743347168
v 20.198057174682617 20.38880157470703 20.49268341064453
v 20.215408325195312 20.422853469848633 20.455974578857422
v 20.231361389160156 20.454164505004883 20.41630744934082
v 20.24581527709961 20.48253059387207 20.373943328857422
v 20.2586727142334 20.507766723632812 20.329153060913086
v 20.269853591918945 20.529708862304688 20.282230377197266
v 20.27928352355957 20.548215866088867 20.233478546142578
v 20.286901473999023 20.563167572021484 20.183212280273438
v 20.292659759521484 20.5744686126709 20.131759643554688
v 20.296518325805664 20.582042694091797 20.079452514648438
v 20.29845428466797 20.58584213256836 20.02663230895996
v 20.29845428466797 20.58584213256836 19.9736385345459
v 20.296518325805664 20.582042694091797 19.920818328857422
v 20.292659759521484 20.5744686126709 19.868511199951172
v 20.286901473999023 20.563167572021484 19.817058563232422
v 20.27928352355957 20.548215866088867 19.76679229736328
v 20.269853591918945 20.529708862304688 19.718040466308594
v 20.2586727142334 20.507766723632812 19.671117782592773
v 20.24581527709961 20.48253059387207 19.626327514648438
v 20.231361389160156 20.454164505004883 19.58396339416504
v 20.215408325195312 20.422853469848633 19.544296264648438
v 20.198057174682617 20.38880157470703 19.507587432861328
v 20.17942237854004 20.35222625732422 19.47407341003418
v 20.159622192382812 20.31336784362793 19.4439697265625
v 20.13878631591797 20.272476196289062 19.41747283935547
v 20.11705207824707 20.22981834411621 19.39475440979004
v 20.09455680847168 20.1856689453125 19.37596321105957
v 20.071447372436523 20.140316009521484 19.36121940612793
v 20.047876358032227 20.094053268432617 19.35062026977539
v 20.02399253845215 20.04718017578125 19.3442325592041
v 20.01631736755371 20.05035972595215 20.656038284301758
v 20.032573699951172 20.100391387939453 20.64965057373047
v 20.04861831665039 20.14977264404297 20.63905143737793
v 20.064346313476562 20.198183059692383 20.62430763244629
v 20.07965850830078 20.24530601501465 20.60551643371582
v 20.094453811645508 20.29084014892578 20.58279800415039
v 20.10863494873047 20.33448600769043 20.55630111694336
v 20.122112274169922 20.375965118408203 20.52619743347168
v 20.134796142578125 20.41500473022461 20.49268341064453
v 20.1466064453125 20.451353073120117 20.455974578857422
v 20.157466888427734 20.484773635864258 20.41630744934082
v 20.16730308532715 20.515050888061523 20.373943328857422
v 20.176055908203125 20.5419864654541 20.329153060913086
v 20.183666229248047 20.56540870666504 20.282230377197266
v 20.19008445739746 20.585163116455078 20.233478546142578
v 20.195270538330078 20.601123809814453 20.183212280273438
v 20.199190139770508 20.613183975219727 20.131759643554688
v 20.20181655883789 20.62126922607422 20.079452514648438
v 20.203134536743164 20.625324249267578 20.02663230895996
v 20.203134536743164 20.625324249267578 19.9736385345459
v 20.20181655883789 20.62126922607422 19.920818328857422
v 20.199190139770508 20.613183975219727 19.868511199951172
v 20.195270538330078 20.601123809814453 19.817058563232422
v 20.19008445739746 20.585163116455078 19.76679229736328
v 20.183666229248047 20.56540870666504 19.718040466308594
v 20.176055908203125 20.5419864654541 19.671117782592773
v 20.16730308532715 20.515050888061523 19.626327514648438
v 20.157466888427734 20.484773635864258 19.58396339416504
v 20.1466064453125 20.451353073120117 19.544296264648438
v 20.134796142578125 20.41500473022461 19.507587432861328
v 20.122112274169922 20.375965118408203 19.47407341003418
v 20.10863494873047 20.33448600769043 19.4439697265625
v 20.094453811645508 20.29084014892578 19.41747283935547
v 20.07965850830078 20.24530601501465 19.39475440979004
v 20.064346313476562 20.198183059692383 19.37596321105957
v 20.04861831665039 20.14977264404297 19.36121940612793
v 20.032573699951172 20.100391387939453 19.35062026977539
v 20.01631736755371 20.05035972595215 19.3442325592041
v 20.008237838745117 20.05229949951172 20.656038284301758
v 20.01646614074707 20.104259490966797 20.64965057373047
v 20.02458953857422 20.155542373657227 20.63905143737793
v 20.03255271911621 20.2058162689209 20.62430763244629
v 20.040302276611328 20.2547550201416 20.60551643371582
v 20.047792434692383 20.30204200744629 20.58279800415039
v 20.05497169494629 20.347370147705078 20.55630111694336
v 20.06179428100586 20.390445709228516 20.52619743347168
v 20.06821632385254 20.430988311767578 20.49268341064453
v 20.074193954467773 20.46873664855957 20.455974578857422
v 20.07969093322754 20.50344467163086 20.41630744934082
v 20.084671020507812 20.534889221191406 20.373943328857422
v 20.089101791381836 20.562862396240234 20.329153060913086
v 20.092954635620117 20.587186813354492 20.282230377197266
v 20.09620475769043 20.607702255249023 20.233478546142578
v 20.09882926940918 20.624277114868164 20.183212280273438
v 20.100812911987305 20.636802673339844 20.131759643554688
v 20.102144241333008 20.645198822021484 20.079452514648438
v 20.10280990600586 20.649410247802734 20.02663230895996
v 20.10280990600586 20.649410247802734 19.9736385345459
v 20.102144241333008 20.645198822021484 19.920818328857422
v 20.100812911987305 20.636802673339844 19.868511199951172
v 20.09882926940918 20.624277114868164 19.817058563232422
v 20.09620475769043 20.607702255249023 19.76679229736328
v 20.092954635620117 20.587186813354492 19.718040466308594
v 20.089101791381836 20.562862396240234 19.671117782592773
v 20.084671020507812 20.534889221191406 19.626327514648438
v 20.07969093322754 20.50344467163086 19.58396339416504
v 20.074193954467773 20.46873664855957 19.544296264648438
v 20.06821632385254 20.430988311767578 19.507587432861328
v 20.06179428100586 20.390445709228516 19.47407341003418
v 20.05497169494629 20.347370147705078 19.4439697265625
v 20.047792434692383 20.30204200744629 19.41747283935547
v 20.040302276611328 20.2547550201416 19.39475440979004
v 20.03255271911621 20.2058162689209 19.37596321105957
v 20.02458953857422 20.155542373657227 19.36121940612793
v 20.01646614074707 20.104259490966797 19.35062026977539
v 20.008237838745117 20.05229949951172 19.3442325592041
v 19.999954223632812 20.05295181274414 20.656038284301758
v 19.999954223632812 20.105558395385742 20.64965057373047
v 19.999954223632812 20.157480239868164 20.63905143737793
v 19.999954223632812 20.20838165283203 20.62430763244629
v 19.999954223632812 20.257930755615234 20.60551643371582
v 19.999954223632812 20.30580711364746 20.58279800415039
v 19.999954223632812 20.351699829101562 20.55630111694336
v 19.999954223632812 20.395313262939453 20.52619743347168
v 19.999954223632812 20.43636131286621 20.49268341064453
v 19.999954223632812 20.474578857421875 20.455974578857422
v 19.999954223632812 20.509719848632812 20.41630744934082
v 19.999954223632812 20.541555404663086 20.373943328857422
v 19.999954223632812 20.56987953186035 20.329153060913086
v 19.999954223632812 20.594505310058594 20.282230377197266
v 19.999954223632812 20.615276336669922 20.233478546142578
v 19.999954223632812 20.63205909729004 20.183212280273438
v 19.999954223632812 20.64474105834961 20.131759643554688
v 19.999954223632812 20.653240203857422 20.079452514648438
v 19.999954223632812 20.65750503540039 20.02663230895996
v 19.999954223632812 20.65750503540039 19.9736385345459
v 19.999954223632812 20.653240203857422 19.920818328857422
v 19.999954223632812 20.64474105834961 19.868511199951172
v 19.999954223632812 20.63205909729004 19.817058563232422
v 19.999954223632812 20.615276336669922 19.76679229736328
v 19.999954223632812 20.594505310058594 19.718040466308594
v 19.999954223632812 20.56987953186035 19.671117782592773
v 19.999954223632812 20.541555404663086 19.626327514648438
v 19.999954223632812 20.509719848632812 19.58396339416504
v 19.999954223632812 20.474578857421875 19.544296264648438
v 19.999954223632812 20.43636131286621 19.507587432861328
v 19.999954223632812 20.395313262939453 19.47407341003418
v 19.999954223632812 20.351699829101562 19.4439697265625
v 19.999954223632812 20.30580711364746 19.41747283935547
v 19.999954223632812 20.257930755615234 19.39475440979004
v 19.999954223632812 20.20838165283203 19.37596321105957
v 19.999954223632812 20.157480239868164 19.36121940612793
v 19.999954223632812 20.105558395385742 19.35062026977539
v 19.999954223632812 20.05295181274414 19.3442325592041
v 19.991670608520508 20.05229949951172 20.656038284301758
v 19.983442306518555 20.104259490966797 20.64965057373047
v 19.975318908691406 20.155542373657227 20.63905143737793
v 19.967355728149414 20.2058162689209 20.62430763244629
v 19.959606170654297 20.2547550201416 20.60551643371582
v 19.952116012573242 20.30204200744629 20.58279800415039
v 19.944936752319336 20.347370147705078 20.55630111694336
v 19.938114166259766 20.390445709228516 20.52619743347168
v 19.931692123413086 20.430988311767578 20.49268341064453
v 19.92571449279785 20.46873664855957 20.455974578857422
v 19.920217514038086 20.50344467163086 20.41630744934082
v 19.915237426757812 20.534889221191406 20.373943328857422
v 19.91080665588379 20.562862396240234 20.329153060913086
v 19.906953811645508 20.587186813354492 20.282230377197266
v 19.903703689575195 20.607702255249023 20.233478546142578
v 19.901079177856445 20.624277114868164 20.183212280273438
v 19.89909553527832 20.636802673339844 20.131759643554688
v 19.897764205932617 20.645198822021484 20.079452514648438
v 19.897098541259766 20.649410247802734 20.02663230895996
v 19.897098541259766 20.649410247802734 19.9736385345459
v 19.897764205932617 20.645198822021484 19.920818328857422
v 19.89909553527832 20.636802673339844 19.868511199951172
v 19.901079177856445 20.624277114868164 19.817058563232422
v 19.903703689575195 20.607702255249023 19.76679229736328
v 19.906953811645508 20.587186813354492 19.718040466308594
v 19.91080665588379 20.562862396240234 19.671117782592773
v 19.915237426757812 20.534889221191406 19.626327514648438
v 19.920217514038086 20.50344467163086 19.58396339416504
v 19.92571449279785 20.46873664855957 19.544296264648438
v 19.931692123413086 20.430988311767578 19.507587432861328
v 19.938114166259766 20.390445709228516 19.47407341003418
v 19.944936752319336 20.347370147705078 19.4439697265625
v 19.952116012573242 20.30204200744629 19.41747283935547
v 19.959606170654297 20.2547550201416 19.39475440979004
v 19.967355728149414 20.2058162689209 19.37596321105957
v 19.975318908691406 20.155542373657227 19.36121940612793
v 19.983442306518555 20.104259490966797 19.35062026977539
v 19.991670608520508 20.05229949951172 19.3442325592041
v 19.983591079711914 20.05035972595215 20.656038284301758
v 19.967334747314453 20.100391387939453 20.64965057373047
v 19.951290130615234 20.14977264404297 20.63905143737793
v 19.935562133789062 20.198183059692383 20.62430763244629
v 19.920249938964844 20.24530601501465 20.60551643371582
v 19.905454635620117 20.29084014892578 20.58279800415039
v 19.891273498535156 20.33448600769043 20.55630111694336
v 19.877796173095703 20.375965118408203 20.52619743347168
v 19.8651123046875 20.41500473022461 20.49268341064453
v 19.853302001953125 20.451353073120117 20.455974578857422
v 19.84244155883789 20.484773635864258 20.41630744934082
v 19.832605361938477 20.515050888061523 20.373943328857422
v 19.8238525390625 20.5419864654541 20.329153060913086
v 19.816242218017578 20.56540870666504 20.282230377197266
v 19.809823989868164 20.585163116455078 20.233478546142578
v 19.804637908935547 20.601123809814453 20.183212280273438
v 19.800718307495117 20.613183975219727 20.131759643554688
v 19.798091888427734 20.62126922607422 20.079452514648438
v 19.79677391052246 20.625324249267578 20.02663230895996
v 19.79677391052246 20.625324249267578 19.9736385345459
v 19.798091888427734 20.62126922607422 19.920818328857422
v 19.800718307495117 20.613183975219727 19.868511199951172
v 19.804637908935547 20.601123809814453 19.817058563232422
v 19.809823989868164 20.585163116455078 19.76679229736328
v 19.816242218017578 20.56540870666504 19.718040466308594
v 19.8238525390625 20.5419864654541 19.671117782592773
v 19.832605361938477 20.515050888061523 19.626327514648438
v 19.84244155883789 20.484773635864258 19.58396339416504
v 19.853302001953125 20.451353073120117 19.544296264648438
v 19.8651123046875 20.41500473022461 19.507587432861328
v 19.877796173095703 20.375965118408203 19.47407341003418
v 19.891273498535156 20.33448600769043 19.4439697265625
v 19.905454635620117 20.29084014892578 19.41747283935547
v 19.920249938964844 20.24530601501465 19.39475440979004
v 19.935562133789062 20.198183059692383 19.37596321105957
v 19.951290130615234 20.14977264404297 19.36121940612793
v 19.967334747314453 20.100391387939453 19.35062026977539
v 19.983591079711914 20.05035972595215 19.3442325592041
v 19.975915908813477 20.04718017578125 20.656038284301758
v 19.9520320892334 20.094053268432617 20.64965057373047
v 19.9284610748291 20.140316009521484 20.63905143737793
v 19.905351638793945 20.1856689453125 20.62430763244629
v 19.882856369018555 20.22981834411621 20.60551643371582
v 19.861122131347656 20.272476196289062 20.58279800415039
v 19.840286254882812 20.31336784362793 20.55630111694336
v 19.820486068725586 20.35222625732422 20.52619743347168
v 19.801851272583008 20.38880157470703 20.49268341064453
v 19.784500122070312 20.422853469848633 20.455974578857422
v 19.76854705810547 20.454164505004883 20.41630744934082
v 19.754093170166016 20.48253059387207 20.373943328857422
v 19.741235733032227 20.507766723632812 20.329153060913086
v 19.73005485534668 20.529708862304688 20.282230377197266
v 19.720624923706055 20.548215866088867 20.233478546142578
v 19.7130069732666 20.563167572021484 20.183212280273438
v 19.70724868774414 20.5744686126709 20.131759643554688
v 19.70339012145996 20.582042694091797 20.079452514648438
v 19.701454162597656 20.58584213256836 20.02663230895996
v 19.701454162597656 20.58584213256836 19.9736385345459
v 19.70339012145996 20.582042694091797 19.920818328857422
v 19.70724868774414 20.5744686126709 19.868511199951172
v 19.7130069732666 20.563167572021484 19.817058563232422
v 19.720624923706055 20.548215866088867 19.76679229736328
v 19.73005485534668 20.529708862304688 19.718040466308594
v 19.741235733032227 20.507766723632812 19.671117782592773
v 19.754093170166016 20.48253059387207 19.626327514648438
v 19.76854705810547 20.454164505004883 19.58396339416504
v 19.784500122070312 20.422853469848633 19.544296264648438
v 19.801851272583008 20.38880157470703 19.507587432861328
v 19.820486068725586 20.35222625732422 19.47407341003418
v 19.840286254882812 20.31336784362793 19.4439697265625
v 19.861122131347656 20.272476196289062 19.41747283935547
v 19.882856369018555 20.22981834411621 19.39475440979004
v 19.905351638793945 20.1856689453125 19.37596321105957
v 19.9284610748291 20.140316009521484 19.36121940612793
v 19.9520320892334 20.094053268432617 19.35062026977539
v 19.975915908813477 20.04718017578125 19.3442325592041
v 19.968830108642578 20.04283905029297 20.656038284301758
v 19.937910079956055 20.085399627685547 20.64965057373047
v 19.907390594482422 20.127405166625977 20.63905143737793
v 19.877471923828125 20.1685848236084 20.62430763244629
v 19.848346710205078 20.208669662475586 20.60551643371582
v 19.820205688476562 20.247404098510742 20.58279800415039
v 19.793231964111328 20.28453254699707 20.55630111694336
v 19.767597198486328 20.319814682006836 20.52619743347168
v 19.74346923828125 20.353023529052734 20.49268341064453
v 19.721004486083984 20.383943557739258 20.455974578857422
v 19.700349807739258 20.412372589111328 20.41630744934082
v 19.681636810302734 20.438127517700195 20.373943328857422
v 19.664989471435547 20.461042404174805 20.329153060913086
v 19.6505126953125 20.48096466064453 20.282230377197266
v 19.638303756713867 20.497770309448242 20.233478546142578
v 19.628440856933594 20.5113468170166 20.183212280273438
v 19.620986938476562 20.5216064453125 20.131759643554688
v 19.615989685058594 20.528484344482422 20.079452514648438
v 19.613483428955078 20.531932830810547 20.02663230895996
v 19.613483428955078 20.531932830810547 19.9736385345459
v 19.615989685058594 20.528484344482422 19.920818328857422
v 19.620986938476562 20.5216064453125 19.868511199951172
v 19.628440856933594 20.5113468170166 19.817058563232422
v 19.638303756713867 20.497770309448242 19.76679229736328
v 19.6505126953125 20.48096466064453 19.718040466308594
v 19.664989471435547 20.461042404174805 19.671117782592773
v 19.681636810302734 20.438127517700195 19.626327514648438
v 19.700349807739258 20.412372589111328 19.58396339416504
v 19.721004486083984 20.383943557739258 19.544296264648438
v 19.74346923828125 20.353023529052734 19.507587432861328
v 19.767597198486328 20.319814682006836 19.47407341003418
v 19.793231964111328 20.28453254699707 19.4439697265625
v 19.820205688476562 20.247404098510742 19.41747283935547
v 19.848346710205078 20.208669662475586 19.39475440979004
v 19.877471923828125 20.1685848236084 19.37596321105957
v 19.907390594482422 20.127405166625977 19.36121940612793
v 19.937910079956055 20.085399627685547 19.35062026977539
v 19.968830108642578 20.04283905029297 19.3442325592041
v 19.962512969970703 20.037443161010742 20.656038284301758
v 19.92531394958496 20.074642181396484 20.64965057373047
v 19.888599395751953 20.111356735229492 20.63905143737793
v 19.85260772705078 20.147348403930664 20.62430763244629
v 19.81757164001465 20.182384490966797 20.60551643371582
v 19.78371810913086 20.216238021850586 20.58279800415039
v 19.751266479492188 20.248689651489258 20.55630111694336
v 19.720426559448242 20.279529571533203 20.52619743347168
v 19.691402435302734 20.30855369567871 20.49268341064453
v 19.664377212524414 20.33557891845703 20.455974578857422
v 19.639528274536133 20.360427856445312 20.41630744934082
v 19.61701774597168 20.382938385009766 20.373943328857422
v 19.59699058532715 20.402965545654297 20.329153060913086
v 19.57957649230957 20.420379638671875 20.282230377197266
v 19.56488800048828 20.435068130493164 20.233478546142578
v 19.553022384643555 20.44693374633789 20.183212280273438
v 19.544055938720703 20.455900192260742 20.131759643554688
v 19.538043975830078 20.461912155151367 20.079452514648438
v 19.5350284576416 20.464927673339844 20.02663230895996
v 19.5350284576416 20.464927673339844 19.9736385345459
v 19.538043975830078 20.461912155151367 19.920818328857422
v 19.544055938720703 20.455900192260742 19.868511199951172
v 19.553022384643555 20.44693374633789 19.817058563232422
v 19.56488800048828 20.435068130493164 19.76679229736328
v 19.57957649230957 20.420379638671875 19.718040466308594
v 19.59699058532715 20.402965545654297 19.671117782592773
v 19.61701774597168 20.382938385009766 19.626327514648438
v 19.639528274536133 20.360427856445312 19.58396339416504
v 19.664377212524414 20.33557891845703 19.544296264648438
v 19.691402435302734 20.30855369567871 19.507587432861328
v 19.720426559448242 20.279529571533203 19.47407341003418
v 19.751266479492188 20.248689651489258 19.4439697265625
v 19.78371810913086 20.216238021850586 19.41747283935547
v 19.81757164001465 20.182384490966797 19.39475440979004
v 19.85260772705078 20.147348403930664 19.37596321105957
v 19.888599395751953 20.111356735229492 19.36121940612793
v 19.92531394958496 20.074642181396484 19.35062026977539
v 19.962512969970703 20.037443161010742 19.3442325592041
v 19.957117080688477 20.031126022338867 20.656038284301758
v 19.9145565032959 20.06204605102539 20.64965057373047
v 19.87255096435547 20.092565536499023 20.63905143737793
v 19.831371307373047 20.12248420715332 20.62430763244629
v 19.79128646850586 20.151609420776367 20.60551643371582
v 19.752552032470703 20.179750442504883 20.58279800415039
v 19.715423583984375 20.206724166870117 20.55630111694336
v 19.68014144897461 20.232358932495117 20.52619743347168
v 19.64693260192871 20.256486892700195 20.49268341064453
v 19.616012573242188 20.27895164489746 20.455974578857422
v 19.587583541870117 20.299606323242188 20.41630744934082
v 19.56182861328125 20.31831932067871 20.373943328857422
v 19.53891372680664 20.3349666595459 20.329153060913086
v 19.518991470336914 20.349441528320312 20.282230377197266
v 19.502185821533203 20.361652374267578 20.233478546142578
v 19.488609313964844 20.37151527404785 20.183212280273438
v 19.478349685668945 20.378969192504883 20.131759643554688
v 19.471471786499023 20.38396644592285 20.079452514648438
v 19.4680233001709 20.386472702026367 20.02663230895996
v 19.4680233001709 20.386472702026367 19.9736385345459
v 19.471471786499023 20.38396644592285 19.920818328857422
v 19.478349685668945 20.378969192504883 19.868511199951172
v 19.488609313964844 20.37151527404785 19.817058563232422
v 19.502185821533203 20.361652374267578 19.76679229736328
v 19.518991470336914 20.349441528320312 19.718040466308594
v 19.53891372680664 20.3349666595459 19.671117782592773
v 19.56182861328125 20.31831932067871 19.626327514648438
v 19.587583541870117 20.299606323242188 19.58396339416504
v 19.616012573242188 20.27895164489746 19.544296264648438
v 19.64693260192871 20.256486892700195 19.507587432861328
v 19.68014144897461 20.232358932495117 19.47407341003418
v 19.715423583984375 20.206724166870117 19.4439697265625
v 19.752552032470703 20.179750442504883 19.41747283935547
v 19.79128646850586 20.151609420776367 19.39475440979004
v 19.831371307373047 20.12248420715332 19.37596321105957
v 19.87255096435547 20.092565536499023 19.36121940612793
v 19.9145565032959 20.06204605102539 19.35062026977539
v 19.957117080688477 20.031126022338867 19.3442325592041
v 19.952775955200195 20.02404022216797 20.656038284301758
v 19.905902862548828 20.047924041748047 20.64965057373047
v 19.85964012145996 20.071495056152344 20.63905143737793
v 19.814287185668945 20.0946044921875 20.62430763244629
v 19.770137786865234 20.11709976196289 20.60551643371582
v 19.727479934692383 20.13883399963379 20.58279800415039
v 19.686588287353516 20.159669876098633 20.55630111694336
v 19.647729873657227 20.17947006225586 20.52619743347168
v 19.611154556274414 20.198104858398438 20.49268341064453
v 19.577102661132812 20.215456008911133 20.455974578857422
v 19.545791625976562 20.231409072875977 20.41630744934082
v 19.517425537109375 20.24586296081543 20.373943328857422
v 19.492189407348633 20.25872039794922 20.329153060913086
v 19.470247268676758 20.269901275634766 20.282230377197266
v 19.451740264892578 20.27933120727539 20.233478546142578
v 19.43678855895996 20.286949157714844 20.183212280273438
v 19.425487518310547 20.292707443237305 20.131759643554688
v 19.41791343688965 20.296566009521484 20.079452514648438
v 19.414113998413086 20.29850196838379 20.02663230895996
v 19.414113998413086 20.29850196838379 19.9736385345459
v 19.41791343688965 20.296566009521484 19.920818328857422
v 19.425487518310547 20.292707443237305 19.868511199951172
v 19.43678855895996 20.286949157714844 19.817058563232422
v 19.451740264892578 20.27933120727539 19.76679229736328
v 19.470247268676758 20.269901275634766 19.718040466308594
v 19.492189407348633 20.25872039794922 19.671117782592773
v 19.517425537109375 20.24586296081543 19.626327514648438
v 19.545791625976562 20.231409072875977 19.58396339416504
v 19.577102661132812 20.215456008911133 19.544296264648438
v 19.611154556274414 20.198104858398438 19.507587432861328
v 19.647729873657227 20.17947006225586 19.47407341003418
v 19.686588287353516 20.159669876098633 19.4439697265625
v 19.727479934692383 20.13883399963379 19.41747283935547
v 19.770137786865234 20.11709976196289 19.39475440979004
v 19.814287185668945 20.0946044921875 19.37596321105957
v 19.85964012145996 20.071495056152344 19.36121940612793
v 19.905902862548828 20.047924041748047 19.35062026977539
v 19.952775955200195 20.02404022216797 19.3442325592041
v 19.949596405029297 20.01636505126953 20.656038284301758
v 19.899564743041992 20.032621383666992 20.64965057373047
v 19.850183486938477 20.04866600036621 20.63905143737793
v 19.801773071289062 20.064393997192383 20.62430763244629
v 19.754650115966797 20.0797061920166 20.60551643371582
v 19.709115982055664 20.094501495361328 20.58279800415039
v 19.665470123291016 20.10868263244629 20.55630111694336
v 19.623991012573242 20.122159957885742 20.52619743347168
v 19.584951400756836 20.134843826293945 20.49268341064453
v 19.548603057861328 20.14665412902832 20.455974578857422
v 19.515182495117188 20.157514572143555 20.41630744934082
v 19.484905242919922 20.16735076904297 20.373943328857422
v 19.457969665527344 20.176103591918945 20.329153060913086
v 19.434547424316406 20.183713912963867 20.282230377197266
v 19.414793014526367 20.19013214111328 20.233478546142578
v 19.398832321166992 20.1953182220459 20.183212280273438
v 19.38677215576172 20.199237823486328 20.131759643554688
v 19.378686904907227 20.20186424255371 20.079452514648438
v 19.374631881713867 20.203182220458984 20.02663230895996
v 19.374631881713867 20.203182220458984 19.9736385345459
v 19.378686904907227 20.20186424255371 19.920818328857422
v 19.38677215576172 20.199237823486328 19.868511199951172
v 19.398832321166992 20.1953182220459 19.817058563232422
v 19.414793014526367 20.19013214111328 19.76679229736328
v 19.434547424316406 20.183713912963867 19.718040466308594
v 19.457969665527344 20.176103591918945 19.671117782592773
v 19.484905242919922 20.16735076904297 19.626327514648438
v 19.515182495117188 20.157514572143555 19.58396339416504
v 19.548603057861328 20.14665412902832 19.544296264648438
v 19.584951400756836 20.134843826293945 19.507587432861328
v 19.623991012573242 20.122159957885742 19.47407341003418
v 19.665470123291016 20.10868263244629 19.4439697265625
v 19.709115982055664 20.094501495361328 19.41747283935547
v 19.754650115966797 20.0797061920166 19.39475440979004
v 19.801773071289062 20.064393997192383 19.37596321105957
v 19.850183486938477 20.04866600036621 19.36121940612793
v 19.899564743041992 20.032621383666992 19.35062026977539
v 19.949596405029297 20.01636505126953 19.3442325592041
v 19.947656631469727 20.008285522460938 20.656038284301758
v 19.89569664001465 20.01651382446289 20.64965057373047
v 19.84441375732422 20.02463722229004 20.63905143737793
v 19.794139862060547 20.03260040283203 20.62430763244629
v 19.745201110839844 20.04034996032715 20.60551643371582
v 19.697914123535156 20.047840118408203 20.58279800415039
v 19.652585983276367 20.05501937866211 20.55630111694336
v 19.60951042175293 20.06184196472168 20.52619743347168
v 19.568967819213867 20.06826400756836 20.49268341064453
v 19.531219482421875 20.074241638183594 20.455974578857422
v 19.496511459350586 20.07973861694336 20.41630744934082
v 19.46506690979004 20.084718704223633 20.373943328857422
v 19.43709373474121 20.089149475097656 20.329153060913086
v 19.412769317626953 20.093002319335938 20.282230377197266
v 19.392253875732422 20.09625244140625 20.233478546142578
v 19.37567901611328 20.098876953125 20.183212280273438
v 19.3631534576416 20.100860595703125 20.131759643554688
v 19.35475730895996 20.102191925048828 20.079452514648438
v 19.35054588317871 20.10285758972168 20.02663230895996
v 19.35054588317871 20.10285758972168 19.9736385345459
v 19.35475730895996 20.102191925048828 19.920818328857422
v 19.3631534576416 20.100860595703125 19.868511199951172
v 19.37567901611328 20.098876953125 19.817058563232422
v 19.392253875732422 20.09625244140625 19.76679229736328
v 19.412769317626953 20.093002319335938 19.718040466308594
v 19.43709373474121 20.089149475097656 19.671117782592773
v 19.46506690979004 20.084718704223633 19.626327514648438
v 19.496511459350586 20.07973861694336 19.58396339416504
v 19.531219482421875 20.074241638183594 19.544296264648438
v 19.568967819213867 20.06826400756836 19.507587432861328
v 19.60951042175293 20.06184196472168 19.47407341003418
v 19.652585983276367 20.05501937866211 19.4439697265625
v 19.697914123535156 20.047840118408203 19.41747283935547
v 19.745201110839844 20.04034996032715 19.39475440979004
v 19.794139862060547 20.03260040283203 19.37596321105957
v 19.84441375732422 20.02463722229004 19.36121940612793
v 19.89569664001465 20.01651382446289 19.35062026977539
v 19.947656631469727 20.008285522460938 19.3442325592041
v 19.947004318237305 20.000001907348633 20.656038284301758
v 19.894397735595703 20.000001907348633 20.64965057373047
v 19.84247589111328 20.000001907348633 20.63905143737793
v 19.791574478149414 20.000001907348633 20.62430763244629
v 19.74202537536621 20.000001907348633 20.60551643371582
v 19.694149017333984 20.000001907348633 20.58279800415039
v 19.648256301879883 20.000001907348633 20.55630111694336
v 19.604642868041992 20.000001907348633 20.52619743347168
v 19.563594818115234 20.000001907348633 20.49268341064453
v 19.525375366210938 20.000001907348633 20.455974578857422
v 19.490236282348633 20.000001907348633 20.41630744934082
v 19.45840072631836 20.000001907348633 20.373943328857422
v 19.430076599121094 20.000001907348633 20.329153060913086
v 19.40545082092285 20.000001907348633 20.282230377197266
v 19.384679794311523 20.000001907348633 20.233478546142578
v 19.367897033691406 20.000001907348633 20.183212280273438
v 19.355215072631836 20.000001907348633 20.131759643554688
v 19.346715927124023 20.000001907348633 20.079452514648438
v 19.342451095581055 20.000001907348633 20.02663230895996
v 19.342451095581055 20.000001907348633 19.9736385345459
v 19.346715927124023 20.000001907348633 19.920818328857422
v 19.355215072631836 20.000001907348633 19.868511199951172
v 19.367897033691406 20.000001907348633 19.817058563232422
v 19.384679794311523 20.000001907348633 19.76679229736328
v 19.40545082092285 20.000001907348633 19.718040466308594
v 19.430076599121094 20.000001907348633 19.671117782592773
v 19.45840072631836 20.000001907348633 19.626327514648438
v 19.490236282348633 20.000001907348633 19.58396339416504
v 19.525375366210938 20.000001907348633 19.544296264648438
v 19.563594818115234 20.000001907348633 19.507587432861328
v 19.604642868041992 20.000001907348633 19.47407341003418
v 19.648256301879883 20.000001907348633 19.4439697265625
v 19.694149017333984 20.000001907348633 19.41747283935547
v 19.74202537536621 20.000001907348633 19.39475440979004
v 19.791574478149414 20.000001907348633 19.37596321105957
v 19.84247589111328 20.000001907348633 19.36121940612793
v 19.894397735595703 20.000001907348633 19.35062026977539
v 19.947004318237305 20.000001907348633 19.3442325592041
v 19.947656631469727 19.991718292236328 20.656038284301758
v 19.89569664001465 19.983489990234375 20.64965057373047
v 19.84441375732422 19.975366592407227 20.63905143737793
v 19.794139862060547 19.967403411865234 20.62430763244629
v 19.745201110839844 19.959653854370117 20.60551643371582
v 19.697914123535156 19.952163696289062 20.58279800415039
v 19.652585983276367 19.944984436035156 20.55630111694336
v 19.60951042175293 19.938161849975586 20.52619743347168
v 19.568967819213867 19.931739807128906 20.49268341064453
v 19.531219482421875 19.925762176513672 20.455974578857422
v 19.496511459350586 19.920265197753906 20.41630744934082
v 19.46506690979004 19.915285110473633 20.373943328857422
v 19.43709373474121 19.91085433959961 20.329153060913086
v 19.412769317626953 19.907001495361328 20.282230377197266
v 19.392253875732422 19.903751373291016 20.233478546142578
v 19.37567901611328 19.901126861572266 20.183212280273438
v 19.3631534576416 19.89914321899414 20.131759643554688
v 19.35475730895996 19.897811889648438 20.079452514648438
v 19.35054588317871 19.897146224975586 20.02663230895996
v 19.35054588317871 19.897146224975586 19.9736385345459
v 19.35475730895996 19.897811889648438 19.920818328857422
v 19.3631534576416 19.89914321899414 19.868511199951172
v 19.37567901611328 19.901126861572266 19.817058563232422
v 19.392253875732422 19.903751373291016 19.76679229736328
v 19.412769317626953 19.907001495361328 19.718040466308594
v 19.43709373474121 19.91085433959961 19.671117782592773
v 19.46506690979004 19.915285110473633 19.626327514648438
v 19.496511459350586 19.920265197753906 19.58396339416504
v 19.531219482421875 19.925762176513672 19.544296264648438
v 19.568967819213867 19.931739807128906 19.507587432861328
v 19.60951042175293 19.938161849975586 19.47407341003418
v 19.652585983276367 19.944984436035156 19.4439697265625
v 19.697914123535156 19.952163696289062 19.41747283935547
v 19.745201110839844 19.959653854370117 19.39475440979004
v 19.794139862060547 19.967403411865234 19.37596321105957
v 19.84441375732422 19.975366592407227 19.36121940612793
v 19.89569664001465 19.983489990234375 19.35062026977539
v 19.947656631469727 19.991718292236328 19.3442325592041
v 19.949596405029297 19.983638763427734 20.656038284301758
v 19.899564743041992 19.967382431030273 20.64965057373047
v 19.850183486938477 19.951337814331055 20.63905143737793
v 19.801773071289062 19.935609817504883 20.62430763244629
v 19.754650115966797 19.920297622680664 20.60551643371582
v 19.709115982055664 19.905502319335938 20.58279800415039
v 19.665470123291016 19.891321182250977 20.55630111694336
v 19.623991012573242 19.877843856811523 20.52619743347168
v 19.584951400756836 19.86515998840332 20.49268341064453
v 19.548603057861328 19.853349685668945 20.455974578857422
v 19.515182495117188 19.84248924255371 20.41630744934082
v 19.484905242919922 19.832653045654297 20.373943328857422
v 19.457969665527344 19.82390022277832 20.329153060913086
v 19.434547424316406 19.8162899017334 20.282230377197266
v 19.414793014526367 19.809871673583984 20.233478546142578
v 19.398832321166992 19.804685592651367 20.183212280273438
v 19.38677215576172 19.800765991210938 20.131759643554688
v 19.378686904907227 19.798139572143555 20.079452514648438
v 19.374631881713867 19.79682159423828 20.02663230895996
v 19.374631881713867 19.79682159423828 19.9736385345459
v 19.378686904907227 19.798139572143555 19.920818328857422
v 19.38677215576172 19.800765991210938 19.868511199951172
v 19.398832321166992 19.804685592651367 19.817058563232422
v 19.414793014526367 19.809871673583984 19.76679229736328
v 19.434547424316406 19.8162899017334 19.718040466308594
v 19.457969665527344 19.82390022277832 19.671117782592773
v 19.484905242919922 19.832653045654297 19.626327514648438
v 19.515182495117188 19.84248924255371 19.58396339416504
v 19.548603057861328 19.853349685668945 19.544296264648438
v 19.584951400756836 19.86515998840332 19.507587432861328
v 19.623991012573242 19.877843856811523 19.47407341003418
v 19.665470123291016 19.891321182250977 19.4439697265625
v 19.709115982055664 19.905502319335938 19.41747283935547
v 19.754650115966797 19.920297622680664 19.39475440979004
v 19.801773071289062 19.935609817504883 19.37596321105957
v 19.850183486938477 19.951337814331055 19.36121940612793
v 19.899564743041992 19.967382431030273 19.35062026977539
v 19.949596405029297 19.983638763427734 19.3442325592041
v 19.952775955200195 19.975963592529297 20.656038284301758
v 19.905902862548828 19.95207977294922 20.64965057373047
v 19.85964012145996 19.928508758544922 20.63905143737793
v 19.814287185668945 19.905399322509766 20.62430763244629
v 19.770137786865234 19.882904052734375 20.60551643371582
v 19.727479934692383 19.861169815063477 20.58279800415039
v 19.686588287353516 19.840333938598633 20.55630111694336
v 19.647729873657227 19.820533752441406 20.52619743347168
v 19.611154556274414 19.801898956298828 20.49268341064453
v 19.577102661132812 19.784547805786133 20.455974578857422
v 19.545791625976562 19.76859474182129 20.41630744934082
v 19.517425537109375 19.754140853881836 20.373943328857422
v 19.492189407348633 19.741283416748047 20.329153060913086
v 19.470247268676758 19.7301025390625 20.282230377197266
v 19.451740264892578 19.720672607421875 20.233478546142578
v 19.43678855895996 19.713054656982422 20.183212280273438
v 19.425487518310547 19.70729637145996 20.131759643554688
v 19.41791343688965 19.70343780517578 20.079452514648438
v 19.414113998413086 19.701501846313477 20.02663230895996
v 19.414113998413086 19.701501846313477 19.9736385345459
v 19.41791343688965 19.70343780517578 19.920818328857422
v 19.425487518310547 19.70729637145996 19.868511199951172
v 19.43678855895996 19.713054656982422 19.817058563232422
v 19.451740264892578 19.720672607421875 19.76679229736328
v 19.470247268676758 19.7301025390625 19.718040466308594
v 19.492189407348633 19.741283416748047 19.671117782592773
v 19.517425537109375 19.754140853881836 19.626327514648438
v 19.545791625976562 19.76859474182129 19.58396339416504
v 19.577102661132812 19.784547805786133 19.544296264648438
v 19.611154556274414 19.801898956298828 19.507587432861328
v 19.647729873657227 19.820533752441406 19.47407341003418
v 19.686588287353516 19.840333938598633 19.4439697265625
v 19.727479934692383 19.861169815063477 19.41747283935547
v 19.770137786865234 19.882904052734375 19.39475440979004
v 19.814287185668945 19.905399322509766 19.37596321105957
v 19.85964012145996 19.928508758544922 19.36121940612793
v 19.905902862548828 19.95207977294922 19.35062026977539
v 19.952775955200195 19.975963592529297 19.3442325592041
v 19.957117080688477 19.9688777923584 20.656038284301758
v 19.9145565032959 19.937957763671875 20.64965057373047
v 19.87255096435547 19.907438278198242 20.63905143737793
v 19.831371307373047 19.877519607543945 20.62430763244629
v 19.79128646850586 19.8483943939209 20.60551643371582
v 19.752552032470703 19.820253372192383 20.58279800415039
v 19.715423583984375 19.79327964782715 20.55630111694336
v 19.68014144897461 19.76764488220215 20.52619743347168
v 19.64693260192871 19.74351692199707 20.49268341064453
v 19.616012573242188 19.721052169799805 20.455974578857422
v 19.587583541870117 19.700397491455078 20.41630744934082
v 19.56182861328125 19.681684494018555 20.373943328857422
v 19.53891372680664 19.665037155151367 20.329153060913086
v 19.518991470336914 19.650562286376953 20.282230377197266
v 19.502185821533203 19.638351440429688 20.233478546142578
v 19.488609313964844 19.628488540649414 20.183212280273438
v 19.478349685668945 19.621034622192383 20.131759643554688
v 19.471471786499023 19.616037368774414 20.079452514648438
v 19.4680233001709 19.6135311126709 20.02663230895996
v 19.4680233001709 19.6135311126709 19.9736385345459
v 19.471471786499023 19.616037368774414 19.920818328857422
v 19.478349685668945 19.621034622192383 19.868511199951172
v 19.488609313964844 19.628488540649414 19.817058563232422
v 19.502185821533203 19.638351440429688 19.76679229736328
v 19.518991470336914 19.650562286376953 19.718040466308594
v 19.53891372680664 19.665037155151367 19.671117782592773
v 19.56182861328125 19.681684494018555 19.626327514648438
v 19.587583541870117 19.700397491455078 19.58396339416504
v 19.616012573242188 19.721052169799805 19.544296264648438
v 19.64693260192871 19.74351692199707 19.507587432861328
v 19.68014144897461 19.76764488220215 19.47407341003418
v 19.715423583984375 19.79327964782715 19.4439697265625
v 19.752552032470703 19.820253372192383 19.41747283935547
v 19.79128646850586 19.8483943939209 19.39475440979004
v 19.831371307373047 19.877519607543945 19.37596321105957
v 19.87255096435547 19.907438278198242 19.36121940612793
v 19.9145565032959 19.937957763671875 19.35062026977539
v 19.957117080688477 19.9688777923584 19.3442325592041
v 19.962512969970703 19.962560653686523 20.656038284301758
v 19.92531394958496 19.92536163330078 20.64965057373047
v 19.888599395751953 19.888647079467773 20.63905143737793
v 19.85260772705078 19.8526554107666 20.62430763244629
v 19.81757164001465 19.81761932373047 20.60551643371582
v 19.78371810913086 19.78376579284668 20.58279800415039
v 19.751266479492188 19.751314163208008 20.55630111694336
v 19.720426559448242 19.720474243164062 20.52619743347168
v 19.691402435302734 19.691450119018555 20.49268341064453
v 19.664377212524414 19.664424896240234 20.455974578857422
v 19.639528274536133 19.639575958251953 20.41630744934082
v 19.61701774597168 19.6170654296875 20.373943328857422
v 19.59699058532715 19.59703826904297 20.329153060913086
v 19.57957649230957 19.57962417602539 20.282230377197266
v 19.56488800048828 19.5649356842041 20.233478546142578
v 19.553022384643555 19.553070068359375 20.183212280273438
v 19.544055938720703 19.544103622436523 20.131759643554688
v 19.538043975830078 19.5380916595459 20.079452514648438
v 19.5350284576416 19.535076141357422 20.02663230895996
v 19.5350284576416 19.535076141357422 19.9736385345459
v 19.538043975830078 19.5380916595459 19.920818328857422
v 19.544055938720703 19.544103622436523 19.868511199951172
v 19.553022384643555 19.553070068359375 19.817058563232422
v 19.56488800048828 19.5649356842041 19.76679229736328
v 19.57957649230957 19.57962417602539 19.718040466308594
v 19.59699058532715 19.59703826904297 19.671117782592773
v 19.61701774597168 19.6170654296875 19.626327514648438
v 19.639528274536133 19.639575958251953 19.58396339416504
v 19.664377212524414 19.664424896240234 19.544296264648438
v 19.691402435302734 19.691450119018555 19.507587432861328
v 19.720426559448242 19.720474243164062 19.47407341003418
v 19.751266479492188 19.751314163208008 19.4439697265625
v 19.78371810913086 19.78376579284668 19.41747283935547
v 19.81757164001465 19.81761932373047 19.39475440979004
v 19.85260772705078 19.8526554107666 19.37596321105957
v 19.888599395751953 19.888647079467773 19.36121940612793
v 19.92531394958496 19.92536163330078 19.35062026977539
v 19.962512969970703 19.962560653686523 19.3442325592041
v 19.968830108642578 19.957164764404297 20.656038284301758
v 19.937910079956055 19.91460418701172 20.64965057373047
v 19.907390594482422 19.87259864807129 20.63905143737793
v 19.877471923828125 19.831418991088867 20.62430763244629
v 19.848346710205078 19.79133415222168 20.60551643371582
v 19.820205688476562 19.752599716186523 20.58279800415039
v 19.793231964111328 19.715471267700195 20.55630111694336
v 19.767597198486328 19.68018913269043 20.52619743347168
v 19.74346923828125 19.64698028564453 20.49268341064453
v 19.721004486083984 19.616060256958008 20.455974578857422
v 19.700349807739258 19.587631225585938 20.41630744934082
v 19.681636810302734 19.56187629699707 20.373943328857422
v 19.664989471435547 19.53896141052246 20.329153060913086
v 19.6505126953125 19.519039154052734 20.282230377197266
v 19.638303756713867 19.502233505249023 20.233478546142578
v 19.628440856933594 19.488656997680664 20.183212280273438
v 19.620986938476562 19.478397369384766 20.131759643554688
v 19.615989685058594 19.471519470214844 20.079452514648438
v 19.613483428955078 19.46807098388672 20.02663230895996
v 19.613483428955078 19.46807098388672 19.9736385345459
v 19.615989685058594 19.471519470214844 19.920818328857422
v 19.620986938476562 19.478397369384766 19.868511199951172
v 19.628440856933594 19.488656997680664 19.817058563232422
v 19.638303756713867 19.502233505249023 19.76679229736328
v 19.6505126953125 19.519039154052734 19.718040466308594
v 19.664989471435547 19.53896141052246 19.671117782592773
v 19.681636810302734 19.56187629699707 19.626327514648438
v 19.700349807739258 19.587631225585938 19.58396339416504
v 19.721004486083984 19.616060256958008 19.544296264648438
v 19.74346923828125 19.64698028564453 19.507587432861328
v 19.767597198486328 19.68018913269043 19.47407341003418
v 19.793231964111328 19.715471267700195 19.4439697265625
v 19.820205688476562 19.752599716186523 19.41747283935547
v 19.848346710205078 19.79133415222168 19.39475440979004
v 19.877471923828125 19.831418991088867 19.37596321105957
v 19.907390594482422 19.87259864807129 19.36121940612793
v 19.937910079956055 19.91460418701172 19.35062026977539
v 19.968830108642578 19.957164764404297 19.3442325592041
v 19.975915908813477 19.952823638916016 20.656038284301758
v 19.9520320892334 19.90595054626465 20.64965057373047
v 19.9284610748291 19.85968780517578 20.63905143737793
v 19.905351638793945 19.814334869384766 20.62430763244629
v 19.882856369018555 19.770185470581055 20.60551643371582
v 19.861122131347656 19.727527618408203 20.58279800415039
v 19.840286254882812 19.686635971069336 20.55630111694336
v 19.820486068725586 19.647777557373047 20.52619743347168
v 19.801851272583008 19.611202239990234 20.49268341064453
v 19.784500122070312 19.577150344848633 20.455974578857422
v 19.76854705810547 19.545839309692383 20.41630744934082
v 19.754093170166016 19.517473220825195 20.373943328857422
v 19.741235733032227 19.492237091064453 20.329153060913086
v 19.73005485534668 19.470294952392578 20.282230377197266
v 19.720624923706055 19.4517879486084 20.233478546142578
v 19.7130069732666 19.43683624267578 20.183212280273438
v 19.70724868774414 19.425535202026367 20.131759643554688
v 19.70339012145996 19.41796112060547 20.079452514648438
v 19.701454162597656 19.414161682128906 20.02663230895996
v 19.701454162597656 19.414161682128906 19.9736385345459
v 19.70339012145996 19.41796112060547 19.920818328857422
v 19.70724868774414 19.425535202026367 19.868511199951172
v 19.7130069732666 19.43683624267578 19.817058563232422
v 19.720624923706055 19.4517879486084 19.76679229736328
v 19.73005485534668 19.470294952392578 19.718040466308594
v 19.741235733032227 19.492237091064453 19.671117782592773
v 19.754093170166016 19.517473220825195 19.626327514648438
v 19.76854705810547 19.545839309692383 19.58396339416504
v 19.784500122070312 19.577150344848633 19.544296264648438
v 19.801851272583008 19.611202239990234 19.507587432861328
v 19.820486068725586 19.647777557373047 19.47407341003418
v 19.840286254882812 19.686635971069336 19.4439697265625
v 19.861122131347656 19.727527618408203 19.41747283935547
v 19.882856369018555 19.770185470581055 19.39475440979004
v 19.905351638793945 19.814334869384766 19.37596321105957
v 19.9284610748291 19.85968780517578 19.36121940612793
v 19.9520320892334 19.90595054626465 19.35062026977539
v 19.975915908813477 19.952823638916016 19.3442325592041
v 19.983591079711914 19.949644088745117 20.656038284301758
v 19.967334747314453 19.899612426757812 20.64965057373047
v 19.951290130615234 19.850231170654297 20.63905143737793
v 19.935562133789062 19.801820755004883 20.62430763244629
v 19.920249938964844 19.754697799682617 20.60551643371582
v 19.905454635620117 19.709163665771484 20.58279800415039
v 19.891273498535156 19.665517807006836 20.55630111694336
v 19.877796173095703 19.624038696289062 20.52619743347168
v 19.8651123046875 19.584999084472656 20.49268341064453
v 19.853302001953125 19.54865074157715 20.455974578857422
v 19.84244155883789 19.515230178833008 20.41630744934082
v 19.832605361938477 19.484952926635742 20.373943328857422
v 19.8238525390625 19.458017349243164 20.329153060913086
v 19.816242218017578 19.434595108032227 20.282230377197266
v 19.809823989868164 19.414840698242188 20.233478546142578
v 19.804637908935547 19.398880004882812 20.183212280273438
v 19.800718307495117 19.38681983947754 20.131759643554688
v 19.798091888427734 19.378734588623047 20.079452514648438
v 19.79677391052246 19.374679565429688 20.02663230895996
v 19.79677391052246 19.374679565429688 19.9736385345459
v 19.798091888427734 19.378734588623047 19.920818328857422
v 19.800718307495117 19.38681983947754 19.868511199951172
v 19.804637908935547 19.398880004882812 19.817058563232422
v 19.809823989868164 19.414840698242188 19.76679229736328
v 19.816242218017578 19.434595108032227 19.718040466308594
v 19.8238525390625 19.458017349243164 19.671117782592773
v 19.832605361938477 19.484952926635742 19.626327514648438
v 19.84244155883789 19.515230178833008 19.58396339416504
v 19.853302001953125 19.54865074157715 19.544296264648438
v 19.8651123046875 19.584999084472656 19.507587432861328
v 19.877796173095703 19.624038696289062 19.47407341003418
v 19.891273498535156 19.665517807006836 19.4439697265625
v 19.905454635620117 19.709163665771484 19.41747283935547
v 19.920249938964844 19.754697799682617 19.39475440979004
v 19.935562133789062 19.801820755004883 19.37596321105957
v 19.951290130615234 19.850231170654297 19.36121940612793
v 19.967334747314453 19.899612426757812 19.35062026977539
v 19.983591079711914 19.949644088745117 19.3442325592041
v 19.991670608520508 19.947704315185547 20.656038284301758
v 19.983442306518555 19.89574432373047 20.64965057373047
v 19.975318908691406 19.84446144104004 20.63905143737793
v 19.967355728149414 19.794187545776367 20.62430763244629
v 19.959606170654297 19.745248794555664 20.60551643371582
v 19.952116012573242 19.697961807250977 20.58279800415039
v 19.944936752319336 19.652633666992188 20.55630111694336
v 19.938114166259766 19.60955810546875 20.52619743347168
v 19.931692123413086 19.569015502929688 20.49268341064453
v 19.92571449279785 19.531267166137695 20.455974578857422
v 19.920217514038086 19.496559143066406 20.41630744934082
v 19.915237426757812 19.46511459350586 20.373943328857422
v 19.91080665588379 19.43714141845703 20.329153060913086
v 19.906953811645508 19.412817001342773 20.282230377197266
v 19.903703689575195 19.392301559448242 20.233478546142578
v 19.901079177856445 19.3757266998291 20.183212280273438
v 19.89909553527832 19.363201141357422 20.131759643554688
v 19.897764205932617 19.35480499267578 20.079452514648438
v 19.897098541259766 19.35059356689453 20.02663230895996
v 19.897098541259766 19.35059356689453 19.9736385345459
v 19.897764205932617 19.35480499267578 19.920818328857422
v 19.89909553527832 19.363201141357422 19.868511199951172
v 19.901079177856445 19.3757266998291 19.817058563232422
v 19.903703689575195 19.392301559448242 19.76679229736328
v 19.906953811645508 19.412817001342773 19.718040466308594
v 19.91080665588379 19.43714141845703 19.671117782592773
v 19.915237426757812 19.46511459350586 19.626327514648438
v 19.920217514038086 19.496559143066406 19.58396339416504
v 19.92571449279785 19.531267166137695 19.544296264648438
v 19.931692123413086 19.569015502929688 19.507587432861328
v 19.938114166259766 19.60955810546875 19.47407341003418
v 19.944936752319336 19.652633666992188 19.4439697265625
v 19.952116012573242 19.697961807250977 19.41747283935547
v 19.959606170654297 19.745248794555664 19.39475440979004
v 19.967355728149414 19.794187545776367 19.37596321105957
v 19.975318908691406 19.84446144104004 19.36121940612793
v 19.983442306518555 19.89574432373047 19.35062026977539
v 19.991670608520508 19.947704315185547 19.3442325592041
v 19.999954223632812 19.947052001953125 20.656038284301758
v 19.999954223632812 19.894445419311523 20.64965057373047
v 19.999954223632812 19.8425235748291 20.63905143737793
v 19.999954223632812 19.791622161865234 20.62430763244629
v 19.999954223632812 19.74207305908203 20.60551643371582
v 19.999954223632812 19.694196701049805 20.58279800415039
v 19.999954223632812 19.648303985595703 20.55630111694336
v 19.999954223632812 19.604690551757812 20.52619743347168
v 19.999954223632812 19.563642501831055 20.49268341064453
v 19.999954223632812 19.52542495727539 20.455974578857422
v 19.999954223632812 19.490283966064453 20.41630744934082
v 19.999954223632812 19.45844841003418 20.373943328857422
v 19.999954223632812 19.430124282836914 20.329153060913086
v 19.999954223632812 19.405498504638672 20.282230377197266
v 19.999954223632812 19.384727478027344 20.233478546142578
v 19.999954223632812 19.367944717407227 20.183212280273438
v 19.999954223632812 19.355262756347656 20.131759643554688
v 19.999954223632812 19.346763610839844 20.079452514648438
v 19.999954223632812 19.342498779296875 20.02663230895996
v 19.999954223632812 19.342498779296875 19.9736385345459
v 19.999954223632812 19.346763610839844 19.920818328857422
v 19.999954223632812 19.355262756347656 19.868511199951172
v 19.999954223632812 19.367944717407227 19.817058563232422
v 19.999954223632812 19.384727478027344 19.76679229736328
v 19.999954223632812 19.405498504638672 19.718040466308594
v 19.999954223632812 19.430124282836914 19.671117782592773
v 19.999954223632812 19.45844841003418 19.626327514648438
v 19.999954223632812 19.490283966064453 19.58396339416504
v 19.999954223632812 19.52542495727539 19.544296264648438
v 19.999954223632812 19.563642501831055 19.507587432861328
v 19.999954223632812 19.604690551757812 19.47407341003418
v 19.999954223632812 19.648303985595703 19.4439697265625
v 19.999954223632812 19.694196701049805 19.41747283935547
v 19.999954223632812 19.74207305908203 19.39475440979004
v 19.999954223632812 19.791622161865234 19.37596321105957
v 19.999954223632812 19.8425235748291 19.36121940612793
v 19.999954223632812 19.894445419311523 19.35062026977539
v 19.999954223632812 19.947052001953125 19.3442325592041
v 20.008237838745117 19.947704315185547 20.656038284301758
v 20.01646614074707 19.89574432373047 20.64965057373047
v 20.02458953857422 19.84446144104004 20.63905143737793
v 20.03255271911621 19.794187545776367 20.62430763244629
v 20.040302276611328 19.745248794555664 20.60551643371582
v 20.047792434692383 19.697961807250977 20.58279800415039
v 20.05497169494629 19.652633666992188 20.55630111694336
v 20.06179428100586 19.60955810546875 20.52619743347168
v 20.06821632385254 19.569015502929688 20.49268341064453
v 20.074193954467773 19.531267166137695 20.455974578857422
v 20.07969093322754 19.496559143066406 20.41630744934082
v 20.084671020507812 19.46511459350586 20.373943328857422
v 20.089101791381836 19.43714141845703 20.329153060913086
v 20.092954635620117 19.412817001342773 20.282230377197266
v 20.09620475769043 19.392301559448242 20.233478546142578
v 20.09882926940918 19.3757266998291 20.183212280273438
v 20.100812911987305 19.363201141357422 20.131759643554688
v 20.102144241333008 19.35480499267578 20.079452514648438
v 20.10280990600586 19.35059356689453 20.02663230895996
v 20.10280990600586 19.35059356689453 19.9736385345459
v 20.102144241333008 19.35480499267578 19.920818328857422
v 20.100812911987305 19.363201141357422 19.868511199951172
v 20.09882926940918 19.3757266998291 19.817058563232422
v 20.09620475769043 19.392301559448242 19.76679229736328
v 20.092954635620117 19.412817001342773 19.718040466308594
v 20.089101791381836 19.43714141845703 19.671117782592773
v 20.084671020507812 19.46511459350586 19.626327514648438
v 20.07969093322754 19.496559143066406 19.58396339416504
v 20.074193954467773 19.531267166137695 19.544296264648438
v 20.06821632385254 19.569015502929688 19.507587432861328
v 20.06179428100586 19.60955810546875 19.47407341003418
v 20.05497169494629 19.652633666992188 19.4439697265625
v 20.047792434692383 19.697961807250977 19.41747283935547
v 20.040302276611328 19.745248794555664 19.39475440979004
v 20.03255271911621 19.794187545776367 19.37596321105957
v 20.02458953857422 19.84446144104004 19.36121940612793
v 20.01646614074707 19.89574432373047 19.35062026977539
v 20.008237838745117 19.947704315185547 19.3442325592041
v 20.01631736755371 19.949644088745117 20.656038284301758
v 20.032573699951172 19.899612426757812 20.64965057373047
v 20.04861831665039 19.850231170654297 20.63905143737793
v 20.064346313476562 19.801820755004883 20.62430763244629
v 20.07965850830078 19.754697799682617 20.60551643371582
v 20.094453811645508 19.709163665771484 20.58279800415039
v 20.10863494873047 19.665517807006836 20.55630111694336
v 20.122112274169922 19.624038696289062 20.52619743347168
v 20.134796142578125 19.584999084472656 20.49268341064453
v 20.1466064453125 19.54865074157715 20.455974578857422
v 20.157466888427734 19.515230178833008 20.41630744934082
v 20.16730308532715 19.484952926635742 20.373943328857422
v 20.176055908203125 19.458017349243164 20.329153060913086
v 20.183666229248047 19.434595108032227 20.282230377197266
v 20.19008445739746 19.414840698242188 20.233478546142578
v 20.195270538330078 19.398880004882812 20.183212280273438
v 20.199190139770508 19.38681983947754 20.131759643554688
v 20.20181655883789 19.378734588623047 20.079452514648438
v 20.203134536743164 19.374679565429688 20.02663230895996
v 20.203134536743164 19.374679565429688 19.9736385345459
v 20.20181655883789 19.378734588623047 19.920818328857422
v 20.199190139770508 19.38681983947754 19.868511199951172
v 20.195270538330078 19.398880004882812 19.817058563232422
v 20.19008445739746 19.414840698242188 19.76679229736328
v 20.183666229248047 19.434595108032227 19.718040466308594
v 20.176055908203125 19.458017349243164 19.671117782592773
v 20.16730308532715 19.484952926635742 19.626327514648438
v 20.157466888427734 19.515230178833008 19.58396339416504
v 20.1466064453125 19.54865074157715 19.544296264648438
v 20.134796142578125 19.584999084472656 19.507587432861328
v 20.122112274169922 19.624038696289062 19.47407341003418
v 20.10863494873047 19.665517807006836 19.4439697265625
v 20.094453811645508 19.709163665771484 19.41747283935547
v 20.07965850830078 19.754697799682617 19.39475440979004
v 20.064346313476562 19.801820755004883 19.37596321105957
v 20.04861831665039 19.850231170654297 19.36121940612793
v 20.032573699951172 19.899612426757812 19.35062026977539
v 20.01631736755371 19.949644088745117 19.3442325592041
v 20.02399253845215 19.952823638916016 20.656038284301758
v 20.047876358032227 19.90595054626465 20.64965057373047
v 20.071447372436523 19.85968780517578 20.63905143737793
v 20.09455680847168 19.814334869384766 20.62430763244629
v 20.11705207824707 19.770185470581055 20.60551643371582
v 20.13878631591797 19.727527618408203 20.58279800415039
v 20.159622192382812 19.686635971069336 20.55630111694336
v 20.17942237854004 19.647777557373047 20.52619743347168
v 20.198057174682617 19.611202239990234 20.49268341064453
v 20.215408325195312 19.577150344848633 20.455974578857422
v 20.231361389160156 19.545839309692383 20.41630744934082
v 20.24581527709961 19.517473220825195 20.373943328857422
v 20.2586727142334 19.492237091064453 20.329153060913086
v 20.269853591918945 19.470294952392578 20.282230377197266
v 20.27928352355957 19.4517879486084 20.233478546142578
v 20.286901473999023 19.43683624267578 20.183212280273438
v 20.292659759521484 19.425535202026367 20.131759643554688
v 20.296518325805664 19.41796112060547 20.079452514648438
v 20.29845428466797 19.414161682128906 20.02663230895996
v 20.29845428466797 19.414161682128906 19.9736385345459
v 20.296518325805664 19.41796112060547 19.920818328857422
v 20.292659759521484 19.425535202026367 19.868511199951172
v 20.286901473999023 19.43683624267578 19.817058563232422
v 20.27928352355957 19.4517879486084 19.76679229736328
v 20.269853591918945 19.470294952392578 19.718040466308594
v 20.2586727142334 19.492237091064453 19.671117782592773
v 20.24581527709961 19.517473220825195 19.626327514648438
v 20.231361389160156 19.545839309692383 19.58396339416504
v 20.215408325195312 19.577150344848633 19.544296264648438
v 20.198057174682617 19.611202239990234 19.507587432861328
v 20.17942237854004 19.647777557373047 19.47407341003418
v 20.159622192382812 19.686635971069336 19.4439697265625
v 20.13878631591797 19.727527618408203 19.41747283935547
v 20.11705207824707 19.770185470581055 19.39475440979004
v 20.09455680847168 19.814334869384766 19.37596321105957
v 20.071447372436523 19.85968780517578 19.36121940612793
v 20.047876358032227 19.90595054626465 19.35062026977539
v 20.02399253845215 19.952823638916016 19.3442325592041
v 20.031078338623047 19.957164764404297 20.656038284301758
v 20.06199836730957 19.91460418701172 20.64965057373047
v 20.092517852783203 19.87259864807129 20.63905143737793
v 20.1224365234375 19.831418991088867 20.62430763244629
v 20.151561737060547 19.79133415222168 20.60551643371582
v 20.179702758789062 19.752599716186523 20.58279800415039
v 20.206676483154297 19.715471267700195 20.55630111694336
v 20.232311248779297 19.68018913269043 20.52619743347168
v 20.256439208984375 19.64698028564453 20.49268341064453
v 20.27890396118164 19.616060256958008 20.455974578857422
v 20.299558639526367 19.587631225585938 20.41630744934082
v 20.31827163696289 19.56187629699707 20.373943328857422
v 20.334918975830078 19.53896141052246 20.329153060913086
v 20.349395751953125 19.519039154052734 20.282230377197266
v 20.361604690551758 19.502233505249023 20.233478546142578
v 20.37146759033203 19.488656997680664 20.183212280273438
v 20.378921508789062 19.478397369384766 20.131759643554688
v 20.38391876220703 19.471519470214844 20.079452514648438
v 20.386425018310547 19.46807098388672 20.02663230895996
v 20.386425018310547 19.46807098388672 19.9736385345459
v 20.38391876220703 19.471519470214844 19.920818328857422
v 20.378921508789062 19.478397369384766 19.868511199951172
v 20.37146759033203 19.488656997680664 19.817058563232422
v 20.361604690551758 19.502233505249023 19.76679229736328
v 20.349395751953125 19.519039154052734 19.718040466308594
v 20.334918975830078 19.53896141052246 19.671117782592773
v 20.31827163696289 19.56187629699707 19.626327514648438
v 20.299558639526367 19.587631225585938 19.58396339416504
v 20.27890396118164 19.616060256958008 19.544296264648438
v 20.256439208984375 19.64698028564453 19.507587432861328
v 20.232311248779297 19.68018913269043 19.47407341003418
v 20.206676483154297 19.715471267700195 19.4439697265625
v 20.179702758789062 19.752599716186523 19.41747283935547
v 20.151561737060547 19.79133415222168 19.39475440979004
v 20.1224365234375 19.831418991088867 19.37596321105957
v 20.092517852783203 19.87259864807129 19.36121940612793
v 20.06199836730957 19.91460418701172 19.35062026977539
v 20.031078338623047 19.957164764404297 19.3442325592041
v 20.037395477294922 19.962560653686523 20.656038284301758
v 20.074594497680664 19.92536163330078 20.64965057373047
v 20.111309051513672 19.888647079467773 20.63905143737793
v 20.147300720214844 19.8526554107666 20.62430763244629
v 20.182336807250977 19.81761932373047 20.60551643371582
v 20.216190338134766 19.78376579284668 20.58279800415039
v 20.248641967773438 19.751314163208008 20.55630111694336
v 20.279481887817383 19.720474243164062 20.52619743347168
v 20.30850601196289 19.691450119018555 20.49268341064453
v 20.33553123474121 19.664424896240234 20.455974578857422
v 20.360380172729492 19.639575958251953 20.41630744934082
v 20.382890701293945 19.6170654296875 20.373943328857422
v 20.402917861938477 19.59703826904297 20.329153060913086
v 20.420331954956055 19.57962417602539 20.282230377197266
v 20.435020446777344 19.5649356842041 20.233478546142578
v 20.44688606262207 19.553070068359375 20.183212280273438
v 20.455852508544922 19.544103622436523 20.131759643554688
v 20.461864471435547 19.5380916595459 20.079452514648438
v 20.464879989624023 19.535076141357422 20.02663230895996
v 20.464879989624023 19.535076141357422 19.9736385345459
v 20.461864471435547 19.5380916595459 19.920818328857422
v 20.455852508544922 19.544103622436523 19.868511199951172
v 20.44688606262207 19.553070068359375 19.817058563232422
v 20.435020446777344 19.5649356842041 19.76679229736328
v 20.420331954956055 19.57962417602539 19.718040466308594
v 20.402917861938477 19.59703826904297 19.671117782592773
v 20.382890701293945 19.6170654296875 19.626327514648438
v 20.360380172729492 19.639575958251953 19.58396339416504
v 20.33553123474121 19.664424896240234 19.544296264648438
v 20.30850601196289 19.691450119018555 19.507587432861328
v 20.279481887817383 19.720474243164062 19.47407341003418
v 20.248641967773438 19.751314163208008 19.4439697265625
v 20.216190338134766 19.78376579284668 19.41747283935547
v 20.182336807250977 19.81761932373047 19.39475440979004
v 20.147300720214844 19.8526554107666 19.37596321105957
v 20.111309051513672 19.888647079467773 19.36121940612793
v 20.074594497680664 19.92536163330078 19.35062026977539
v 20.037395477294922 19.962560653686523 19.3442325592041
v 20.04279136657715 19.9688777923584 20.656038284301758
v 20.085351943969727 19.937957763671875 20.64965057373047
v 20.127357482910156 19.907438278198242 20.63905143737793
v 20.168537139892578 19.877519607543945 20.62430763244629
v 20.208621978759766 19.8483943939209 20.60551643371582
v 20.247356414794922 19.820253372192383 20.58279800415039
v 20.28448486328125 19.79327964782715 20.55630111694336
v 20.319766998291016 19.76764488220215 20.52619743347168
v 20.352975845336914 19.74351692199707 20.49268341064453
v 20.383895874023438 19.721052169799805 20.455974578857422
v 20.412324905395508 19.700397491455078 20.41630744934082
v 20.438079833984375 19.681684494018555 20.373943328857422
v 20.460994720458984 19.665037155151367 20.329153060913086
v 20.48091697692871 19.650562286376953 20.282230377197266
v 20.497722625732422 19.638351440429688 20.233478546142578
v 20.51129913330078 19.628488540649414 20.183212280273438
v 20.52155876159668 19.621034622192383 20.131759643554688
v 20.5284366607666 19.616037368774414 20.079452514648438
v 20.531885147094727 19.6135311126709 20.02663230895996
v 20.531885147094727 19.6135311126709 19.9736385345459
v 20.5284366607666 19.616037368774414 19.920818328857422
v 20.52155876159668 19.621034622192383 19.868511199951172
v 20.51129913330078 19.628488540649414 19.817058563232422
v 20.497722625732422 19.638351440429688 19.76679229736328
v 20.48091697692871 19.650562286376953 19.718040466308594
v 20.460994720458984 19.665037155151367 19.671117782592773
v 20.438079833984375 19.681684494018555 19.626327514648438
v 20.412324905395508 19.700397491455078 19.58396339416504
v 20.383895874023438 19.721052169799805 19.544296264648438
v 20.352975845336914 19.74351692199707 19.507587432861328
v 20.319766998291016 19.76764488220215 19.47407341003418
v 20.28448486328125 19.79327964782715 19.4439697265625
v 20.247356414794922 19.820253372192383 19.41747283935547
v 20.208621978759766 19.8483943939209 19.39475440979004
v 20.168537139892578 19.877519607543945 19.37596321105957
v 20.127357482910156 19.907438278198242 19.36121940612793
v 20.085351943969727 19.937957763671875 19.35062026977539
v 20.04279136657715 19.9688777923584 19.3442325592041
v 20.04713249206543 19.975963592529297 20.656038284301758
v 20.094005584716797 19.95207977294922 20.64965057373047
v 20.140268325805664 19.928508758544922 20.63905143737793
v 20.18562126159668 19.905399322509766 20.62430763244629
v 20.22977066040039 19.882904052734375 20.60551643371582
v 20.272428512573242 19.861169815063477 20.58279800415039
v 20.31332015991211 19.840333938598633 20.55630111694336
v 20.3521785736084 19.820533752441406 20.52619743347168
v 20.38875389099121 19.801898956298828 20.49268341064453
v 20.422805786132812 19.784547805786133 20.455974578857422
v 20.454116821289062 19.76859474182129 20.41630744934082
v 20.48248291015625 19.754140853881836 20.373943328857422
v 20.507719039916992 19.741283416748047 20.329153060913086
v 20.529661178588867 19.7301025390625 20.282230377197266
v 20.548168182373047 19.720672607421875 20.233478546142578
v 20.563119888305664 19.713054656982422 20.183212280273438
v 20.574420928955078 19.70729637145996 20.131759643554688
v 20.581995010375977 19.70343780517578 20.079452514648438
v 20.58579444885254 19.701501846313477 20.02663230895996
v 20.58579444885254 19.701501846313477 19.9736385345459
v 20.581995010375977 19.70343780517578 19.920818328857422
v 20.574420928955078 19.70729637145996 19.868511199951172
v 20.563119888305664 19.713054656982422 19.817058563232422
v 20.548168182373047 19.720672607421875 19.76679229736328
v 20.529661178588867 19.7301025390625 19.718040466308594
v 20.507719039916992 19.741283416748047 19.671117782592773
v 20.48248291015625 19.754140853881836 19.626327514648438
v 20.454116821289062 19.76859474182129 19.58396339416504
v 20.422805786132812 19.784547805786133 19.544296264648438
v 20.38875389099121 19.801898956298828 19.507587432861328
v 20.3521785736084 19.820533752441406 19.47407341003418
v 20.31332015991211 19.840333938598633 19.4439697265625
v 20.272428512573242 19.861169815063477 19.41747283935547
v 20.22977066040039 19.882904052734375 19.39475440979004
v 20.18562126159668 19.905399322509766 19.37596321105957
v 20.140268325805664 19.928508758544922 19.36121940612793
v 20.094005584716797 19.95207977294922 19.35062026977539
v 20.04713249206543 19.975963592529297 19.3442325592041
v 20.050312042236328 19.983638763427734 20.656038284301758
v 20.100343704223633 19.967382431030273 20.64965057373047
v 20.14972496032715 19.951337814331055 20.63905143737793
v 20.198135375976562 19.935609817504883 20.62430763244629
v 20.245258331298828 19.920297622680664 20.60551643371582
v 20.29079246520996 19.905502319335938 20.58279800415039
v 20.33443832397461 19.891321182250977 20.55630111694336
v 20.375917434692383 19.877843856811523 20.52619743347168
v 20.41495704650879 19.86515998840332 20.49268341064453
v 20.451305389404297 19.853349685668945 20.455974578857422
v 20.484725952148438 19.84248924255371 20.41630744934082
v 20.515003204345703 19.832653045654297 20.373943328857422
v 20.54193878173828 19.82390022277832 20.329153060913086
v 20.56536102294922 19.8162899017334 20.282230377197266
v 20.585115432739258 19.809871673583984 20.233478546142578
v 20.601076126098633 19.804685592651367 20.183212280273438
v 20.613136291503906 19.800765991210938 20.131759643554688
v 20.6212215423584 19.798139572143555 20.079452514648438
v 20.625276565551758 19.79682159423828 20.02663230895996
v 20.625276565551758 19.79682159423828 19.9736385345459
v 20.6212215423584 19.798139572143555 19.920818328857422
v 20.613136291503906 19.800765991210938 19.868511199951172
v 20.601076126098633 19.804685592651367 19.817058563232422
v 20.585115432739258 19.809871673583984 19.76679229736328
v 20.56536102294922 19.8162899017334 19.718040466308594
v 20.54193878173828 19.82390022277832 19.671117782592773
v 20.515003204345703 19.832653045654297 19.626327514648438
v 20.484725952148438 19.84248924255371 19.58396339416504
v 20.451305389404297 19.853349685668945 19.544296264648438
v 20.41495704650879 19.86515998840332 19.507587432861328
v 20.375917434692383 19.877843856811523 19.47407341003418
v 20.33443832397461 19.891321182250977 19.4439697265625
v 20.29079246520996 19.905502319335938 19.41747283935547
v 20.245258331298828 19.920297622680664 19.39475440979004
v 20.198135375976562 19.935609817504883 19.37596321105957
v 20.14972496032715 19.951337814331055 19.36121940612793
v 20.100343704223633 19.967382431030273 19.35062026977539
v 20.050312042236328 19.983638763427734 19.3442325592041
v 20.0522518157959 19.991718292236328 20.656038284301758
v 20.104211807250977 19.983489990234375 20.64965057373047
v 20.155494689941406 19.975366592407227 20.63905143737793
v 20.205768585205078 19.967403411865234 20.62430763244629
v 20.25470733642578 19.959653854370117 20.60551643371582
v 20.30199432373047 19.952163696289062 20.58279800415039
v 20.347322463989258 19.944984436035156 20.55630111694336
v 20.390398025512695 19.938161849975586 20.52619743347168
v 20.430940628051758 19.931739807128906 20.49268341064453
v 20.46868896484375 19.925762176513672 20.455974578857422
v 20.50339698791504 19.920265197753906 20.41630744934082
v 20.534841537475586 19.915285110473633 20.373943328857422
v 20.562814712524414 19.91085433959961 20.329153060913086
v 20.587139129638672 19.907001495361328 20.282230377197266
v 20.607654571533203 19.903751373291016 20.233478546142578
v 20.624229431152344 19.901126861572266 20.183212280273438
v 20.636754989624023 19.89914321899414 20.131759643554688
v 20.645151138305664 19.897811889648438 20.079452514648438
v 20.649362564086914 19.897146224975586 20.02663230895996
v 20.649362564086914 19.897146224975586 19.9736385345459
v 20.645151138305664 19.897811889648438 19.920818328857422
v 20.636754989624023 19.89914321899414 19.868511199951172
v 20.624229431152344 19.901126861572266 19.817058563232422
v 20.607654571533203 19.903751373291016 19.76679229736328
v 20.587139129638672 19.907001495361328 19.718040466308594
v 20.562814712524414 19.91085433959961 19.671117782592773
v 20.534841537475586 19.915285110473633 19.626327514648438
v 20.50339698791504 19.920265197753906 19.58396339416504
v 20.46868896484375 19.925762176513672 19.544296264648438
v 20.430940628051758 19.931739807128906 19.507587432861328
v 20.390398025512695 19.938161849975586 19.47407341003418
v 20.347322463989258 19.944984436035156 19.4439697265625
v 20.30199432373047 19.952163696289062 19.41747283935547
v 20.25470733642578 19.959653854370117 19.39475440979004
v 20.205768585205078 19.967403411865234 19.37596321105957
v 20.155494689941406 19.975366592407227 19.36121940612793
v 20.104211807250977 19.983489990234375 19.35062026977539
v 20.0522518157959 19.991718292236328 19.3442325592041
f 1 2 3
f 1 4 2
f 1 3 4
f 2 4 3
f 5 6 7
f 5 8 6
f 5 7 8
f 6 8 7
f 9 10 11
f 9 12 10
f 9 11 12
f 10 12 11
f 13 14 15
f 13 16 14
f 13 15 16
f 14 16 15
f 17 18 19
f 17 20 18
f 17 19 20
f 18 20 19
f 21 22 23
f 21 24 22
f 21 23 24
f 22 24 23
f 25 26 27
f 25 28 26
f 25 27 28
f 26 28 27
f 29 30 31
f 29 32 30
f 29 31 32
f 30 32 31
f 33 34 35
f 33 36 34
f 33 35 36
f 34 36 35
f 37 38 39
f 37 40 38
f 37 39 40
f 38 40 39
f 43 81 41
f 81 119 41
f 119 157 41
f 157 195 41
f 195 233 41
f 233 271 41
f 271 309 41
f 309 347 41
f 347 385 41
f 385 423 41
f 423 461 41
f 461 499 41
f 499 537 41
f 537 575 41
f 575 613 41
f 613 651 41
f 651 689 41
f 689 727 41
f 727 765 41
f 765 803 41
f 803 841 41
f 841 879 41
f 879 917 41
f 917 955 41
f 955 993 41
f 993 1031 41
f 1031 1069 41
f 1069 1107 41
f 1107 1145 41
f 1145 1183 41
f 1183 1221 41
f 1221 1259 41
f 1259 1297 41
f 1297 1335 41
f 1335 1373 41
f 1373 1411 41
f 1411 1449 41
f 1449 1487 41
f 1487 1525 41
f 1525 43 41
f 80 42 118
f 118 42 156
f 156 42 194
f 194 42 232
f 232 42 270
f 270 42 308
f 308 42 346
f 346 42 384
f 384 42 422
f 422 42 460
f 460 42 498
f 498 42 536
f 536 42 574
f 574 42 612
f 612 42 650
f 650 42 688
f 688 42 726
f 726 42 764
f 764 42 802
f 802 42 840
f 840 42 878
f 878 42 916
f 916 42 954
f 954 42 992
f 992 42 1030
f 1030 42 1068
f 1068 42 1106
f 1106 42 1144
f 1144 42 1182
f 1182 42 1220
f 1220 42 1258
f 1258 42 1296
f 1296 42 1334
f 1334 42 1372
f 1372 42 1410
f 1410 42 1448
f 1448 42 1486
f 1486 42 1524
f 1524 42 1562
f 1562 42 80
f 43 44 82
f 43 82 81
f 44 45 83
f 44 83 82
f 45 46 84
f 45 84 83
f 46 47 85
f 46 85 84
f 47 48 86
f 47 86 85
f 48 49 87
f 48 87 86
f 49 50 88
f 49 88 87
f 50 51 89
f 50 89 88
f 51 52 90
f 51 90 89
f 52 53 91
f 52 91 90
f 53 54 92
f 53 92 91
f 54 55 93
f 54 93 92
f 55 56 94
f 55 94 93
f 56 57 95
f 56 95 94
f 57 58 96
f 57 96 95
f 58 59 97
f 58 97 96
f 59 60 98
f 59 98 97
f 60 61 99
f 60 99 98
f 61 62 100
f 61 100 99
f 62 63 101
f 62 101 100
f 63 64 102
f 63 102 101
f 64 65 103
f 64 103 102
f 65 66 104
f 65 104 103
f 66 67 105
f 66 105 104
f 67 68 106
f 67 106 105
f 68 69 107
f 68 107 106
f 69 70 108
f 69 108 107
f 70 71 109
f 70 109 108
f 71 72 110
f 71 110 109
f 72 73 111
f 72 111 110
f 73 74 112
f 73 112 111
f 74 75 113
f 74 113 112
f 75 76 114
f 75 114 113
f 76 77 115
f 76 115 114
f 77 78 116
f 77 116 115
f 78 79 117
f 78 117 116
f 79 80 118
f 79 118 117
f 81 82 120
f 81 120 119
f 82 83 121
f 82 121 120
f 83 84 122
f 83 122 121
f 84 85 123
f 84 123 122
f 85 86 124
f 85 124 123
f 86 87 125
f 86 125 124
f 87 88 126
f 87 126 125
f 88 89 127
f 88 127 126
f 89 90 128
f 89 128 127
f 90 91 129
f 90 129 128
f 91 92 130
f 91 130 129
f 92 93 131
f 92 131 130
f 93 94 132
f 93 132 131
f 94 95 133
f 94 133 132
f 95 96 134
f 95 134 133
f 96 97 135
f 96 135 134
f 97 98 136
f 97 136 135
f 98 99 137
f 98 137 136
f 99 100 138
f 99 138 137
f 100 101 139
f 100 139 138
f 101 102 140
f 101 140 139
f 102 103 141
f 102 141 140
f 103 104 142
f 103 142 141
f 104 105 143
f 104 143 142
f 105 106 144
f 105 144 143
f 106 107 145
f 106 145 144
f 107 108 146
f 107 146 145
f 108 109 147
f 108 147 146
f 109 110 148
f 109 148 147
f 110 111 149
f 110 149 148
f 111 112 150
f 111 150 149
f 112 113 151
f 112 151 150
f 113 114 152
f 113 152 151
f 114 115 153
f 114 153 152
f 115 116 154
f 115 154 153
f 116 117 155
f 116 155 154
f 117 118 156
f 117 156 155
f 119 120 158
f 119 158 157
f 120 121 159
f 120 159 158
f 121 122 160
f 121 160 159
f 122 123 161
f 122 161 160
f 123 124 162
f 123 162 161
f 124 125 163
f 124 163 162
f 125 126 164
f 125 164 163
f 126 127 165
f 126 165 164
f 127 128 166
f 127 166 165
f 128 129 167
f 128 167 166
f 129 130 168
f 129 168 167
f 130 131 169
f 130 169 168
f 131 132 170
f 131 170 169
f 132 133 171
f 132 171 170
f 133 134 172
f 133 172 171
f 134 135 173
f 134 173 172
f 135 136 174
f 135 174 173
f 136 137 175
f 136 175 174
f 137 138 176
f 137 176 175
f 138 139 177
f 138 177 176
f 139 140 178
f 139 178 177
f 140 141 179
f 140 179 178
f 141 142 180
f 141 180 179
f 142 143 181
f 142 181 180
f 143 144 182
f 143 182 181
f 144 145 183
f 144 183 182
f 145 146 184
f 145 184 183
f 146 147 185
f 146 185 184
f 147 148 186
f 147 186 185
f 148 149 187
f 148 187 186
f 149 150 188
f 149 188 187
f 150 151 189
f 150 189 188
f 151 152 190
f 151 190 189
f 152 153 191
f 152 191 190
f 153 154 192
f 153 192 191
f 154 155 193
f 154 193 192
f 155 156 194
f 155 194 193
f 157 158 196
f 157 196 195
f 158 159 197
f 158 197 196
f 159 160 198
f 159 198 197
f 160 161 199
f 160 199 198
f 161 162 200
f 161 200 199
f 162 163 201
f 162 201 200
f 163 164 202
f 163 202 201
f 164 165 203
f 164 203 202
f 165 166 204
f 165 204 203
f 166 167 205
f 166 205 204
f 167 168 206
f 167 206 205
f 168 169 207
f 168 207 206
f 169 170 208
f 169 208 207
f 170 171 209
f 170 209 208
f 171 172 210
f 171 210 209
f 172 173 211
f 172 211 210
f 173 174 212
f 173 212 211
f 174 175 213
f 174 213 212
f 175 176 214
f 175 214 213
f 176 177 215
f 176 215 214
f 177 178 216
f 177 216 215
f 178 179 217
f 178 217 216
f 179 180 218
f 179 218 217
f 180 181 219
f 180 219 218
f 181 182 220
f 181 220 219
f 182 183 221
f 182 221 220
f 183 184 222
f 183 222 221
f 184 185 223
f 184 223 222
f 185 186 224
f 185 224 223
f 186 187 225
f 186 225 224
f 187 188 226
f 187 226 225
f 188 189 227
f 188 227 226
f 189 190 228
f 189 228 227
f 190 191 229
f 190 229 228
f 191 192 230
f 191 230 229
f 192 193 231
f 192 231 230
f 193 194 232
f 193 232 231
f 195 196 234
f 195 234 233
f 196 197 235
f 196 235 234
f 197 198 236
f 197 236 235
f 198 199 237
f 198 237 236
f 199 200 238
f 199 238 237
f 200 201 239
f 200 239 238
f 201 202 240
f 201 240 239
f 202 203 241
f 202 241 240
f 203 204 242
f 203 242 241
f 204 205 243
f 204 243 242
f 205 206 244
f 205 244 243
f 206 207 245
f 206 245 244
f 207 208 246
f 207 246 245
f 208 209 247
f 208 247 246
f 209 210 248
f 209 248 247
f 210 211 249
f 210 249 248
f 211 212 250
f 211 250 249
f 212 213 251
f 212 251 250
f 213 214 252
f 213 252 251
f 214 215 253
f 214 253 252
f 215 216 254
f 215 254 253
f 216 217 255
f 216 255 254
f 217 218 256
f 217 256 255
f 218 219 257
f 218 257 256
f 219 220 258
f 219 258 257
f 220 221 259
f 220 259 258
f 221 222 260
f 221 260 259
f 222 223 261
f 222 261 260
f 223 224 262
f 223 262 261
f 224 225 263
f 224 263 262
f 225 226 264
f 225 264 263
f 226 227 265
f 226 265 264
f 227 228 266
f 227 266 265
f 228 229 267
f 228 267 266
f 229 230 268
f 229 268 267
f 230 231 269
f 230 269 268
f 231 232 270
f 231 270 269
f 233 234 272
f 233 272 271
f 234 235 273
f 234 273 272
f 235 236 274
f 235 274 273
f 236 237 275
f 236 275 274
f 237 238 276
f 237 276 275
f 238 239 277
f 238 277 276
f 239 240 278
f 239 278 277
f 240 241 279
f 240 279 278
f 241 242 280
f 241 280 279
f 242 243 281
f 242 281 280
f 243 244 282
f 243 282 281
f 244 245 283
f 244 283 282
f 245 246 284
f 245 284 283
f 246 247 285
f 246 285 284
f 247 248 286
f 247 286 285
f 248 249 287
f 248 287 286
f 249 250 288
f 249 288 287
f 250 251 289
f 250 289 288
f 251 252 290
f 251 290 289
f 252 253 291
f 252 291 290
f 253 254 292
f 253 292 291
f 254 255 293
f 254 293 292
f 255 256 294
f 255 294 293
f 256 257 295
f 256 295 294
f 257 258 296
f 257 296 295
f 258 259 297
f 258 297 296
f 259 260 298
f 259 298 297
f 260 261 299
f 260 299 298
f 261 262 300
f 261 300 299
f 262 263 301
f 262 301 300
f 263 264 302
f 263 302 301
f 264 265 303
f 264 303 302
f 265 266 304
f 265 304 303
f 266 267 305
f 266 305 304
f 267 268 306
f 267 306 305
f 268 269 307
f 268 307 306
f 269 270 308
f 269 308 307
f 271 272 310
f 271 310 309
f 272 273 311
f 272 311 310
f 273 274 312
f 273 312 311
f 274 275 313
f 274 313 312
f 275 276 314
f 275 314 313
f 276 277 315
f 276 315 314
f 277 278 316
f 277 316 315
f 278 279 317
f 278 317 316
f 279 280 318
f 279 318 317
f 280 281 319
f 280 319 318
f 281 282 320
f 281 320 319
f 282 283 321
f 282 321 320
f 283 284 322
f 283 322 321
f 284 285 323
f 284 323 322
f 285 286 324
f 285 324 323
f 286 287 325
f 286 325 324
f 287 288 326
f 287 326 325
f 288 289 327
f 288 327 326
f 289 290 328
f 289 328 327
f 290 291 329
f 290 329 328
f 291 292 330
f 291 330 329
f 292 293 331
f 292 331 330
f 293 294 332
f 293 332 331
f 294 295 333
f 294 333 332
f 295 296 334
f 295 334 333
f 296 297 335
f 296 335 334
f 297 298 336
f 297 336 335
f 298 299 337
f 298 337 336
f 299 300 338
f 299 338 337
f 300 301 339
f 300 339 338
f 301 302 340
f 301 340 339
f 302 303 341
f 302 341 340
f 303 304 342
f 303 342 341
f 304 305 343
f 304 343 342
f 305 306 344
f 305 344 343
f 306 307 345
f 306 345 344
f 307 308 346
f 307 346 345
f 309 310 348
f 309 348 347
f 310 311 349
f 310 349 348
f 311 312 350
f 311 350 349
f 312 313 351
f 312 351 350
f 313 314 352
f 313 352 351
f 314 315 353
f 314 353 352
f 315 316 354
f 315 354 353
f 316 317 355
f 316 355 354
f 317 318 356
f 317 356 355
f 318 319 357
f 318 357 356
f 319 320 358
f 319 358 357
f 320 321 359
f 320 359 358
f 321 322 360
f 321 360 359
f 322 323 361
f 322 361 360
f 323 324 362
f 323 362 361
f 324 325 363
f 324 363 362
f 325 326 364
f 325 364 363
f 326 327 365
f 326 365 364
f 327 328 366
f 327 366 365
f 328 329 367
f 328 367 366
f 329 330 368
f 329 368 367
f 330 331 369
f 330 369 368
f 331 332 370
f 331 370 369
f 332 333 371
f 332 371 370
f 333 334 372
f 333 372 371
f 334 335 373
f 334 373 372
f 335 336 374
f 335 374 373
f 336 337 375
f 336 375 374
f 337 338 376
f 337 376 375
f 338 339 377
f 338 377 376
f 339 340 378
f 339 378 377
f 340 341 379
f 340 379 378
f 341 342 380
f 341 380 379
f 342 343 381
f 342 381 380
f 343 344 382
f 343 382 381
f 344 345 383
f 344 383 382
f 345 346 384
f 345 384 383
f 347 348 386
f 347 386 385
f 348 349 387
f 348 387 386
f 349 350 388
f 349 388 387
f 350 351 389
f 350 389 388
f 351 352 390
f 351 390 389
f 352 353 391
f 352 391 390
f 353 354 392
f 353 392 391
f 354 355 393
f 354 393 392
f 355 356 394
f 355 394 393
f 356 357 395
f 356 395 394
f 357 358 396
f 357 396 395
f 358 359 397
f 358 397 396
f 359 360 398
f 359 398 397
f 360 361 399
f 360 399 398
f 361 362 400
f 361 400 399
f 362 363 401
f 362 401 400
f 363 364 402
f 363 402 401
f 364 365 403
f 364 403 402
f 365 366 404
f 365 404 403
f 366 367 405
f 366 405 404
f 367 368 406
f 367 406 405
f 368 369 407
f 368 407 406
f 369 370 408
f 369 408 407
f 370 371 409
f 370 409 408
f 371 372 410
f 371 410 409
f 372 373 411
f 372 411 410
f 373 374 412
f 373 412 411
f 374 375 413
f 374 413 412
f 375 376 414
f 375 414 413
f 376 377 415
f 376 415 414
f 377 378 416
f 377 416 415
f 378 379 417
f 378 417 416
f 379 380 418
f 379 418 417
f 380 381 419
f 380 419 418
f 381 382 420
f 381 420 419
f 382 383 421
f 382 421 420
f 383 384 422
f 383 422 421
f 385 386 424
f 385 424 423
f 386 387 425
f 386 425 424
f 387 388 426
f 387 426 425
f 388 389 427
f 388 427 426
f 389 390 428
f 389 428 427
f 390 391 429
f 390 429 428
f 391 392 430
f 391 430 429
f 392 393 431
f 392 431 430
f 393 394 432
f 393 432 431
f 394 395 433
f 394 433 432
f 395 396 434
f 395 434 433
f 396 397 435
f 396 435 434
f 397 398 436
f 397 436 435
f 398 399 437
f 398 437 436
f 399 400 438
f 399 438 437
f 400 401 439
f 400 439 438
f 401 402 440
f 401 440 439
f 402 403 441
f 402 441 440
f 403 404 442
f 403 442 441
f 404 405 443
f 404 443 442
f 405 406 444
f 405 444 443
f 406 407 445
f 406 445 444
f 407 408 446
f 407 446 445
f 408 409 447
f 408 447 446
f 409 410 448
f 409 448 447
f 410 411 449
f 410 449 448
f 411 412 450
f 411 450 449
f 412 413 451
f 412 451 450
f 413 414 452
f 413 452 451
f 414 415 453
f 414 453 452
f 415 416 454
f 415 454 453
f 416 417 455
f 416 455 454
f 417 418 456
f 417 456 455
f 418 419 457
f 418 457 456
f 419 420 458
f 419 458 457
f 420 421 459
f 420 459 458
f 421 422 460
f 421 460 459
f 423 424 462
f 423 462 461
f 424 425 463
f 424 463 462
f 425 426 464
f 425 464 463
f 426 427 465
f 426 465 464
f 427 428 466
f 427 466 465
f 428 429 467
f 428 467 466
f 429 430 468
f 429 468 467
f 430 431 469
f 430 469 468
f 431 432 470
f 431 470 469
f 432 433 471
f 432 471 470
f 433 434 472
f 433 472 471
f 434 435 473
f 434 473 472
f 435 436 474
f 435 474 473
f 436 437 475
f 436 475 474
f 437 438 476
f 437 476 475
f 438 439 477
f 438 477 476
f 439 440 478
f 439 478 477
f 440 441 479
f 440 479 478
f 441 442 480
f 441 480 479
f 442 443 481
f 442 481 480
f 443 444 482
f 443 482 481
f 444 445 483
f 444 483 482
f 445 446 484
f 445 484 483
f 446 447 485
f 446 485 484
f 447 448 486
f 447 486 485
f 448 449 487
f 448 487 486
f 449 450 488
f 449 488 487
f 450 451 489
f 450 489 488
f 451 452 490
f 451 490 489
f 452 453 491
f 452 491 490
f 453 454 492
f 453 492 491
f 454 455 493
f 454 493 492
f 455 456 494
f 455 494 493
f 456 457 495
f 456 495 494
f 457 458 496
f 457 496 495
f 458 459 497
f 458 497 496
f 459 460 498
f 459 498 497
f 461 462 500
f 461 500 499
f 462 463 501
f 462 501 500
f 463 464 502
f 463 502 501
f 464 465 503
f 464 503 502
f 465 466 504
f 465 504 503
f 466 467 505
f 466 505 504
f 467 468 506
f 467 506 505
f 468 469 507
f 468 507 506
f 469 470 508
f 469 508 507
f 470 471 509
f 470 509 508
f 471 472 510
f 471 510 509
f 472 473 511
f 472 511 510
f 473 474 512
f 473 512 511
f 474 475 513
f 474 513 512
f 475 476 514
f 475 514 513
f 476 477 515
f 476 515 514
f 477 478 516
f 477 516 515
f 478 479 517
f 478 517 516
f 479 480 518
f 479 518 517
f 480 481 519
f 480 519 518
f 481 482 520
f 481 520 519
f 482 483 521
f 482 521 520
f 483 484 522
f 483 522 521
f 484 485 523
f 484 523 522
f 485 486 524
f 485 524 523
f 486 487 525
f 486 525 524
f 487 488 526
f 487 526 525
f 488 489 527
f 488 527 526
f 489 490 528
f 489 528 527
f 490 491 529
f 490 529 528
f 491 492 530
f 491 530 529
f 492 493 531
f 492 531 530
f 493 494 532
f 493 532 531
f 494 495 533
f 494 533 532
f 495 496 534
f 495 534 533
f 496 497 535
f 496 535 534
f 497 498 536
f 497 536 535
f 499 500 538
f 499 538 537
f 500 501 539
f 500 539 538
f 501 502 540
f 501 540 539
f 502 503 541
f 502 541 540
f 503 504 542
f 503 542 541
f 504 505 543
f 504 543 542
f 505 506 544
f 505 544 543
f 506 507 545
f 506 545 544
f 507 508 546
f 507 546 545
f 508 509 547
f 508 547 546
f 509 510 548
f 509 548 547
f 510 511 549
f 510 549 548
f 511 512 550
f 511 550 549
f 512 513 551
f 512 551 550
f 513 514 552
f 513 552 551
f 514 515 553
f 514 553 552
f 515 516 554
f 515 554 553
f 516 517 555
f 516 555 554
f 517 518 556
f 517 556 555
f 518 519 557
f 518 557 556
f 519 520 558
f 519 558 557
f 520 521 559
f 520 559 558
f 521 522 560
f 521 560 559
f 522 523 561
f 522 561 560
f 523 524 562
f 523 562 561
f 524 525 563
f 524 563 562
f 525 526 564
f 525 564 563
f 526 527 565
f 526 565 564
f 527 528 566
f 527 566 565
f 528 529 567
f 528 567 566
f 529 530 568
f 529 568 567
f 530 531 569
f 530 569 568
f 531 532 570
f 531 570 569
f 532 533 571
f 532 571 570
f 533 534 572
f 533 572 571
f 534 535 573
f 534 573 572
f 535 536 574
f 535 574 573
f 537 538 576
f 537 576 575
f 538 539 577
f 538 577 576
f 539 540 578
f 539 578 577
f 540 541 579
f 540 579 578
f 541 542 580
f 541 580 579
f 542 543 581
f 542 581 580
f 543 544 582
f 543 582 581
f 544 545 583
f 544 583 582
f 545 546 584
f 545 584 583
f 546 547 585
f 546 585 584
f 547 548 586
f 547 586 585
f 548 549 587
f 548 587 586
f 549 550 588
f 549 588 587
f 550 551 589
f 550 589 588
f 551 552 590
f 551 590 589
f 552 553 591
f 552 591 590
f 553 554 592
f 553 592 591
f 554 555 593
f 554 593 592
f 555 556 594
f 555 594 593
f 556 557 595
f 556 595 594
f 557 558 596
f 557 596 595
f 558 559 597
f 558 597 596
f 559 560 598
f 559 598 597
f 560 561 599
f 560 599 598
f 561 562 600
f 561 600 599
f 562 563 601
f 562 601 600
f 563 564 602
f 563 602 601
f 564 565 603
f 564 603 602
f 565 566 604
f 565 604 603
f 566 567 605
f 566 605 604
f 567 568 606
f 567 606 605
f 568 569 607
f 568 607 606
f 569 570 608
f 569 608 607
f 570 571 609
f 570 609 608
f 571 572 610
f 571 610 609
f 572 573 611
f 572 611 610
f 573 574 612
f 573 612 611
f 575 576 614
f 575 614 613
f 576 577 615
f 576 615 614
f 577 578 616
f 577 616 615
f 578 579 617
f 578 617 616
f 579 580 618
f 579 618 617
f 580 581 619
f 580 619 618
f 581 582 620
f 581 620 619
f 582 583 621
f 582 621 620
f 583 584 622
f 583 622 621
f 584 585 623
f 584 623 622
f 585 586 624
f 585 624 623
f 586 587 625
f 586 625 624
f 587 588 626
f 587 626 625
f 588 589 627
f 588 627 626
f 589 590 628
f 589 628 627
f 590 591 629
f 590 629 628
f 591 592 630
f 591 630 629
f 592 593 631
f 592 631 630
f 593 594 632
f 593 632 631
f 594 595 633
f 594 633 632
f 595 596 634
f 595 634 633
f 596 597 635
f 596 635 634
f 597 598 636
f 597 636 635
f 598 599 637
f 598 637 636
f 599 600 638
f 599 638 637
f 600 601 639
f 600 639 638
f 601 602 640
f 601 640 639
f 602 603 641
f 602 641 640
f 603 604 642
f 603 642 641
f 604 605 643
f 604 643 642
f 605 606 644
f 605 644 643
f 606 607 645
f 606 645 644
f 607 608 646
f 607 646 645
f 608 609 647
f 608 647 646
f 609 610 648
f 609 648 647
f 610 611 649
f 610 649 648
f 611 612 650
f 611 650 649
f 613 614 652
f 613 652 651
f 614 615 653
f 614 653 652
f 615 616 654
f 615 654 653
f 616 617 655
f 616 655 654
f 617 618 656
f 617 656 655
f 618 619 657
f 618 657 656
f 619 620 658
f 619 658 657
f 620 621 659
f 620 659 658
f 621 622 660
f 621 660 659
f 622 623 661
f 622 661 660
f 623 624 662
f 623 662 661
f 624 625 663
f 624 663 662
f 625 626 664
f 625 664 663
f 626 627 665
f 626 665 664
f 627 628 666
f 627 666 665
f 628 629 667
f 628 667 666
f 629 630 668
f 629 668 667
f 630 631 669
f 630 669 668
f 631 632 670
f 631 670 669
f 632 633 671
f 632 671 670
f 633 634 672
f 633 672 671
f 634 635 673
f 634 673 672
f 635 636 674
f 635 674 673
f 636 637 675
f 636 675 674
f 637 638 676
f 637 676 675
f 638 639 677
f 638 677 676
f 639 640 678
f 639 678 677
f 640 641 679
f 640 679 678
f 641 642 680
f 641 680 679
f 642 643 681
f 642 681 680
f 643 644 682
f 643 682 681
f 644 645 683
f 644 683 682
f 645 646 684
f 645 684 683
f 646 647 685
f 646 685 684
f 647 648 686
f 647 686 685
f 648 649 687
f 648 687 686
f 649 650 688
f 649 688 687
f 651 652 690
f 651 690 689
f 652 653 691
f 652 691 690
f 653 654 692
f 653 692 691
f 654 655 693
f 654 693 692
f 655 656 694
f 655 694 693
f 656 657 695
f 656 695 694
f 657 658 696
f 657 696 695
f 658 659 697
f 658 697 696
f 659 660 698
f 659 698 697
f 660 661 699
f 660 699 698
f 661 662 700
f 661 700 699
f 662 663 701
f 662 701 700
f 663 664 702
f 663 702 701
f 664 665 703
f 664 703 702
f 665 666 704
f 665 704 703
f 666 667 705
f 666 705 704
f 667 668 706
f 667 706 705
f 668 669 707
f 668 707 706
f 669 670 708
f 669 708 707
f 670 671 709
f 670 709 708
f 671 672 710
f 671 710 709
f 672 673 711
f 672 711 710
f 673 674 712
f 673 712 711
f 674 675 713
f 674 713 712
f 675 676 714
f 675 714 713
f 676 677 715
f 676 715 714
f 677 678 716
f 677 716 715
f 678 679 717
f 678 717 716
f 679 680 718
f 679 718 717
f 680 681 719
f 680 719 718
f 681 682 720
f 681 720 719
f 682 683 721
f 682 721 720
f 683 684 722
f 683 722 721
f 684 685 723
f 684 723 722
f 685 686 724
f 685 724 723
f 686 687 725
f 686 725 724
f 687 688 726
f 687 726 725
f 689 690 728
f 689 728 727
f 690 691 729
f 690 729 728
f 691 692 730
f 691 730 729
f 692 693 731
f 692 731 730
f 693 694 732
f 693 732 731
f 694 695 733
f 694 733 732
f 695 696 734
f 695 734 733
f 696 697 735
f 696 735 734
f 697 698 736
f 697 736 735
f 698 699 737
f 698 737 736
f 699 700 738
f 699 738 737
f 700 701 739
f 700 739 738
f 701 702 740
f 701 740 739
f 702 703 741
f 702 741 740
f 703 704 742
f 703 742 741
f 704 705 743
f 704 743 742
f 705 706 744
f 705 744 743
f 706 707 745
f 706 745 744
f 707 708 746
f 707 746 745
f 708 709 747
f 708 747 746
f 709 710 748
f 709 748 747
f 710 711 749
f 710 749 748
f 711 712 750
f 711 750 749
f 712 713 751
f 712 751 750
f 713 714 752
f 713 752 751
f 714 715 753
f 714 753 752
f 715 716 754
f 715 754 753
f 716 717 755
f 716 755 754
f 717 718 756
f 717 756 755
f 718 719 757
f 718 757 756
f 719 720 758
f 719 758 757
f 720 721 759
f 720 759 758
f 721 722 760
f 721 760 759
f 722 723 761
f 722 761 760
f 723 724 762
f 723 762 761
f 724 725 763
f 724 763 762
f 725 726 764
f 725 764 763
f 727 728 766
f 727 766 765
f 728 729 767
f 728 767 766
f 729 730 768
f 729 768 767
f 730 731 769
f 730 769 768
f 731 732 770
f 731 770 769
f 732 733 771
f 732 771 770
f 733 734 772
f 733 772 771
f 734 735 773
f 734 773 772
f 735 736 774
f 735 774 773
f 736 737 775
f 736 775 774
f 737 738 776
f 737 776 775
f 738 739 777
f 738 777 776
f 739 740 778
f 739 778 777
f 740 741 779
f 740 779 778
f 741 742 780
f 741 780 779
f 742 743 781
f 742 781 780
f 743 744 782
f 743 782 781
f 744 745 783
f 744 783 782
f 745 746 784
f 745 784 783
f 746 747 785
f 746 785 784
f 747 748 786
f 747 786 785
f 748 749 787
f 748 787 786
f 749 750 788
f 749 788 787
f 750 751 789
f 750 789 788
f 751 752 790
f 751 790 789
f 752 753 791
f 752 791 790
f 753 754 792
f 753 792 791
f 754 755 793
f 754 793 792
f 755 756 794
f 755 794 793
f 756 757 795
f 756 795 794
f 757 758 796
f 757 796 795
f 758 759 797
f 758 797 796
f 759 760 798
f 759 798 797
f 760 761 799
f 760 799 798
f 761 762 800
f 761 800 799
f 762 763 801
f 762 801 800
f 763 764 802
f 763 802 801
f 765 766 804
f 765 804 803
f 766 767 805
f 766 805 804
f 767 768 806
f 767 806 805
f 768 769 807
f 768 807 806
f 769 770 808
f 769 808 807
f 770 771 809
f 770 809 808
f 771 772 810
f 771 810 809
f 772 773 811
f 772 811 810
f 773 774 812
f 773 812 811
f 774 775 813
f 774 813 812
f 775 776 814
f 775 814 813
f 776 777 815
f 776 815 814
f 777 778 816
f 777 816 815
f 778 779 817
f 778 817 816
f 779 780 818
f 779 818 817
f 780 781 819
f 780 819 818
f 781 782 820
f 781 820 819
f 782 783 821
f 782 821 820
f 783 784 822
f 783 822 821
f 784 785 823
f 784 823 822
f 785 786 824
f 785 824 823
f 786 787 825
f 786 825 824
f 787 788 826
f 787 826 825
f 788 789 827
f 788 827 826
f 789 790 828
f 789 828 827
f 790 791 829
f 790 829 828
f 791 792 830
f 791 830 829
f 792 793 831
f 792 831 830
f 793 794 832
f 793 832 831
f 794 795 833
f 794 833 832
f 795 796 834
f 795 834 833
f 796 797 835
f 796 835 834
f 797 798 836
f 797 836 835
f 798 799 837
f 798 837 836
f 799 800 838
f 799 838 837
f 800 801 839
f 800 839 838
f 801 802 840
f 801 840 839
f 803 804 842
f 803 842 841
f 804 805 843
f 804 843 842
f 805 806 844
f 805 844 843
f 806 807 845
f 806 845 844
f 807 808 846
f 807 846 845
f 808 809 847
f 808 847 846
f 809 810 848
f 809 848 847
f 810 811 849
f 810 849 848
f 811 812 850
f 811 850 849
f 812 813 851
f 812 851 850
f 813 814 852
f 813 852 851
f 814 815 853
f 814 853 852
f 815 816 854
f 815 854 853
f 816 817 855
f 816 855 854
f 817 818 856
f 817 856 855
f 818 819 857
f 818 857 856
f 819 820 858
f 819 858 857
f 820 821 859
f 820 859 858
f 821 822 860
f 821 860 859
f 822 823 861
f 822 861 860
f 823 824 862
f 823 862 861
f 824 825 863
f 824 863 862
f 825 826 864
f 825 864 863
f 826 827 865
f 826 865 864
f 827 828 866
f 827 866 865
f 828 829 867
f 828 867 866
f 829 830 868
f 829 868 867
f 830 831 869
f 830 869 868
f 831 832 870
f 831 870 869
f 832 833 871
f 832 871 870
f 833 834 872
f 833 872 871
f 834 835 873
f 834 873 872
f 835 836 874
f 835 874 873
f 836 837 875
f 836 875 874
f 837 838 876
f 837 876 875
f 838 839 877
f 838 877 876
f 839 840 878
f 839 878 877
f 841 842 880
f 841 880 879
f 842 843 881
f 842 881 880
f 843 844 882
f 843 882 881
f 844 845 883
f 844 883 882
f 845 846 884
f 845 884 883
f 846 847 885
f 846 885 884
f 847 848 886
f 847 886 885
f 848 849 887
f 848 887 886
f 849 850 888
f 849 888 887
f 850 851 889
f 850 889 888
f 851 852 890
f 851 890 889
f 852 853 891
f 852 891 890
f 853 854 892
f 853 892 891
f 854 855 893
f 854 893 892
f 855 856 894
f 855 894 893
f 856 857 895
f 856 895 894
f 857 858 896
f 857 896 895
f 858 859 897
f 858 897 896
f 859 860 898
f 859 898 897
f 860 861 899
f 860 899 898
f 861 862 900
f 861 900 899
f 862 863 901
f 862 901 900
f 863 864 902
f 863 902 901
f 864 865 903
f 864 903 902
f 865 866 904
f 865 904 903
f 866 867 905
f 866 905 904
f 867 868 906
f 867 906 905
f 868 869 907
f 868 907 906
f 869 870 908
f 869 908 907
f 870 871 909
f 870 909 908
f 871 872 910
f 871 910 909
f 872 873 911
f 872 911 910
f 873 874 912
f 873 912 911
f 874 875 913
f 874 913 912
f 875 876 914
f 875 914 913
f 876 877 915
f 876 915 914
f 877 878 916
f 877 916 915
f 879 880 918
f 879 918 917
f 880 881 919
f 880 919 918
f 881 882 920
f 881 920 919
f 882 883 921
f 882 921 920
f 883 884 922
f 883 922 921
f 884 885 923
f 884 923 922
f 885 886 924
f 885 924 923
f 886 887 925
f 886 925 924
f 887 888 926
f 887 926 925
f 888 889 927
f 888 927 926
f 889 890 928
f 889 928 927
f 890 891 929
f 890 929 928
f 891 892 930
f 891 930 929
f 892 893 931
f 892 931 930
f 893 894 932
f 893 932 931
f 894 895 933
f 894 933 932
f 895 896 934
f 895 934 933
f 896 897 935
f 896 935 934
f 897 898 936
f 897 936 935
f 898 899 937
f 898 937 936
f 899 900 938
f 899 938 937
f 900 901 939
f 900 939 938
f 901 902 940
f 901 940 939
f 902 903 941
f 902 941 940
f 903 904 942
f 903 942 941
f 904 905 943
f 904 943 942
f 905 906 944
f 905 944 943
f 906 907 945
f 906 945 944
f 907 908 946
f 907 946 945
f 908 909 947
f 908 947 946
f 909 910 948
f 909 948 947
f 910 911 949
f 910 949 948
f 911 912 950
f 911 950 949
f 912 913 951
f 912 951 950
f 913 914 952
f 913 952 951
f 914 915 953
f 914 953 952
f 915 916 954
f 915 954 953
f 917 918 956
f 917 956 955
f 918 919 957
f 918 957 956
f 919 920 958
f 919 958 957
f 920 921 959
f 920 959 958
f 921 922 960
f 921 960 959
f 922 923 961
f 922 961 960
f 923 924 962
f 923 962 961
f 924 925 963
f 924 963 962
f 925 926 964
f 925 964 963
f 926 927 965
f 926 965 964
f 927 928 966
f 927 966 965
f 928 929 967
f 928 967 966
f 929 930 968
f 929 968 967
f 930 931 969
f 930 969 968
f 931 932 970
f 931 970 969
f 932 933 971
f 932 971 970
f 933 934 972
f 933 972 971
f 934 935 973
f 934 973 972
f 935 936 974
f 935 974 973
f 936 937 975
f 936 975 974
f 937 938 976
f 937 976 975
f 938 939 977
f 938 977 976
f 939 940 978
f 939 978 977
f 940 941 979
f 940 979 978
f 941 942 980
f 941 980 979
f 942 943 981
f 942 981 980
f 943 944 982
f 943 982 981
f 944 945 983
f 944 983 982
f 945 946 984
f 945 984 983
f 946 947 985
f 946 985 984
f 947 948 986
f 947 986 985
f 948 949 987
f 948 987 986
f 949 950 988
f 949 988 987
f 950 951 989
f 950 989 988
f 951 952 990
f 951 990 989
f 952 953 991
f 952 991 990
f 953 954 992
f 953 992 991
f 955 956 994
f 955 994 993
f 956 957 995
f 956 995 994
f 957 958 996
f 957 996 995
f 958 959 997
f 958 997 996
f 959 960 998
f 959 998 997
f 960 961 999
f 960 999 998
f 961 962 1000
f 961 1000 999
f 962 963 1001
f 962 1001 1000
f 963 964 1002
f 963 1002 1001
f 964 965 1003
f 964 1003 1002
f 965 966 1004
f 965 1004 1003
f 966 967 1005
f 966 1005 1004
f 967 968 1006
f 967 1006 1005
f 968 969 1007
f 968 1007 1006
f 969 970 1008
f 969 1008 1007
f 970 971 1009
f 970 1009 1008
f 971 972 1010
f 971 1010 1009
f 972 973 1011
f 972 1011 1010
f 973 974 1012
f 973 1012 1011
f 974 975 1013
f 974 1013 1012
f 975 976 1014
f 975 1014 1013
f 976 977 1015
f 976 1015 1014
f 977 978 1016
f 977 1016 1015
f 978 979 1017
f 978 1017 1016
f 979 980 1018
f 979 1018 1017
f 980 981 1019
f 980 1019 1018
f 981 982 1020
f 981 1020 1019
f 982 983 1021
f 982 1021 1020
f 983 984 1022
f 983 1022 1021
f 984 985 1023
f 984 1023 1022
f 985 986 1024
f 985 1024 1023
f 986 987 1025
f 986 1025 1024
f 987 988 1026
f 987 1026 1025
f 988 989 1027
f 988 1027 1026
f 989 990 1028
f 989 1028 1027
f 990 991 1029
f 990 1029 1028
f 991 992 1030
f 991 1030 1029
f 993 994 1032
f 993 1032 1031
f 994 995 1033
f 994 1033 1032
f 995 996 1034
f 995 1034 1033
f 996 997 1035
f 996 1035 1034
f 997 998 1036
f 997 1036 1035
f 998 999 1037
f 998 1037 1036
f 999 1000 1038
f 999 1038 1037
f 1000 1001 1039
f 1000 1039 1038
f 1001 1002 1040
f 1001 1040 1039
f 1002 1003 1041
f 1002 1041 1040
f 1003 1004 1042
f 1003 1042 1041
f 1004 1005 1043
f 1004 1043 1042
f 1005 1006 1044
f 1005 1044 1043
f 1006 1007 1045
f 1006 1045 1044
f 1007 1008 1046
f 1007 1046 1045
f 1008 1009 1047
f 1008 1047 1046
f 1009 1010 1048
f 1009 1048 1047
f 1010 1011 1049
f 1010 1049 1048
f 1011 1012 1050
f 1011 1050 1049
f 1012 1013 1051
f 1012 1051 1050
f 1013 1014 1052
f 1013 1052 1051
f 1014 1015 1053
f 1014 1053 1052
f 1015 1016 1054
f 1015 1054 1053
f 1016 1017 1055
f 1016 1055 1054
f 1017 1018 1056
f 1017 1056 1055
f 1018 1019 1057
f 1018 1057 1056
f 1019 1020 1058
f 1019 1058 1057
f 1020 1021 1059
f 1020 1059 1058
f 1021 1022 1060
f 1021 1060 1059
f 1022 1023 1061
f 1022 1061 1060
f 1023 1024 1062
f 1023 1062 1061
f 1024 1025 1063
f 1024 1063 1062
f 1025 1026 1064
f 1025 1064 1063
f 1026 1027 1065
f 1026 1065 1064
f 1027 1028 1066
f 1027 1066 1065
f 1028 1029 1067
f 1028 1067 1066
f 1029 1030 1068
f 1029 1068 1067
f 1031 1032 1070
f 1031 1070 1069
f 1032 1033 1071
f 1032 1071 1070
f 1033 1034 1072
f 1033 1072 1071
f 1034 1035 1073
f 1034 1073 1072
f 1035 1036 1074
f 1035 1074 1073
f 1036 1037 1075
f 1036 1075 1074
f 1037 1038 1076
f 1037 1076 1075
f 1038 1039 1077
f 1038 1077 1076
f 1039 1040 1078
f 1039 1078 1077
f 1040 1041 1079
f 1040 1079 1078
f 1041 1042 1080
f 1041 1080 1079
f 1042 1043 1081
f 1042 1081 1080
f 1043 1044 1082
f 1043 1082 1081
f 1044 1045 1083
f 1044 1083 1082
f 1045 1046 1084
f 1045 1084 1083
f 1046 1047 1085
f 1046 1085 1084
f 1047 1048 1086
f 1047 1086 1085
f 1048 1049 1087
f 1048 1087 1086
f 1049 1050 1088
f 1049 1088 1087
f 1050 1051 1089
f 1050 1089 1088
f 1051 1052 1090
f 1051 1090 1089
f 1052 1053 1091
f 1052 1091 1090
f 1053 1054 1092
f 1053 1092 1091
f 1054 1055 1093
f 1054 1093 1092
f 1055 1056 1094
f 1055 1094 1093
f 1056 1057 1095
f 1056 1095 1094
f 1057 1058 1096
f 1057 1096 1095
f 1058 1059 1097
f 1058 1097 1096
f 1059 1060 1098
f 1059 1098 1097
f 1060 1061 1099
f 1060 1099 1098
f 1061 1062 1100
f 1061 1100 1099
f 1062 1063 1101
f 1062 1101 1100
f 1063 1064 1102
f 1063 1102 1101
f 1064 1065 1103
f 1064 1103 1102
f 1065 1066 1104
f 1065 1104 1103
f 1066 1067 1105
f 1066 1105 1104
f 1067 1068 1106
f 1067 1106 1105
f 1069 1070 1108
f 1069 1108 1107
f 1070 1071 1109
f 1070 1109 1108
f 1071 1072 1110
f 1071 1110 1109
f 1072 1073 1111
f 1072 1111 1110
f 1073 1074 1112
f 1073 1112 1111
f 1074 1075 1113
f 1074 1113 1112
f 1075 1076 1114
f 1075 1114 1113
f 1076 1077 1115
f 1076 1115 1114
f 1077 1078 1116
f 1077 1116 1115
f 1078 1079 1117
f 1078 1117 1116
f 1079 1080 1118
f 1079 1118 1117
f 1080 1081 1119
f 1080 1119 1118
f 1081 1082 1120
f 1081 1120 1119
f 1082 1083 1121
f 1082 1121 1120
f 1083 1084 1122
f 1083 1122 1121
f 1084 1085 1123
f 1084 1123 1122
f 1085 1086 1124
f 1085 1124 1123
f 1086 1087 1125
f 1086 1125 1124
f 1087 1088 1126
f 1087 1126 1125
f 1088 1089 1127
f 1088 1127 1126
f 1089 1090 1128
f 1089 1128 1127
f 1090 1091 1129
f 1090 1129 1128
f 1091 1092 1130
f 1091 1130 1129
f 1092 1093 1131
f 1092 1131 1130
f 1093 1094 1132
f 1093 1132 1131
f 1094 1095 1133
f 1094 1133 1132
f 1095 1096 1134
f 1095 1134 1133
f 1096 1097 1135
f 1096 1135 1134
f 1097 1098 1136
f 1097 1136 1135
f 1098 1099 1137
f 1098 1137 1136
f 1099 1100 1138
f 1099 1138 1137
f 1100 1101 1139
f 1100 1139 1138
f 1101 1102 1140
f 1101 1140 1139
f 1102 1103 1141
f 1102 1141 1140
f 1103 1104 1142
f 1103 1142 1141
f 1104 1105 1143
f 1104 1143 1142
f 1105 1106 1144
f 1105 1144 1143
f 1107 1108 1146
f 1107 1146 1145
f 1108 1109 1147
f 1108 1147 1146
f 1109 1110 1148
f 1109 1148 1147
f 1110 1111 1149
f 1110 1149 1148
f 1111 1112 1150
f 1111 1150 1149
f 1112 1113 1151
f 1112 1151 1150
f 1113 1114 1152
f 1113 1152 1151
f 1114 1115 1153
f 1114 1153 1152
f 1115 1116 1154
f 1115 1154 1153
f 1116 1117 1155
f 1116 1155 1154
f 1117 1118 1156
f 1117 1156 1155
f 1118 1119 1157
f 1118 1157 1156
f 1119 1120 1158
f 1119 1158 1157
f 1120 1121 1159
f 1120 1159 1158
f 1121 1122 1160
f 1121 1160 1159
f 1122 1123 1161
f 1122 1161 1160
f 1123 1124 1162
f 1123 1162 1161
f 1124 1125 1163
f 1124 1163 1162
f 1125 1126 1164
f 1125 1164 1163
f 1126 1127 1165
f 1126 1165 1164
f 1127 1128 1166
f 1127 1166 1165
f 1128 1129 1167
f 1128 1167 1166
f 1129 1130 1168
f 1129 1168 1167
f 1130 1131 1169
f 1130 1169 1168
f 1131 1132 1170
f 1131 1170 1169
f 1132 1133 1171
f 1132 1171 1170
f 1133 1134 1172
f 1133 1172 1171
f 1134 1135 1173
f 1134 1173 1172
f 1135 1136 1174
f 1135 1174 1173
f 1136 1137 1175
f 1136 1175 1174
f 1137 1138 1176
f 1137 1176 1175
f 1138 1139 1177
f 1138 1177 1176
f 1139 1140 1178
f 1139 1178 1177
f 1140 1141 1179
f 1140 1179 1178
f 1141 1142 1180
f 1141 1180 1179
f 1142 1143 1181
f 1142 1181 1180
f 1143 1144 1182
f 1143 1182 1181
f 1145 1146 1184
f 1145 1184 1183
f 1146 1147 1185
f 1146 1185 1184
f 1147 1148 1186
f 1147 1186 1185
f 1148 1149 1187
f 1148 1187 1186
f 1149 1150 1188
f 1149 1188 1187
f 1150 1151 1189
f 1150 1189 1188
f 1151 1152 1190
f 1151 1190 1189
f 1152 1153 1191
f 1152 1191 1190
f 1153 1154 1192
f 1153 1192 1191
f 1154 1155 1193
f 1154 1193 1192
f 1155 1156 1194
f 1155 1194 1193
f 1156 1157 1195
f 1156 1195 1194
f 1157 1158 1196
f 1157 1196 1195
f 1158 1159 1197
f 1158 1197 1196
f 1159 1160 1198
f 1159 1198 1197
f 1160 1161 1199
f 1160 1199 1198
f 1161 1162 1200
f 1161 1200 1199
f 1162 1163 1201
f 1162 1201 1200
f 1163 1164 1202
f 1163 1202 1201
f 1164 1165 1203
f 1164 1203 1202
f 1165 1166 1204
f 1165 1204 1203
f 1166 1167 1205
f 1166 1205 1204
f 1167 1168 1206
f 1167 1206 1205
f 1168 1169 1207
f 1168 1207 1206
f 1169 1170 1208
f 1169 1208 1207
f 1170 1171 1209
f 1170 1209 1208
f 1171 1172 1210
f 1171 1210 1209
f 1172 1173 1211
f 1172 1211 1210
f 1173 1174 1212
f 1173 1212 1211
f 1174 1175 1213
f 1174 1213 1212
f 1175 1176 1214
f 1175 1214 1213
f 1176 1177 1215
f 1176 1215 1214
f 1177 1178 1216
f 1177 1216 1215
f 1178 1179 1217
f 1178 1217 1216
f 1179 1180 1218
f 1179 1218 1217
f 1180 1181 1219
f 1180 1219 1218
f 1181 1182 1220
f 1181 1220 1219
f 1183 1184 1222
f 1183 1222 1221
f 1184 1185 1223
f 1184 1223 1222
f 1185 1186 1224
f 1185 1224 1223
f 1186 1187 1225
f 1186 1225 1224
f 1187 1188 1226
f 1187 1226 1225
f 1188 1189 1227
f 1188 1227 1226
f 1189 1190 1228
f 1189 1228 1227
f 1190 1191 1229
f 1190 1229 1228
f 1191 1192 1230
f 1191 1230 1229
f 1192 1193 1231
f 1192 1231 1230
f 1193 1194 1232
f 1193 1232 1231
f 1194 1195 1233
f 1194 1233 1232
f 1195 1196 1234
f 1195 1234 1233
f 1196 1197 1235
f 1196 1235 1234
f 1197 1198 1236
f 1197 1236 1235
f 1198 1199 1237
f 1198 1237 1236
f 1199 1200 1238
f 1199 1238 1237
f 1200 1201 1239
f 1200 1239 1238
f 1201 1202 1240
f 1201 1240 1239
f 1202 1203 1241
f 1202 1241 1240
f 1203 1204 1242
f 1203 1242 1241
f 1204 1205 1243
f 1204 1243 1242
f 1205 1206 1244
f 1205 1244 1243
f 1206 1207 1245
f 1206 1245 1244
f 1207 1208 1246
f 1207 1246 1245
f 1208 1209 1247
f 1208 1247 1246
f 1209 1210 1248
f 1209 1248 1247
f 1210 1211 1249
f 1210 1249 1248
f 1211 1212 1250
f 1211 1250 1249
f 1212 1213 1251
f 1212 1251 1250
f 1213 1214 1252
f 1213 1252 1251
f 1214 1215 1253
f 1214 1253 1252
f 1215 1216 1254
f 1215 1254 1253
f 1216 1217 1255
f 1216 1255 1254
f 1217 1218 1256
f 1217 1256 1255
f 1218 1219 1257
f 1218 1257 1256
f 1219 1220 1258
f 1219 1258 1257
f 1221 1222 1260
f 1221 1260 1259
f 1222 1223 1261
f 1222 1261 1260
f 1223 1224 1262
f 1223 1262 1261
f 1224 1225 1263
f 1224 1263 1262
f 1225 1226 1264
f 1225 1264 1263
f 1226 1227 1265
f 1226 1265 1264
f 1227 1228 1266
f 1227 1266 1265
f 1228 1229 1267
f 1228 1267 1266
f 1229 1230 1268
f 1229 1268 1267
f 1230 1231 1269
f 1230 1269 1268
f 1231 1232 1270
f 1231 1270 1269
f 1232 1233 1271
f 1232 1271 1270
f 1233 1234 1272
f 1233 1272 1271
f 1234 1235 1273
f 1234 1273 1272
f 1235 1236 1274
f 1235 1274 1273
f 1236 1237 1275
f 1236 1275 1274
f 1237 1238 1276
f 1237 1276 1275
f 1238 1239 1277
f 1238 1277 1276
f 1239 1240 1278
f 1239 1278 1277
f 1240 1241 1279
f 1240 1279 1278
f 1241 1242 1280
f 1241 1280 1279
f 1242 1243 1281
f 1242 1281 1280
f 1243 1244 1282
f 1243 1282 1281
f 1244 1245 1283
f 1244 1283 1282
f 1245 1246 1284
f 1245 1284 1283
f 1246 1247 1285
f 1246 1285 1284
f 1247 1248 1286
f 1247 1286 1285
f 1248 1249 1287
f 1248 1287 1286
f 1249 1250 1288
f 1249 1288 1287
f 1250 1251 1289
f 1250 1289 1288
f 1251 1252 1290
f 1251 1290 1289
f 1252 1253 1291
f 1252 1291 1290
f 1253 1254 1292
f 1253 1292 1291
f 1254 1255 1293
f 1254 1293 1292
f 1255 1256 1294
f 1255 1294 1293
f 1256 1257 1295
f 1256 1295 1294
f 1257 1258 1296
f 1257 1296 1295
f 1259 1260 1298
f 1259 1298 1297
f 1260 1261 1299
f 1260 1299 1298
f 1261 1262 1300
f 1261 1300 1299
f 1262 1263 1301
f 1262 1301 1300
f 1263 1264 1302
f 1263 1302 1301
f 1264 1265 1303
f 1264 1303 1302
f 1265 1266 1304
f 1265 1304 1303
f 1266 1267 1305
f 1266 1305 1304
f 1267 1268 1306
f 1267 1306 1305
f 1268 1269 1307
f 1268 1307 1306
f 1269 1270 1308
f 1269 1308 1307
f 1270 1271 1309
f 1270 1309 1308
f 1271 1272 1310
f 1271 1310 1309
f 1272 1273 1311
f 1272 1311 1310
f 1273 1274 1312
f 1273 1312 1311
f 1274 1275 1313
f 1274 1313 1312
f 1275 1276 1314
f 1275 1314 1313
f 1276 1277 1315
f 1276 1315 1314
f 1277 1278 1316
f 1277 1316 1315
f 1278 1279 1317
f 1278 1317 1316
f 1279 1280 1318
f 1279 1318 1317
f 1280 1281 1319
f 1280 1319 1318
f 1281 1282 1320
f 1281 1320 1319
f 1282 1283 1321
f 1282 1321 1320
f 1283 1284 1322
f 1283 1322 1321
f 1284 1285 1323
f 1284 1323 1322
f 1285 1286 1324
f 1285 1324 1323
f 1286 1287 1325
f 1286 1325 1324
f 1287 1288 1326
f 1287 1326 1325
f 1288 1289 1327
f 1288 1327 1326
f 1289 1290 1328
f 1289 1328 1327
f 1290 1291 1329
f 1290 1329 1328
f 1291 1292 1330
f 1291 1330 1329
f 1292 1293 1331
f 1292 1331 1330
f 1293 1294 1332
f 1293 1332 1331
f 1294 1295 1333
f 1294 1333 1332
f 1295 1296 1334
f 1295 1334 1333
f 1297 1298 1336
f 1297 1336 1335
f 1298 1299 1337
f 1298 1337 1336
f 1299 1300 1338
f 1299 1338 1337
f 1300 1301 1339
f 1300 1339 1338
f 1301 1302 1340
f 1301 1340 1339
f 1302 1303 1341
f 1302 1341 1340
f 1303 1304 1342
f 1303 1342 1341
f 1304 1305 1343
f 1304 1343 1342
f 1305 1306 1344
f 1305 1344 1343
f 1306 1307 1345
f 1306 1345 1344
f 1307 1308 1346
f 1307 1346 1345
f 1308 1309 1347
f 1308 1347 1346
f 1309 1310 1348
f 1309 1348 1347
f 1310 1311 1349
f 1310 1349 1348
f 1311 1312 1350
f 1311 1350 1349
f 1312 1313 1351
f 1312 1351 1350
f 1313 1314 1352
f 1313 1352 1351
f 1314 1315 1353
f 1314 1353 1352
f 1315 1316 1354
f 1315 1354 1353
f 1316 1317 1355
f 1316 1355 1354
f 1317 1318 1356
f 1317 1356 1355
f 1318 1319 1357
f 1318 1357 1356
f 1319 1320 1358
f 1319 1358 1357
f 1320 1321 1359
f 1320 1359 1358
f 1321 1322 1360
f 1321 1360 1359
f 1322 1323 1361
f 1322 1361 1360
f 1323 1324 1362
f 1323 1362 1361
f 1324 1325 1363
f 1324 1363 1362
f 1325 1326 1364
f 1325 1364 1363
f 1326 1327 1365
f 1326 1365 1364
f 1327 1328 1366
f 1327 1366 1365
f 1328 1329 1367
f 1328 1367 1366
f 1329 1330 1368
f 1329 1368 1367
f 1330 1331 1369
f 1330 1369 1368
f 1331 1332 1370
f 1331 1370 1369
f 1332 1333 1371
f 1332 1371 1370
f 1333 1334 1372
f 1333 1372 1371
f 1335 1336 1374
f 1335 1374 1373
f 1336 1337 1375
f 1336 1375 1374
f 1337 1338 1376
f 1337 1376 1375
f 1338 1339 1377
f 1338 1377 1376
f 1339 1340 1378
f 1339 1378 1377
f 1340 1341 1379
f 1340 1379 1378
f 1341 1342 1380
f 1341 1380 1379
f 1342 1343 1381
f 1342 1381 1380
f 1343 1344 1382
f 1343 1382 1381
f 1344 1345 1383
f 1344 1383 1382
f 1345 1346 1384
f 1345 1384 1383
f 1346 1347 1385
f 1346 1385 1384
f 1347 1348 1386
f 1347 1386 1385
f 1348 1349 1387
f 1348 1387 1386
f 1349 1350 1388
f 1349 1388 1387
f 1350 1351 1389
f 1350 1389 1388
f 1351 1352 1390
f 1351 1390 1389
f 1352 1353 1391
f 1352 1391 1390
f 1353 1354 1392
f 1353 1392 1391
f 1354 1355 1393
f 1354 1393 1392
f 1355 1356 1394
f 1355 1394 1393
f 1356 1357 1395
f 1356 1395 1394
f 1357 1358 1396
f 1357 1396 1395
f 1358 1359 1397
f 1358 1397 1396
f 1359 1360 1398
f 1359 1398 1397
f 1360 1361 1399
f 1360 1399 1398
f 1361 1362 1400
f 1361 1400 1399
f 1362 1363 1401
f 1362 1401 1400
f 1363 1364 1402
f 1363 1402 1401
f 1364 1365 1403
f 1364 1403 1402
f 1365 1366 1404
f 1365 1404 1403
f 1366 1367 1405
f 1366 1405 1404
f 1367 1368 1406
f 1367 1406 1405
f 1368 1369 1407
f 1368 1407 1406
f 1369 1370 1408
f 1369 1408 1407
f 1370 1371 1409
f 1370 1409 1408
f 1371 1372 1410
f 1371 1410 1409
f 1373 1374 1412
f 1373 1412 1411
f 1374 1375 1413
f 1374 1413 1412
f 1375 1376 1414
f 1375 1414 1413
f 1376 1377 1415
f 1376 1415 1414
f 1377 1378 1416
f 1377 1416 1415
f 1378 1379 1417
f 1378 1417 1416
f 1379 1380 1418
f 1379 1418 1417
f 1380 1381 1419
f 1380 1419 1418
f 1381 1382 1420
f 1381 1420 1419
f 1382 1383 1421
f 1382 1421 1420
f 1383 1384 1422
f 1383 1422 1421
f 1384 1385 1423
f 1384 1423 1422
f 1385 1386 1424
f 1385 1424 1423
f 1386 1387 1425
f 1386 1425 1424
f 1387 1388 1426
f 1387 1426 1425
f 1388 1389 1427
f 1388 1427 1426
f 1389 1390 1428
f 1389 1428 1427
f 1390 1391 1429
f 1390 1429 1428
f 1391 1392 1430
f 1391 1430 1429
f 1392 1393 1431
f 1392 1431 1430
f 1393 1394 1432
f 1393 1432 1431
f 1394 1395 1433
f 1394 1433 1432
f 1395 1396 1434
f 1395 1434 1433
f 1396 1397 1435
f 1396 1435 1434
f 1397 1398 1436
f 1397 1436 1435
f 1398 1399 1437
f 1398 1437 1436
f 1399 1400 1438
f 1399 1438 1437
f 1400 1401 1439
f 1400 1439 1438
f 1401 1402 1440
f 1401 1440 1439
f 1402 1403 1441
f 1402 1441 1440
f 1403 1404 1442
f 1403 1442 1441
f 1404 1405 1443
f 1404 1443 1442
f 1405 1406 1444
f 1405 1444 1443
f 1406 1407 1445
f 1406 1445 1444
f 1407 1408 1446
f 1407 1446 1445
f 1408 1409 1447
f 1408 1447 1446
f 1409 1410 1448
f 1409 1448 1447
f 1411 1412 1450
f 1411 1450 1449
f 1412 1413 1451
f 1412 1451 1450
f 1413 1414 1452
f 1413 1452 1451
f 1414 1415 1453
f 1414 1453 1452
f 1415 1416 1454
f 1415 1454 1453
f 1416 1417 1455
f 1416 1455 1454
f 1417 1418 1456
f 1417 1456 1455
f 1418 1419 1457
f 1418 1457 1456
f 1419 1420 1458
f 1419 1458 1457
f 1420 1421 1459
f 1420 1459 1458
f 1421 1422 1460
f 1421 1460 1459
f 1422 1423 1461
f 1422 1461 1460
f 1423 1424 1462
f 1423 1462 1461
f 1424 1425 1463
f 1424 1463 1462
f 1425 1426 1464
f 1425 1464 1463
f 1426 1427 1465
f 1426 1465 1464
f 1427 1428 1466
f 1427 1466 1465
f 1428 1429 1467
f 1428 1467 1466
f 1429 1430 1468
f 1429 1468 1467
f 1430 1431 1469
f 1430 1469 1468
f 1431 1432 1470
f 1431 1470 1469
f 1432 1433 1471
f 1432 1471 1470
f 1433 1434 1472
f 1433 1472 1471
f 1434 1435 1473
f 1434 1473 1472
f 1435 1436 1474
f 1435 1474 1473
f 1436 1437 1475
f 1436 1475 1474
f 1437 1438 1476
f 1437 1476 1475
f 1438 1439 1477
f 1438 1477 1476
f 1439 1440 1478
f 1439 1478 1477
f 1440 1441 1479
f 1440 1479 1478
f 1441 1442 1480
f 1441 1480 1479
f 1442 1443 1481
f 1442 1481 1480
f 1443 1444 1482
f 1443 1482 1481
f 1444 1445 1483
f 1444 1483 1482
f 1445 1446 1484
f 1445 1484 1483
f 1446 1447 1485
f 1446 1485 1484
f 1447 1448 1486
f 1447 1486 1485
f 1449 1450 1488
f 1449 1488 1487
f 1450 1451 1489
f 1450 1489 1488
f 1451 1452 1490
f 1451 1490 1489
f 1452 1453 1491
f 1452 1491 1490
f 1453 1454 1492
f 1453 1492 1491
f 1454 1455 1493
f 1454 1493 1492
f 1455 1456 1494
f 1455 1494 1493
f 1456 1457 1495
f 1456 1495 1494
f 1457 1458 1496
f 1457 1496 1495
f 1458 1459 1497
f 1458 1497 1496
f 1459 1460 1498
f 1459 1498 1497
f 1460 1461 1499
f 1460 1499 1498
f 1461 1462 1500
f 1461 1500 1499
f 1462 1463 1501
f 1462 1501 1500
f 1463 1464 1502
f 1463 1502 1501
f 1464 1465 1503
f 1464 1503 1502
f 1465 1466 1504
f 1465 1504 1503
f 1466 1467 1505
f 1466 1505 1504
f 1467 1468 1506
f 1467 1506 1505
f 1468 1469 1507
f 1468 1507 1506
f 1469 1470 1508
f 1469 1508 1507
f 1470 1471 1509
f 1470 1509 1508
f 1471 1472 1510
f 1471 1510 1509
f 1472 1473 1511
f 1472 1511 1510
f 1473 1474 1512
f 1473 1512 1511
f 1474 1475 1513
f 1474 1513 1512
f 1475 1476 1514
f 1475 1514 1513
f 1476 1477 1515
f 1476 1515 1514
f 1477 1478 1516
f 1477 1516 1515
f 1478 1479 1517
f 1478 1517 1516
f 1479 1480 1518
f 1479 1518 1517
f 1480 1481 1519
f 1480 1519 1518
f 1481 1482 1520
f 1481 1520 1519
f 1482 1483 1521
f 1482 1521 1520
f 1483 1484 1522
f 1483 1522 1521
f 1484 1485 1523
f 1484 1523 1522
f 1485 1486 1524
f 1485 1524 1523
f 1487 1488 1526
f 1487 1526 1525
f 1488 1489 1527
f 1488 1527 1526
f 1489 1490 1528
f 1489 1528 1527
f 1490 1491 1529
f 1490 1529 1528
f 1491 1492 1530
f 1491 1530 1529
f 1492 1493 1531
f 1492 1531 1530
f 1493 1494 1532
f 1493 1532 1531
f 1494 1495 1533
f 1494 1533 1532
f 1495 1496 1534
f 1495 1534 1533
f 1496 1497 1535
f 1496 1535 1534
f 1497 1498 1536
f 1497 1536 1535
f 1498 1499 1537
f 1498 1537 1536
f 1499 1500 1538
f 1499 1538 1537
f 1500 1501 1539
f 1500 1539 1538
f 1501 1502 1540
f 1501 1540 1539
f 1502 1503 1541
f 1502 1541 1540
f 1503 1504 1542
f 1503 1542 1541
f 1504 1505 1543
f 1504 1543 1542
f 1505 1506 1544
f 1505 1544 1543
f 1506 1507 1545
f 1506 1545 1544
f 1507 1508 1546
f 1507 1546 1545
f 1508 1509 1547
f 1508 1547 1546
f 1509 1510 1548
f 1509 1548 1547
f 1510 1511 1549
f 1510 1549 1548
f 1511 1512 1550
f 1511 1550 1549
f 1512 1513 1551
f 1512 1551 1550
f 1513 1514 1552
f 1513 1552 1551
f 1514 1515 1553
f 1514 1553 1552
f 1515 1516 1554
f 1515 1554 1553
f 1516 1517 1555
f 1516 1555 1554
f 1517 1518 1556
f 1517 1556 1555
f 1518 1519 1557
f 1518 1557 1556
f 1519 1520 1558
f 1519 1558 1557
f 1520 1521 1559
f 1520 1559 1558
f 1521 1522 1560
f 1521 1560 1559
f 1522 1523 1561
f 1522 1561 1560
f 1523 1524 1562
f 1523 1562 1561
f 1525 1526 44
f 1525 44 43
f 1526 1527 45
f 1526 45 44
f 1527 1528 46
f 1527 46 45
f 1528 1529 47
f 1528 47 46
f 1529 1530 48
f 1529 48 47
f 1530 1531 49
f 1530 49 48
f 1531 1532 50
f 1531 50 49
f 1532 1533 51
f 1532 51 50
f 1533 1534 52
f 1533 52 51
f 1534 1535 53
f 1534 53 52
f 1535 1536 54
f 1535 54 53
f 1536 1537 55
f 1536 55 54
f 1537 1538 56
f 1537 56 55
f 1538 1539 57
f 1538 57 56
f 1539 1540 58
f 1539 58 57
f 1540 1541 59
f 1540 59 58
f 1541 1542 60
f 1541 60 59
f 1542 1543 61
f 1542 61 60
f 1543 1544 62
f 1543 62 61
f 1544 1545 63
f 1544 63 62
f 1545 1546 64
f 1545 64 63
f 1546 1547 65
f 1546 65 64
f 1547 1548 66
f 1547 66 65
f 1548 1549 67
f 1548 67 66
f 1549 1550 68
f 1549 68 67
f 1550 1551 69
f 1550 69 68
f 1551 1552 70
f 1551 70 69
f 1552 1553 71
f 1552 71 70
f 1553 1554 72
f 1553 72 71
f 1554 1555 73
f 1554 73 72
f 1555 1556 74
f 1555 74 73
f 1556 1557 75
f 1556 75 74
f 1557 1558 76
f 1557 76 75
f 1558 1559 77
f 1558 77 76
f 1559 1560 78
f 1559 78 77
f 1560 1561 79
f 1560 79 78
f 1561 1562 80
f 1561 80 79
