# Generated by Visualization Toolkit
v 18.667 20.5085 19.8351
v 19.4491 21.3031 19.7529
v 19.7448 20.5198 19.9743
v 19.0797 20.5968 19.0789
v 20.9577 20.7999 20.5205
v 19.9761 21.335 20.529
v 20.5918 21.3062 19.9207
v 20.0239 20.4169 20.0397
v 21.361 19.784 19.9781
v 21.1653 19.8236 20.8208
v 21.1118 20.6644 20.6205
v 20.3625 20.1158 20.1142
v 20.0674 20.3421 19.5831
v 20.1683 19.5463 19.9094
v 20.6398 20.025 19.0159
v 19.7729 19.5313 18.872
v 19.1047 18.887 20.1495
v 18.647 19.5679 19.787
v 19.4163 18.8897 19.3415
v 19.6252 19.7766 19.9894
v 19.9106 19.9306 18.5683
v 20.5805 20.7448 18.9179
v 20.1063 20.3331 19.574
v 20.8436 19.9234 18.8402
v 20.6158 19.1116 20.9456
v 20.9345 18.9148 19.8922
v 21.2777 19.5026 20.4276
v 20.1745 19.6282 20.2964
v 21.1358 20.1981 19.1437
v 21.4217 19.8174 19.9101
v 20.8683 19.1221 19.2665
v 20.5054 20.0068 19.759
v 20.0169 19.1056 20.3593
v 19.5055 19.7581 20.1091
v 19.5029 19.1607 21.0542
v 20.0713 20.1026 20.8623
v 19.0691 20.999 20.4449
v 19.6829 20.4072 20.0696
v 18.6947 20.219 20.5576
v 18.6518 20.342 19.6423
v 19.6599 19.6765 19.8526
v 20.0899 20.5837 19.846
v 19.0779 20.2347 20.1684
v 20.0285 19.8822 20.6396
v 18.8274 19.4554 20.6254
v 19.5457 19.8498 20.193
v 19.5434 19.253 21.1385
v 19.2478 18.7902 20.1825
v 20.1339 19.4129 19.8293
v 19.7865 19.612 18.9014
v 19.3701 19.8514 19.8671
v 19.3972 18.8807 19.3318
v 19.4488 19.8729 20.0107
v 18.8234 20.5988 19.4346
v 18.995 19.817 18.9905
v 18.637 19.5808 19.8291
v 19.6545 20.7452 21.0741
v 19.6569 21.338 20.3935
v 20.4607 21.1809 20.6752
v 19.9566 20.3993 20.0548
v 19.0981 21.0141 20.4699
v 19.7873 20.3758 20.0601
v 18.7011 20.5189 19.8371
v 19.4805 21.3162 19.754
v 19.9567 20.5854 19.6592
v 20.5701 21.2961 19.9145
v 21.0709 20.5839 19.5667
v 20.4606 20.2614 20.3235
v 19.6662 20.7628 21.0979
v 19.2654 20.1553 20.2679
v 20.2271 20.6081 20.2035
v 20.0294 19.8854 20.6377
v 20.8124 19.6729 21.0415
v 20.3526 20.2888 20.2296
v 20.4689 20.4496 21.2809
v 21.2617 20.6002 19.7586
v 20.5765 21.312 19.9055
v 20.3643 20.313 20.3604
v 19.4376 19.8371 20.0227
v 19.394 18.9307 19.3697
v 18.6396 19.5856 19.7993
v 18.9637 19.8013 19.0257
v 19.9656 20.5648 19.7032
v 20.4587 20.2514 20.3455
v 21.0739 20.5881 19.5572
v 20.4934 19.8789 19.2919
v 21.2394 19.8042 20.6987
v 20.4021 20.0633 20.231
v 20.8552 19.0825 19.9433
v 21.4074 19.7559 19.8505
v 19.6997 21.1181 19.1501
v 18.9543 20.4463 19.1225
v 19.9946 20.1948 19.4457
v 19.6408 20.1375 18.6163
v 20.845 19.9107 18.8421
v 20.1096 20.3345 19.5698
v 21.1736 20.6773 19.5866
v 20.5647 20.7719 18.9286
v 20.6005 19.1868 18.9798
v 19.6798 18.7781 19.3166
v 20.7157 18.7829 19.7372
v 20.2352 19.6298 19.7103
v 19.7199 19.7376 20.0294
v 18.6468 19.5686 19.7869
v 19.2198 18.8122 20.2075
v 18.8263 19.4596 20.627
v 19.9514 18.8268 20.3211
v 20.5859 21.3092 19.9266
v 19.996 20.4325 20.0268
v 19.4762 21.3256 19.824
v 20.0896 21.2055 19.2245
v 18.8432 19.4578 20.6562
v 19.657 19.8889 20.2241
v 18.7548 20.3192 20.6405
v 18.6664 19.5696 19.8158
v 20.5285 19.3931 19.9631
v 20.421 19.9205 20.9431
v 20.321 20.45 20.263
v 19.7158 19.648 20.1194
v 19.8201 20.5846 20.0929
v 19.158 20.6238 19.1928
v 20.1236 21.1874 19.2016
v 19.503 21.3308 19.7884
v 19.0297 20.5855 19.1638
v 19.8434 19.9153 19.3629
v 19.0283 20.1281 20.098
v 19.7911 20.5208 19.9799
v 20.4673 19.0509 19.6928
v 19.5427 19.5533 19.7706
v 19.903 18.5915 20.1623
v 20.0245 19.6556 20.4829
v 19.6132 19.8329 20.2379
v 19.6114 19.25 21.1615
v 19.4143 20.0866 21.3085
v 18.8449 19.4443 20.6477
v 19.0357 20.9317 20.4552
v 19.9369 20.4182 20.038
v 19.6518 20.7216 21.0264
v 19.0172 20.0694 20.3769
v 21.1489 19.9129 19.9791
v 20.7349 19.2777 19.3218
v 20.0976 20.1293 19.6661
v 20.1949 19.3347 19.9964
v 20.2381 19.6626 20.3657
v 19.5649 19.0311 20.9667
v 20.0729 18.6218 20.3972
v 20.5485 19.3133 21.1359
v 19.7879 20.1585 18.9469
v 19.0085 19.7828 18.9839
v 18.8247 20.5351 19.3715
v 19.4043 19.9259 19.971
v 20.067 19.4765 19.6118
v 19.7134 18.6107 20.2244
v 20.4232 18.6872 19.5998
v 19.3977 18.9438 19.2356
v 21.376 19.6507 19.7824
v 20.7248 18.7606 19.9656
v 20.4854 19.6095 20.1507
v 20.6265 19.0901 19.1707
v 20.1646 20.4166 20.2946
v 20.6327 19.7925 19.9136
v 19.6274 19.5733 19.9011
v 19.9457 20.5537 19.468
v 20.4704 19.7104 18.6743
v 21.1358 20.1987 19.1438
v 20.5091 19.9979 19.754
v 19.6115 19.2858 21.1048
v 19.411 20.104 21.3058
v 19.6132 19.8237 20.2525
v 20.2438 20.2077 21.092
v 19.6364 20.7916 21.106
v 19.0354 20.9392 20.5002
v 19.6925 21.3931 20.1652
v 19.9418 20.4251 20.0949
v 20.4478 19.804 20.0988
v 21.2419 19.4616 20.4801
v 21.0205 20.1291 21.0022
v 20.5805 19.1022 20.959
v 21.2783 20.6137 19.7721
v 21.4207 19.7894 19.9968
v 20.4057 20.0773 19.9828
v 20.5725 19.8433 19.6679
v 20.3455 19.9352 18.6075
v 20.8117 19.1899 19.1354
v 19.7374 19.4776 19.0207
v 19.9698 21.3329 20.534
v 20.0131 20.4045 20.0442
v 20.5869 21.3088 19.9267
v 19.4741 21.3248 19.8239
v 20.3167 20.3063 21.3669
v 19.2482 20.0457 21.2229
v 19.5851 20.833 21.0939
v 19.771 19.9249 20.4687
v 19.2499 18.7919 20.2012
v 19.6661 19.6371 20.0556
v 19.4949 19.1675 21.0557
v 20.0839 18.6556 20.3905
v 19.9641 20.1795 19.4592
v 19.9327 20.2711 18.5912
v 19.9046 19.4116 18.6933
v 19.0186 19.7841 19.0122
v 19.3218 20.006 21.266
v 18.7609 20.3517 20.6353
v 19.6781 19.87 20.215
v 18.847 19.4484 20.6549
v 18.6366 19.5825 19.8281
v 18.8212 20.3776 19.5353
v 19.5785 19.7821 20.1027
v 18.6835 20.2215 20.5295
v 19.3254 19.877 19.7203
v 20.225 19.3607 20.0728
v 19.8407 19.581 19.0462
v 20.0692 20.3322 19.5886
v 19.7445 19.9309 20.453
v 18.7251 20.3817 20.54
v 21.4189 19.7775 20.0003
v 21.0525 20.2488 19.055
v 21.1826 20.7703 19.734
v 20.4584 20.0187 19.7466
v 19.1239 20.6258 19.1465
v 20.0847 21.069 19.3571
v 19.8377 19.9809 19.4298
v 19.786 20.5866 20.0466
v 20.3321 20.3939 21.3254
v 20.2366 20.4619 20.2135
v 20.4547 21.2277 20.5906
v 20.4507 20.4732 21.2789
v 20.0713 19.688 20.5793
v 19.8347 19.7712 21.4082
v 20.8382 19.4543 21.0306
v 20.1804 19.5878 19.6797
v 20.6095 19.1938 18.9795
v 19.6795 18.778 19.3168
v 19.5755 19.4273 18.7532
v 20.5407 20.69 18.8624
v 20.0127 20.2137 19.4945
v 19.6839 21.0683 19.0937
v 19.642 20.1279 18.615
v 20.5387 20.6917 18.8624
v 19.7751 21.0542 19.0509
v 20.5209 21.1498 19.7715
v 19.9943 20.197 19.5166
v 20.8936 18.9109 20.2792
v 20.2242 19.5877 20.2161
v 20.448 18.7065 19.5653
v 19.8198 18.6 20.2649
v 19.8077 19.7796 21.4061
v 20.6854 19.3869 21.1032
v 19.6288 19.0367 20.9985
v 20.1977 19.6461 20.3668
v 20.2615 20.4492 20.1715
v 20.6358 20.0683 21.1537
v 19.7406 20.7161 20.9834
v 20.0696 19.7198 20.5971
v 20.3158 20.307 21.367
v 20.4526 21.18 20.6822
v 19.6342 20.7956 21.1369
v 20.2395 20.4538 20.2613
v 20.0054 18.5892 20.2686
v 20.1754 19.6175 20.2519
v 20.4973 19.1875 21.0748
v 20.8946 18.9117 20.2792
v 20.131 20.3509 19.5489
v 20.5732 21.3135 19.9065
v 21.1981 20.6812 19.596
v 20.5644 20.7719 18.9284
v 18.9638 19.8008 19.0257
v 19.7953 19.6068 18.8809
v 19.3637 19.8551 19.8819
v 19.394 18.879 19.3375
v 19.980894088745117 20.00530242919922 21.443510055541992
v 19.980894088745117 20.00530242919922 18.57111167907715
v 20.096460342407227 20.00530242919922 21.438854217529297
v 20.21127700805664 20.00530242919922 21.424911499023438
v 20.32459831237793 20.00530242919922 21.401777267456055
v 20.435691833496094 20.00530242919922 21.369598388671875
v 20.54383659362793 20.00530242919922 21.328584671020508
v 20.64832878112793 20.00530242919922 21.279003143310547
v 20.748493194580078 20.00530242919922 21.221172332763672
v 20.843679428100586 20.00530242919922 21.15546989440918
v 20.933271408081055 20.00530242919922 21.082321166992188
v 21.016685485839844 20.00530242919922 21.002201080322266
v 21.093381881713867 20.00530242919922 20.91562843322754
v 21.16286277770996 20.00530242919922 20.823165893554688
v 21.224679946899414 20.00530242919922 20.72541046142578
v 21.27842903137207 20.00530242919922 20.62299919128418
v 21.32376480102539 20.00530242919922 20.51659393310547
v 21.360389709472656 20.00530242919922 20.40688705444336
v 21.38806915283203 20.00530242919922 20.294588088989258
v 21.4066219329834 20.00530242919922 20.1804256439209
v 21.415929794311523 20.00530242919922 20.065141677856445
v 21.415929794311523 20.00530242919922 19.949480056762695
v 21.4066219329834 20.00530242919922 19.834196090698242
v 21.38806915283203 20.00530242919922 19.720033645629883
v 21.360389709472656 20.00530242919922 19.60773468017578
v 21.32376480102539 20.00530242919922 19.498027801513672
v 21.27842903137207 20.00530242919922 19.39162254333496
v 21.224679946899414 20.00530242919922 19.28921127319336
v 21.16286277770996 20.00530242919922 19.191455841064453
v 21.093381881713867 20.00530242919922 19.0989933013916
v 21.016685485839844 20.00530242919922 19.012420654296875
v 20.933271408081055 20.00530242919922 18.932300567626953
v 20.843679428100586 20.00530242919922 18.85915184020996
v 20.748493194580078 20.00530242919922 18.79344940185547
v 20.64832878112793 20.00530242919922 18.735618591308594
v 20.54383659362793 20.00530242919922 18.686037063598633
v 20.435691833496094 20.00530242919922 18.645023345947266
v 20.32459831237793 20.00530242919922 18.612844467163086
v 20.21127700805664 20.00530242919922 18.589710235595703
v 20.096460342407227 20.00530242919922 18.575767517089844
v 20.09503746032715 20.023380279541016 21.438854217529297
v 20.20844078063965 20.04134178161621 21.424911499023438
v 20.32036781311035 20.059070587158203 21.401777267456055
v 20.43009376525879 20.076448440551758 21.369598388671875
v 20.53690528869629 20.093366622924805 21.328584671020508
v 20.640111923217773 20.109712600708008 21.279003143310547
v 20.739044189453125 20.125381469726562 21.221172332763672
v 20.833057403564453 20.14027214050293 21.15546989440918
v 20.921545028686523 20.154287338256836 21.082321166992188
v 21.00393295288086 20.167335510253906 21.002201080322266
v 21.07968521118164 20.17933464050293 20.91562843322754
v 21.148311614990234 20.190202713012695 20.823165893554688
v 21.209365844726562 20.199872970581055 20.72541046142578
v 21.262454986572266 20.208282470703125 20.62299919128418
v 21.307231903076172 20.215373992919922 20.51659393310547
v 21.343406677246094 20.22110366821289 20.40688705444336
v 21.370744705200195 20.225433349609375 20.294588088989258
v 21.389068603515625 20.228336334228516 20.1804256439209
v 21.39826202392578 20.22979164123535 20.065141677856445
v 21.39826202392578 20.22979164123535 19.949480056762695
v 21.389068603515625 20.228336334228516 19.834196090698242
v 21.370744705200195 20.225433349609375 19.720033645629883
v 21.343406677246094 20.22110366821289 19.60773468017578
v 21.307231903076172 20.215373992919922 19.498027801513672
v 21.262454986572266 20.208282470703125 19.39162254333496
v 21.209365844726562 20.199872970581055 19.28921127319336
v 21.148311614990234 20.190202713012695 19.191455841064453
v 21.07968521118164 20.17933464050293 19.0989933013916
v 21.00393295288086 20.167335510253906 19.012420654296875
v 20.921545028686523 20.154287338256836 18.932300567626953
v 20.833057403564453 20.14027214050293 18.85915184020996
v 20.739044189453125 20.125381469726562 18.79344940185547
v 20.640111923217773 20.109712600708008 18.735618591308594
v 20.53690528869629 20.093366622924805 18.686037063598633
v 20.43009376525879 20.076448440551758 18.645023345947266
v 20.32036781311035 20.059070587158203 18.612844467163086
v 20.20844078063965 20.04134178161621 18.589710235595703
v 20.09503746032715 20.023380279541016 18.575767517089844
v 20.090803146362305 20.041013717651367 21.438854217529297
v 20.200000762939453 20.076494216918945 21.424911499023438
v 20.307777404785156 20.111513137817383 21.401777267456055
v 20.413433074951172 20.145843505859375 21.369598388671875
v 20.516284942626953 20.17926025390625 21.328584671020508
v 20.615663528442383 20.211551666259766 21.279003143310547
v 20.71092414855957 20.242504119873047 21.221172332763672
v 20.80145263671875 20.27191734313965 21.15546989440918
v 20.88665771484375 20.299602508544922 21.082321166992188
v 20.96599006652832 20.325380325317383 21.002201080322266
v 21.03893280029297 20.349079132080078 20.91562843322754
v 21.10501480102539 20.37055015563965 20.823165893554688
v 21.16380500793457 20.3896541595459 20.72541046142578
v 21.214923858642578 20.40626335144043 20.62299919128418
v 21.258039474487305 20.420272827148438 20.51659393310547
v 21.29287338256836 20.431591033935547 20.40688705444336
v 21.319196701049805 20.440143585205078 20.294588088989258
v 21.336841583251953 20.445877075195312 20.1804256439209
v 21.345693588256836 20.448753356933594 20.065141677856445
v 21.345693588256836 20.448753356933594 19.949480056762695
v 21.336841583251953 20.445877075195312 19.834196090698242
v 21.319196701049805 20.440143585205078 19.720033645629883
v 21.29287338256836 20.431591033935547 19.60773468017578
v 21.258039474487305 20.420272827148438 19.498027801513672
v 21.214923858642578 20.40626335144043 19.39162254333496
v 21.16380500793457 20.3896541595459 19.28921127319336
v 21.10501480102539 20.37055015563965 19.191455841064453
v 21.03893280029297 20.349079132080078 19.0989933013916
v 20.96599006652832 20.325380325317383 19.012420654296875
v 20.88665771484375 20.299602508544922 18.932300567626953
v 20.80145263671875 20.27191734313965 18.85915184020996
v 20.71092414855957 20.242504119873047 18.79344940185547
v 20.615663528442383 20.211551666259766 18.735618591308594
v 20.516284942626953 20.17926025390625 18.686037063598633
v 20.413433074951172 20.145843505859375 18.645023345947266
v 20.307777404785156 20.111513137817383 18.612844467163086
v 20.200000762939453 20.076494216918945 18.589710235595703
v 20.090803146362305 20.041013717651367 18.575767517089844
v 20.083864212036133 20.057767868041992 21.438854217529297
v 20.186166763305664 20.109893798828125 21.424911499023438
v 20.287137985229492 20.161340713500977 21.401777267456055
v 20.38612174987793 20.211776733398438 21.369598388671875
v 20.482479095458984 20.260873794555664 21.328584671020508
v 20.57558250427246 20.308311462402344 21.279003143310547
v 20.664831161499023 20.353784561157227 21.221172332763672
v 20.74964141845703 20.39699935913086 21.15546989440918
v 20.8294677734375 20.437671661376953 21.082321166992188
v 20.903791427612305 20.475542068481445 21.002201080322266
v 20.97212791442871 20.510360717773438 20.91562843322754
v 21.03403663635254 20.54190444946289 20.823165893554688
v 21.089115142822266 20.569969177246094 20.72541046142578
v 21.137006759643555 20.594371795654297 20.62299919128418
v 21.177400588989258 20.614952087402344 20.51659393310547
v 21.210033416748047 20.631580352783203 20.40688705444336
v 21.234697341918945 20.644145965576172 20.294588088989258
v 21.25122833251953 20.652568817138672 20.1804256439209
v 21.259519577026367 20.656795501708984 20.065141677856445
v 21.259519577026367 20.656795501708984 19.949480056762695
v 21.25122833251953 20.652568817138672 19.834196090698242
v 21.234697341918945 20.644145965576172 19.720033645629883
v 21.210033416748047 20.631580352783203 19.60773468017578
v 21.177400588989258 20.614952087402344 19.498027801513672
v 21.137006759643555 20.594371795654297 19.39162254333496
v 21.089115142822266 20.569969177246094 19.28921127319336
v 21.03403663635254 20.54190444946289 19.191455841064453
v 20.97212791442871 20.510360717773438 19.0989933013916
v 20.903791427612305 20.475542068481445 19.012420654296875
v 20.8294677734375 20.437671661376953 18.932300567626953
v 20.74964141845703 20.39699935913086 18.85915184020996
v 20.664831161499023 20.353784561157227 18.79344940185547
v 20.57558250427246 20.308311462402344 18.735618591308594
v 20.482479095458984 20.260873794555664 18.686037063598633
v 20.38612174987793 20.211776733398438 18.645023345947266
v 20.287137985229492 20.161340713500977 18.612844467163086
v 20.186166763305664 20.109893798828125 18.589710235595703
v 20.083864212036133 20.057767868041992 18.575767517089844
v 20.07438850402832 20.073230743408203 21.438854217529297
v 20.167278289794922 20.140718460083008 21.424911499023438
v 20.258956909179688 20.207326889038086 21.401777267456055
v 20.348833084106445 20.272626876831055 21.369598388671875
v 20.436323165893555 20.336191177368164 21.328584671020508
v 20.52086067199707 20.397611618041992 21.279003143310547
v 20.601896286010742 20.456485748291016 21.221172332763672
v 20.678903579711914 20.512435913085938 21.15546989440918
v 20.75138282775879 20.565095901489258 21.082321166992188
v 20.818866729736328 20.614124298095703 21.002201080322266
v 20.88091468811035 20.65920639038086 20.91562843322754
v 20.9371280670166 20.70004653930664 20.823165893554688
v 20.987136840820312 20.73638153076172 20.72541046142578
v 21.030622482299805 20.767974853515625 20.62299919128418
v 21.067298889160156 20.79462242126465 20.51659393310547
v 21.0969295501709 20.816150665283203 20.40688705444336
v 21.11932373046875 20.83241844177246 20.294588088989258
v 21.13433265686035 20.843324661254883 20.1804256439209
v 21.141862869262695 20.84879493713379 20.065141677856445
v 21.141862869262695 20.84879493713379 19.949480056762695
v 21.13433265686035 20.843324661254883 19.834196090698242
v 21.11932373046875 20.83241844177246 19.720033645629883
v 21.0969295501709 20.816150665283203 19.60773468017578
v 21.067298889160156 20.79462242126465 19.498027801513672
v 21.030622482299805 20.767974853515625 19.39162254333496
v 20.987136840820312 20.73638153076172 19.28921127319336
v 20.9371280670166 20.70004653930664 19.191455841064453
v 20.88091468811035 20.65920639038086 19.0989933013916
v 20.818866729736328 20.614124298095703 19.012420654296875
v 20.75138282775879 20.565095901489258 18.932300567626953
v 20.678903579711914 20.512435913085938 18.85915184020996
v 20.601896286010742 20.456485748291016 18.79344940185547
v 20.52086067199707 20.397611618041992 18.735618591308594
v 20.436323165893555 20.336191177368164 18.686037063598633
v 20.348833084106445 20.272626876831055 18.645023345947266
v 20.258956909179688 20.207326889038086 18.612844467163086
v 20.167278289794922 20.140718460083008 18.589710235595703
v 20.07438850402832 20.073230743408203 18.575767517089844
v 20.062612533569336 20.087020874023438 21.438854217529297
v 20.143798828125 20.1682071685791 21.424911499023438
v 20.22393035888672 20.24833869934082 21.401777267456055
v 20.3024845123291 20.326892852783203 21.369598388671875
v 20.37895393371582 20.403362274169922 21.328584671020508
v 20.452842712402344 20.477251052856445 21.279003143310547
v 20.52366828918457 20.548076629638672 21.221172332763672
v 20.59097671508789 20.615385055541992 21.15546989440918
v 20.654325485229492 20.678733825683594 21.082321166992188
v 20.713308334350586 20.737716674804688 21.002201080322266
v 20.767541885375977 20.791950225830078 20.91562843322754
v 20.816673278808594 20.841081619262695 20.823165893554688
v 20.860383987426758 20.88479232788086 20.72541046142578
v 20.89838981628418 20.92279815673828 20.62299919128418
v 20.93044662475586 20.95485496520996 20.51659393310547
v 20.956344604492188 20.98075294494629 20.40688705444336
v 20.97591781616211 21.00032615661621 20.294588088989258
v 20.989036560058594 21.013444900512695 20.1804256439209
v 20.995616912841797 21.0200252532959 20.065141677856445
v 20.995616912841797 21.0200252532959 19.949480056762695
v 20.989036560058594 21.013444900512695 19.834196090698242
v 20.97591781616211 21.00032615661621 19.720033645629883
v 20.956344604492188 20.98075294494629 19.60773468017578
v 20.93044662475586 20.95485496520996 19.498027801513672
v 20.89838981628418 20.92279815673828 19.39162254333496
v 20.860383987426758 20.88479232788086 19.28921127319336
v 20.816673278808594 20.841081619262695 19.191455841064453
v 20.767541885375977 20.791950225830078 19.0989933013916
v 20.713308334350586 20.737716674804688 19.012420654296875
v 20.654325485229492 20.678733825683594 18.932300567626953
v 20.59097671508789 20.615385055541992 18.85915184020996
v 20.52366828918457 20.548076629638672 18.79344940185547
v 20.452842712402344 20.477251052856445 18.735618591308594
v 20.37895393371582 20.403362274169922 18.686037063598633
v 20.3024845123291 20.326892852783203 18.645023345947266
v 20.22393035888672 20.24833869934082 18.612844467163086
v 20.143798828125 20.1682071685791 18.589710235595703
v 20.062612533569336 20.087020874023438 18.575767517089844
v 20.0488224029541 20.098796844482422 21.438854217529297
v 20.116310119628906 20.191686630249023 21.424911499023438
v 20.182918548583984 20.28336524963379 21.401777267456055
v 20.248218536376953 20.373241424560547 21.369598388671875
v 20.311782836914062 20.460731506347656 21.328584671020508
v 20.37320327758789 20.545269012451172 21.279003143310547
v 20.432077407836914 20.626304626464844 21.221172332763672
v 20.488027572631836 20.703311920166016 21.15546989440918
v 20.540687561035156 20.77579116821289 21.082321166992188
v 20.5897159576416 20.84327507019043 21.002201080322266
v 20.634798049926758 20.905323028564453 20.91562843322754
v 20.67563819885254 20.961536407470703 20.823165893554688
v 20.711973190307617 21.011547088623047 20.72541046142578
v 20.743566513061523 21.055030822753906 20.62299919128418
v 20.770214080810547 21.091707229614258 20.51659393310547
v 20.7917423248291 21.121337890625 20.40688705444336
v 20.80801010131836 21.14373207092285 20.294588088989258
v 20.81891632080078 21.158740997314453 20.1804256439209
v 20.824386596679688 21.166271209716797 20.065141677856445
v 20.824386596679688 21.166271209716797 19.949480056762695
v 20.81891632080078 21.158740997314453 19.834196090698242
v 20.80801010131836 21.14373207092285 19.720033645629883
v 20.7917423248291 21.121337890625 19.60773468017578
v 20.770214080810547 21.091707229614258 19.498027801513672
v 20.743566513061523 21.055030822753906 19.39162254333496
v 20.711973190307617 21.011547088623047 19.28921127319336
v 20.67563819885254 20.961536407470703 19.191455841064453
v 20.634798049926758 20.905323028564453 19.0989933013916
v 20.5897159576416 20.84327507019043 19.012420654296875
v 20.540687561035156 20.77579116821289 18.932300567626953
v 20.488027572631836 20.703311920166016 18.85915184020996
v 20.432077407836914 20.626304626464844 18.79344940185547
v 20.37320327758789 20.545269012451172 18.735618591308594
v 20.311782836914062 20.460731506347656 18.686037063598633
v 20.248218536376953 20.373241424560547 18.645023345947266
v 20.182918548583984 20.28336524963379 18.612844467163086
v 20.116310119628906 20.191686630249023 18.589710235595703
v 20.0488224029541 20.098796844482422 18.575767517089844
v 20.03335952758789 20.108272552490234 21.438854217529297
v 20.085485458374023 20.210575103759766 21.424911499023438
v 20.136932373046875 20.311546325683594 21.401777267456055
v 20.187368392944336 20.41053009033203 21.369598388671875
v 20.236465454101562 20.506887435913086 21.328584671020508
v 20.283903121948242 20.599990844726562 21.279003143310547
v 20.329376220703125 20.689239501953125 21.221172332763672
v 20.372591018676758 20.774049758911133 21.15546989440918
v 20.41326332092285 20.8538761138916 21.082321166992188
v 20.451133728027344 20.928199768066406 21.002201080322266
v 20.485952377319336 20.996536254882812 20.91562843322754
v 20.51749610900879 21.05844497680664 20.823165893554688
v 20.545560836791992 21.113523483276367 20.72541046142578
v 20.569963455200195 21.161415100097656 20.62299919128418
v 20.590543746948242 21.20180892944336 20.51659393310547
v 20.6071720123291 21.23444175720215 20.40688705444336
v 20.61973762512207 21.259105682373047 20.294588088989258
v 20.62816047668457 21.275636672973633 20.1804256439209
v 20.632387161254883 21.28392791748047 20.065141677856445
v 20.632387161254883 21.28392791748047 19.949480056762695
v 20.62816047668457 21.275636672973633 19.834196090698242
v 20.61973762512207 21.259105682373047 19.720033645629883
v 20.6071720123291 21.23444175720215 19.60773468017578
v 20.590543746948242 21.20180892944336 19.498027801513672
v 20.569963455200195 21.161415100097656 19.39162254333496
v 20.545560836791992 21.113523483276367 19.28921127319336
v 20.51749610900879 21.05844497680664 19.191455841064453
v 20.485952377319336 20.996536254882812 19.0989933013916
v 20.451133728027344 20.928199768066406 19.012420654296875
v 20.41326332092285 20.8538761138916 18.932300567626953
v 20.372591018676758 20.774049758911133 18.85915184020996
v 20.329376220703125 20.689239501953125 18.79344940185547
v 20.283903121948242 20.599990844726562 18.735618591308594
v 20.236465454101562 20.506887435913086 18.686037063598633
v 20.187368392944336 20.41053009033203 18.645023345947266
v 20.136932373046875 20.311546325683594 18.612844467163086
v 20.085485458374023 20.210575103759766 18.589710235595703
v 20.03335952758789 20.108272552490234 18.575767517089844
v 20.016605377197266 20.115211486816406 21.438854217529297
v 20.052085876464844 20.224409103393555 21.424911499023438
v 20.08710479736328 20.332185745239258 21.401777267456055
v 20.121435165405273 20.437841415405273 21.369598388671875
v 20.15485382080078 20.540693283081055 21.328584671020508
v 20.187143325805664 20.640071868896484 21.279003143310547
v 20.218095779418945 20.735332489013672 21.221172332763672
v 20.247509002685547 20.82586097717285 21.15546989440918
v 20.27519416809082 20.91106605529785 21.082321166992188
v 20.30097198486328 20.990398406982422 21.002201080322266
v 20.324670791625977 21.06334114074707 20.91562843322754
v 20.346141815185547 21.12942123413086 20.823165893554688
v 20.365245819091797 21.188213348388672 20.72541046142578
v 20.381855010986328 21.23933219909668 20.62299919128418
v 20.395864486694336 21.282447814941406 20.51659393310547
v 20.407182693481445 21.31728172302246 20.40688705444336
v 20.415735244750977 21.343605041503906 20.294588088989258
v 20.42146873474121 21.361249923706055 20.1804256439209
v 20.424345016479492 21.370101928710938 20.065141677856445
v 20.424345016479492 21.370101928710938 19.949480056762695
v 20.42146873474121 21.361249923706055 19.834196090698242
v 20.415735244750977 21.343605041503906 19.720033645629883
v 20.407182693481445 21.31728172302246 19.60773468017578
v 20.395864486694336 21.282447814941406 19.498027801513672
v 20.381855010986328 21.23933219909668 19.39162254333496
v 20.365245819091797 21.188213348388672 19.28921127319336
v 20.346141815185547 21.12942123413086 19.191455841064453
v 20.324670791625977 21.06334114074707 19.0989933013916
v 20.30097198486328 20.990398406982422 19.012420654296875
v 20.27519416809082 20.91106605529785 18.932300567626953
v 20.247509002685547 20.82586097717285 18.85915184020996
v 20.218095779418945 20.735332489013672 18.79344940185547
v 20.187143325805664 20.640071868896484 18.735618591308594
v 20.15485382080078 20.540693283081055 18.686037063598633
v 20.121435165405273 20.437841415405273 18.645023345947266
v 20.08710479736328 20.332185745239258 18.612844467163086
v 20.052085876464844 20.224409103393555 18.589710235595703
v 20.016605377197266 20.115211486816406 18.575767517089844
v 19.998971939086914 20.11944580078125 21.438854217529297
v 20.01693344116211 20.23284912109375 21.424911499023438
v 20.0346622467041 20.344776153564453 21.401777267456055
v 20.052040100097656 20.45450210571289 21.369598388671875
v 20.068958282470703 20.56131362915039 21.328584671020508
v 20.085304260253906 20.664520263671875 21.279003143310547
v 20.10097312927246 20.763452529907227 21.221172332763672
v 20.115863800048828 20.857465744018555 21.15546989440918
v 20.129878997802734 20.945953369140625 21.082321166992188
v 20.142927169799805 21.02834129333496 21.002201080322266
v 20.154926300048828 21.104093551635742 20.91562843322754
v 20.165794372558594 21.172719955444336 20.823165893554688
v 20.175464630126953 21.233774185180664 20.72541046142578
v 20.183874130249023 21.286863327026367 20.62299919128418
v 20.19096565246582 21.331640243530273 20.51659393310547
v 20.19669532775879 21.367815017700195 20.40688705444336
v 20.201025009155273 21.395153045654297 20.294588088989258
v 20.203927993774414 21.413476943969727 20.1804256439209
v 20.20538330078125 21.422670364379883 20.065141677856445
v 20.20538330078125 21.422670364379883 19.949480056762695
v 20.203927993774414 21.413476943969727 19.834196090698242
v 20.201025009155273 21.395153045654297 19.720033645629883
v 20.19669532775879 21.367815017700195 19.60773468017578
v 20.19096565246582 21.331640243530273 19.498027801513672
v 20.183874130249023 21.286863327026367 19.39162254333496
v 20.175464630126953 21.233774185180664 19.28921127319336
v 20.165794372558594 21.172719955444336 19.191455841064453
v 20.154926300048828 21.104093551635742 19.0989933013916
v 20.142927169799805 21.02834129333496 19.012420654296875
v 20.129878997802734 20.945953369140625 18.932300567626953
v 20.115863800048828 20.857465744018555 18.85915184020996
v 20.10097312927246 20.763452529907227 18.79344940185547
v 20.085304260253906 20.664520263671875 18.735618591308594
v 20.068958282470703 20.56131362915039 18.686037063598633
v 20.052040100097656 20.45450210571289 18.645023345947266
v 20.0346622467041 20.344776153564453 18.612844467163086
v 20.01693344116211 20.23284912109375 18.589710235595703
v 19.998971939086914 20.11944580078125 18.575767517089844
v 19.980894088745117 20.120868682861328 21.438854217529297
v 19.980894088745117 20.235685348510742 21.424911499023438
v 19.980894088745117 20.34900665283203 21.401777267456055
v 19.980894088745117 20.460100173950195 21.369598388671875
v 19.980894088745117 20.56824493408203 21.328584671020508
v 19.980894088745117 20.67273712158203 21.279003143310547
v 19.980894088745117 20.77290153503418 21.221172332763672
v 19.980894088745117 20.868087768554688 21.15546989440918
v 19.980894088745117 20.957679748535156 21.082321166992188
v 19.980894088745117 21.041093826293945 21.002201080322266
v 19.980894088745117 21.11779022216797 20.91562843322754
v 19.980894088745117 21.187271118164062 20.823165893554688
v 19.980894088745117 21.249088287353516 20.72541046142578
v 19.980894088745117 21.302837371826172 20.62299919128418
v 19.980894088745117 21.348173141479492 20.51659393310547
v 19.980894088745117 21.384798049926758 20.40688705444336
v 19.980894088745117 21.412477493286133 20.294588088989258
v 19.980894088745117 21.4310302734375 20.1804256439209
v 19.980894088745117 21.440338134765625 20.065141677856445
v 19.980894088745117 21.440338134765625 19.949480056762695
v 19.980894088745117 21.4310302734375 19.834196090698242
v 19.980894088745117 21.412477493286133 19.720033645629883
v 19.980894088745117 21.384798049926758 19.60773468017578
v 19.980894088745117 21.348173141479492 19.498027801513672
v 19.980894088745117 21.302837371826172 19.39162254333496
v 19.980894088745117 21.249088287353516 19.28921127319336
v 19.980894088745117 21.187271118164062 19.191455841064453
v 19.980894088745117 21.11779022216797 19.0989933013916
v 19.980894088745117 21.041093826293945 19.012420654296875
v 19.980894088745117 20.957679748535156 18.932300567626953
v 19.980894088745117 20.868087768554688 18.85915184020996
v 19.980894088745117 20.77290153503418 18.79344940185547
v 19.980894088745117 20.67273712158203 18.735618591308594
v 19.980894088745117 20.56824493408203 18.686037063598633
v 19.980894088745117 20.460100173950195 18.645023345947266
v 19.980894088745117 20.34900665283203 18.612844467163086
v 19.980894088745117 20.235685348510742 18.589710235595703
v 19.980894088745117 20.120868682861328 18.575767517089844
v 19.96281623840332 20.11944580078125 21.438854217529297
v 19.944854736328125 20.23284912109375 21.424911499023438
v 19.927125930786133 20.344776153564453 21.401777267456055
v 19.909748077392578 20.45450210571289 21.369598388671875
v 19.89282989501953 20.56131362915039 21.328584671020508
v 19.876483917236328 20.664520263671875 21.279003143310547
v 19.860815048217773 20.763452529907227 21.221172332763672
v 19.845924377441406 20.857465744018555 21.15546989440918
v 19.8319091796875 20.945953369140625 21.082321166992188
v 19.81886100769043 21.02834129333496 21.002201080322266
v 19.806861877441406 21.104093551635742 20.91562843322754
v 19.79599380493164 21.172719955444336 20.823165893554688
v 19.78632354736328 21.233774185180664 20.72541046142578
v 19.77791404724121 21.286863327026367 20.62299919128418
v 19.770822525024414 21.331640243530273 20.51659393310547
v 19.765092849731445 21.367815017700195 20.40688705444336
v 19.76076316833496 21.395153045654297 20.294588088989258
v 19.75786018371582 21.413476943969727 20.1804256439209
v 19.756404876708984 21.422670364379883 20.065141677856445
v 19.756404876708984 21.422670364379883 19.949480056762695
v 19.75786018371582 21.413476943969727 19.834196090698242
v 19.76076316833496 21.395153045654297 19.720033645629883
v 19.765092849731445 21.367815017700195 19.60773468017578
v 19.770822525024414 21.331640243530273 19.498027801513672
v 19.77791404724121 21.286863327026367 19.39162254333496
v 19.78632354736328 21.233774185180664 19.28921127319336
v 19.79599380493164 21.172719955444336 19.191455841064453
v 19.806861877441406 21.104093551635742 19.0989933013916
v 19.81886100769043 21.02834129333496 19.012420654296875
v 19.8319091796875 20.945953369140625 18.932300567626953
v 19.845924377441406 20.857465744018555 18.85915184020996
v 19.860815048217773 20.763452529907227 18.79344940185547
v 19.876483917236328 20.664520263671875 18.735618591308594
v 19.89282989501953 20.56131362915039 18.686037063598633
v 19.909748077392578 20.45450210571289 18.645023345947266
v 19.927125930786133 20.344776153564453 18.612844467163086
v 19.944854736328125 20.23284912109375 18.589710235595703
v 19.96281623840332 20.11944580078125 18.575767517089844
v 19.94518280029297 20.115211486816406 21.438854217529297
v 19.90970230102539 20.224409103393555 21.424911499023438
v 19.874683380126953 20.332185745239258 21.401777267456055
v 19.84035301208496 20.437841415405273 21.369598388671875
v 19.806934356689453 20.540693283081055 21.328584671020508
v 19.77464485168457 20.640071868896484 21.279003143310547
v 19.74369239807129 20.735332489013672 21.221172332763672
v 19.714279174804688 20.82586097717285 21.15546989440918
v 19.686594009399414 20.91106605529785 21.082321166992188
v 19.660816192626953 20.990398406982422 21.002201080322266
v 19.637117385864258 21.06334114074707 20.91562843322754
v 19.615646362304688 21.12942123413086 20.823165893554688
v 19.596542358398438 21.188213348388672 20.72541046142578
v 19.579933166503906 21.23933219909668 20.62299919128418
v 19.5659236907959 21.282447814941406 20.51659393310547
v 19.55460548400879 21.31728172302246 20.40688705444336
v 19.546052932739258 21.343605041503906 20.294588088989258
v 19.540319442749023 21.361249923706055 20.1804256439209
v 19.537443161010742 21.370101928710938 20.065141677856445
v 19.537443161010742 21.370101928710938 19.949480056762695
v 19.540319442749023 21.361249923706055 19.834196090698242
v 19.546052932739258 21.343605041503906 19.720033645629883
v 19.55460548400879 21.31728172302246 19.60773468017578
v 19.5659236907959 21.282447814941406 19.498027801513672
v 19.579933166503906 21.23933219909668 19.39162254333496
v 19.596542358398438 21.188213348388672 19.28921127319336
v 19.615646362304688 21.12942123413086 19.191455841064453
v 19.637117385864258 21.06334114074707 19.0989933013916
v 19.660816192626953 20.990398406982422 19.012420654296875
v 19.686594009399414 20.91106605529785 18.932300567626953
v 19.714279174804688 20.82586097717285 18.85915184020996
v 19.74369239807129 20.735332489013672 18.79344940185547
v 19.77464485168457 20.640071868896484 18.735618591308594
v 19.806934356689453 20.540693283081055 18.686037063598633
v 19.84035301208496 20.437841415405273 18.645023345947266
v 19.874683380126953 20.332185745239258 18.612844467163086
v 19.90970230102539 20.224409103393555 18.589710235595703
v 19.94518280029297 20.115211486816406 18.575767517089844
v 19.928428649902344 20.108272552490234 21.438854217529297
v 19.87630271911621 20.210575103759766 21.424911499023438
v 19.82485580444336 20.311546325683594 21.401777267456055
v 19.7744197845459 20.41053009033203 21.369598388671875
v 19.725322723388672 20.506887435913086 21.328584671020508
v 19.677885055541992 20.599990844726562 21.279003143310547
v 19.63241195678711 20.689239501953125 21.221172332763672
v 19.589197158813477 20.774049758911133 21.15546989440918
v 19.548524856567383 20.8538761138916 21.082321166992188
v 19.51065444946289 20.928199768066406 21.002201080322266
v 19.4758358001709 20.996536254882812 20.91562843322754
v 19.444292068481445 21.05844497680664 20.823165893554688
v 19.416227340698242 21.113523483276367 20.72541046142578
v 19.39182472229004 21.161415100097656 20.62299919128418
v 19.371244430541992 21.20180892944336 20.51659393310547
v 19.354616165161133 21.23444175720215 20.40688705444336
v 19.342050552368164 21.259105682373047 20.294588088989258
v 19.333627700805664 21.275636672973633 20.1804256439209
v 19.32940101623535 21.28392791748047 20.065141677856445
v 19.32940101623535 21.28392791748047 19.949480056762695
v 19.333627700805664 21.275636672973633 19.834196090698242
v 19.342050552368164 21.259105682373047 19.720033645629883
v 19.354616165161133 21.23444175720215 19.60773468017578
v 19.371244430541992 21.20180892944336 19.498027801513672
v 19.39182472229004 21.161415100097656 19.39162254333496
v 19.416227340698242 21.113523483276367 19.28921127319336
v 19.444292068481445 21.05844497680664 19.191455841064453
v 19.4758358001709 20.996536254882812 19.0989933013916
v 19.51065444946289 20.928199768066406 19.012420654296875
v 19.548524856567383 20.8538761138916 18.932300567626953
v 19.589197158813477 20.774049758911133 18.85915184020996
v 19.63241195678711 20.689239501953125 18.79344940185547
v 19.677885055541992 20.599990844726562 18.735618591308594
v 19.725322723388672 20.506887435913086 18.686037063598633
v 19.7744197845459 20.41053009033203 18.645023345947266
v 19.82485580444336 20.311546325683594 18.612844467163086
v 19.87630271911621 20.210575103759766 18.589710235595703
v 19.928428649902344 20.108272552490234 18.575767517089844
v 19.912965774536133 20.098796844482422 21.438854217529297
v 19.845478057861328 20.191686630249023 21.424911499023438
v 19.77886962890625 20.28336524963379 21.401777267456055
v 19.71356964111328 20.373241424560547 21.369598388671875
v 19.650005340576172 20.460731506347656 21.328584671020508
v 19.588584899902344 20.545269012451172 21.279003143310547
v 19.52971076965332 20.626304626464844 21.221172332763672
v 19.4737606048584 20.703311920166016 21.15546989440918
v 19.421100616455078 20.77579116821289 21.082321166992188
v 19.372072219848633 20.84327507019043 21.002201080322266
v 19.326990127563477 20.905323028564453 20.91562843322754
v 19.286149978637695 20.961536407470703 20.823165893554688
v 19.249814987182617 21.011547088623047 20.72541046142578
v 19.21822166442871 21.055030822753906 20.62299919128418
v 19.191574096679688 21.091707229614258 20.51659393310547
v 19.170045852661133 21.121337890625 20.40688705444336
v 19.153778076171875 21.14373207092285 20.294588088989258
v 19.142871856689453 21.158740997314453 20.1804256439209
v 19.137401580810547 21.166271209716797 20.065141677856445
v 19.137401580810547 21.166271209716797 19.949480056762695
v 19.142871856689453 21.158740997314453 19.834196090698242
v 19.153778076171875 21.14373207092285 19.720033645629883
v 19.170045852661133 21.121337890625 19.60773468017578
v 19.191574096679688 21.091707229614258 19.498027801513672
v 19.21822166442871 21.055030822753906 19.39162254333496
v 19.249814987182617 21.011547088623047 19.28921127319336
v 19.286149978637695 20.961536407470703 19.191455841064453
v 19.326990127563477 20.905323028564453 19.0989933013916
v 19.372072219848633 20.84327507019043 19.012420654296875
v 19.421100616455078 20.77579116821289 18.932300567626953
v 19.4737606048584 20.703311920166016 18.85915184020996
v 19.52971076965332 20.626304626464844 18.79344940185547
v 19.588584899902344 20.545269012451172 18.735618591308594
v 19.650005340576172 20.460731506347656 18.686037063598633
v 19.71356964111328 20.373241424560547 18.645023345947266
v 19.77886962890625 20.28336524963379 18.612844467163086
v 19.845478057861328 20.191686630249023 18.589710235595703
v 19.912965774536133 20.098796844482422 18.575767517089844
v 19.8991756439209 20.087020874023438 21.438854217529297
v 19.817989349365234 20.1682071685791 21.424911499023438
v 19.737857818603516 20.24833869934082 21.401777267456055
v 19.659303665161133 20.326892852783203 21.369598388671875
v 19.582834243774414 20.403362274169922 21.328584671020508
v 19.50894546508789 20.477251052856445 21.279003143310547
v 19.438119888305664 20.548076629638672 21.221172332763672
v 19.370811462402344 20.615385055541992 21.15546989440918
v 19.307462692260742 20.678733825683594 21.082321166992188
v 19.24847984313965 20.737716674804688 21.002201080322266
v 19.194246292114258 20.791950225830078 20.91562843322754
v 19.14511489868164 20.841081619262695 20.823165893554688
v 19.101404190063477 20.88479232788086 20.72541046142578
v 19.063398361206055 20.92279815673828 20.62299919128418
v 19.031341552734375 20.95485496520996 20.51659393310547
v 19.005443572998047 20.98075294494629 20.40688705444336
v 18.985870361328125 21.00032615661621 20.294588088989258
v 18.97275161743164 21.013444900512695 20.1804256439209
v 18.966171264648438 21.0200252532959 20.065141677856445
v 18.966171264648438 21.0200252532959 19.949480056762695
v 18.97275161743164 21.013444900512695 19.834196090698242
v 18.985870361328125 21.00032615661621 19.720033645629883
v 19.005443572998047 20.98075294494629 19.60773468017578
v 19.031341552734375 20.95485496520996 19.498027801513672
v 19.063398361206055 20.92279815673828 19.39162254333496
v 19.101404190063477 20.88479232788086 19.28921127319336
v 19.14511489868164 20.841081619262695 19.191455841064453
v 19.194246292114258 20.791950225830078 19.0989933013916
v 19.24847984313965 20.737716674804688 19.012420654296875
v 19.307462692260742 20.678733825683594 18.932300567626953
v 19.370811462402344 20.615385055541992 18.85915184020996
v 19.438119888305664 20.548076629638672 18.79344940185547
v 19.50894546508789 20.477251052856445 18.735618591308594
v 19.582834243774414 20.403362274169922 18.686037063598633
v 19.659303665161133 20.326892852783203 18.645023345947266
v 19.737857818603516 20.24833869934082 18.612844467163086
v 19.817989349365234 20.1682071685791 18.589710235595703
v 19.8991756439209 20.087020874023438 18.575767517089844
v 19.887399673461914 20.073230743408203 21.438854217529297
v 19.794509887695312 20.140718460083008 21.424911499023438
v 19.702831268310547 20.207326889038086 21.401777267456055
v 19.61295509338379 20.272626876831055 21.369598388671875
v 19.52546501159668 20.336191177368164 21.328584671020508
v 19.440927505493164 20.397611618041992 21.279003143310547
v 19.359891891479492 20.456485748291016 21.221172332763672
v 19.28288459777832 20.512435913085938 21.15546989440918
v 19.210405349731445 20.565095901489258 21.082321166992188
v 19.142921447753906 20.614124298095703 21.002201080322266
v 19.080873489379883 20.65920639038086 20.91562843322754
v 19.024660110473633 20.70004653930664 20.823165893554688
v 18.974651336669922 20.73638153076172 20.72541046142578
v 18.93116569519043 20.767974853515625 20.62299919128418
v 18.894489288330078 20.79462242126465 20.51659393310547
v 18.864858627319336 20.816150665283203 20.40688705444336
v 18.842464447021484 20.83241844177246 20.294588088989258
v 18.827455520629883 20.843324661254883 20.1804256439209
v 18.81992530822754 20.84879493713379 20.065141677856445
v 18.81992530822754 20.84879493713379 19.949480056762695
v 18.827455520629883 20.843324661254883 19.834196090698242
v 18.842464447021484 20.83241844177246 19.720033645629883
v 18.864858627319336 20.816150665283203 19.60773468017578
v 18.894489288330078 20.79462242126465 19.498027801513672
v 18.93116569519043 20.767974853515625 19.39162254333496
v 18.974651336669922 20.73638153076172 19.28921127319336
v 19.024660110473633 20.70004653930664 19.191455841064453
v 19.080873489379883 20.65920639038086 19.0989933013916
v 19.142921447753906 20.614124298095703 19.012420654296875
v 19.210405349731445 20.565095901489258 18.932300567626953
v 19.28288459777832 20.512435913085938 18.85915184020996
v 19.359891891479492 20.456485748291016 18.79344940185547
v 19.440927505493164 20.397611618041992 18.735618591308594
v 19.52546501159668 20.336191177368164 18.686037063598633
v 19.61295509338379 20.272626876831055 18.645023345947266
v 19.702831268310547 20.207326889038086 18.612844467163086
v 19.794509887695312 20.140718460083008 18.589710235595703
v 19.887399673461914 20.073230743408203 18.575767517089844
v 19.8779239654541 20.057767868041992 21.438854217529297
v 19.77562141418457 20.109893798828125 21.424911499023438
v 19.674650192260742 20.161340713500977 21.401777267456055
v 19.575666427612305 20.211776733398438 21.369598388671875
v 19.47930908203125 20.260873794555664 21.328584671020508
v 19.386205673217773 20.308311462402344 21.279003143310547
v 19.29695701599121 20.353784561157227 21.221172332763672
v 19.212146759033203 20.39699935913086 21.15546989440918
v 19.132320404052734 20.437671661376953 21.082321166992188
v 19.05799674987793 20.475542068481445 21.002201080322266
v 18.989660263061523 20.510360717773438 20.91562843322754
v 18.927751541137695 20.54190444946289 20.823165893554688
v 18.87267303466797 20.569969177246094 20.72541046142578
v 18.82478141784668 20.594371795654297 20.62299919128418
v 18.784387588500977 20.614952087402344 20.51659393310547
v 18.751754760742188 20.631580352783203 20.40688705444336
v 18.72709083557129 20.644145965576172 20.294588088989258
v 18.710559844970703 20.652568817138672 20.1804256439209
v 18.702268600463867 20.656795501708984 20.065141677856445
v 18.702268600463867 20.656795501708984 19.949480056762695
v 18.710559844970703 20.652568817138672 19.834196090698242
v 18.72709083557129 20.644145965576172 19.720033645629883
v 18.751754760742188 20.631580352783203 19.60773468017578
v 18.784387588500977 20.614952087402344 19.498027801513672
v 18.82478141784668 20.594371795654297 19.39162254333496
v 18.87267303466797 20.569969177246094 19.28921127319336
v 18.927751541137695 20.54190444946289 19.191455841064453
v 18.989660263061523 20.510360717773438 19.0989933013916
v 19.05799674987793 20.475542068481445 19.012420654296875
v 19.132320404052734 20.437671661376953 18.932300567626953
v 19.212146759033203 20.39699935913086 18.85915184020996
v 19.29695701599121 20.353784561157227 18.79344940185547
v 19.386205673217773 20.308311462402344 18.735618591308594
v 19.47930908203125 20.260873794555664 18.686037063598633
v 19.575666427612305 20.211776733398438 18.645023345947266
v 19.674650192260742 20.161340713500977 18.612844467163086
v 19.77562141418457 20.109893798828125 18.589710235595703
v 19.8779239654541 20.057767868041992 18.575767517089844
v 19.87098503112793 20.041013717651367 21.438854217529297
v 19.76178741455078 20.076494216918945 21.424911499023438
v 19.654010772705078 20.111513137817383 21.401777267456055
v 19.548355102539062 20.145843505859375 21.369598388671875
v 19.44550323486328 20.17926025390625 21.328584671020508
v 19.34612464904785 20.211551666259766 21.279003143310547
v 19.250864028930664 20.242504119873047 21.221172332763672
v 19.160335540771484 20.27191734313965 21.15546989440918
v 19.075130462646484 20.299602508544922 21.082321166992188
v 18.995798110961914 20.325380325317383 21.002201080322266
v 18.922855377197266 20.349079132080078 20.91562843322754
v 18.856773376464844 20.37055015563965 20.823165893554688
v 18.797983169555664 20.3896541595459 20.72541046142578
v 18.746864318847656 20.40626335144043 20.62299919128418
v 18.70374870300293 20.420272827148438 20.51659393310547
v 18.668914794921875 20.431591033935547 20.40688705444336
v 18.64259147644043 20.440143585205078 20.294588088989258
v 18.62494659423828 20.445877075195312 20.1804256439209
v 18.6160945892334 20.448753356933594 20.065141677856445
v 18.6160945892334 20.448753356933594 19.949480056762695
v 18.62494659423828 20.445877075195312 19.834196090698242
v 18.64259147644043 20.440143585205078 19.720033645629883
v 18.668914794921875 20.431591033935547 19.60773468017578
v 18.70374870300293 20.420272827148438 19.498027801513672
v 18.746864318847656 20.40626335144043 19.39162254333496
v 18.797983169555664 20.3896541595459 19.28921127319336
v 18.856773376464844 20.37055015563965 19.191455841064453
v 18.922855377197266 20.349079132080078 19.0989933013916
v 18.995798110961914 20.325380325317383 19.012420654296875
v 19.075130462646484 20.299602508544922 18.932300567626953
v 19.160335540771484 20.27191734313965 18.85915184020996
v 19.250864028930664 20.242504119873047 18.79344940185547
v 19.34612464904785 20.211551666259766 18.735618591308594
v 19.44550323486328 20.17926025390625 18.686037063598633
v 19.548355102539062 20.145843505859375 18.645023345947266
v 19.654010772705078 20.111513137817383 18.612844467163086
v 19.76178741455078 20.076494216918945 18.589710235595703
v 19.87098503112793 20.041013717651367 18.575767517089844
v 19.866750717163086 20.023380279541016 21.438854217529297
v 19.753347396850586 20.04134178161621 21.424911499023438
v 19.641420364379883 20.059070587158203 21.401777267456055
v 19.531694412231445 20.076448440551758 21.369598388671875
v 19.424882888793945 20.093366622924805 21.328584671020508
v 19.32167625427246 20.109712600708008 21.279003143310547
v 19.22274398803711 20.125381469726562 21.221172332763672
v 19.12873077392578 20.14027214050293 21.15546989440918
v 19.04024314880371 20.154287338256836 21.082321166992188
v 18.957855224609375 20.167335510253906 21.002201080322266
v 18.882102966308594 20.17933464050293 20.91562843322754
v 18.8134765625 20.190202713012695 20.823165893554688
v 18.752422332763672 20.199872970581055 20.72541046142578
v 18.69933319091797 20.208282470703125 20.62299919128418
v 18.654556274414062 20.215373992919922 20.51659393310547
v 18.61838150024414 20.22110366821289 20.40688705444336
v 18.59104347229004 20.225433349609375 20.294588088989258
v 18.57271957397461 20.228336334228516 20.1804256439209
v 18.563526153564453 20.22979164123535 20.065141677856445
v 18.563526153564453 20.22979164123535 19.949480056762695
v 18.57271957397461 20.228336334228516 19.834196090698242
v 18.59104347229004 20.225433349609375 19.720033645629883
v 18.61838150024414 20.22110366821289 19.60773468017578
v 18.654556274414062 20.215373992919922 19.498027801513672
v 18.69933319091797 20.208282470703125 19.39162254333496
v 18.752422332763672 20.199872970581055 19.28921127319336
v 18.8134765625 20.190202713012695 19.191455841064453
v 18.882102966308594 20.17933464050293 19.0989933013916
v 18.957855224609375 20.167335510253906 19.012420654296875
v 19.04024314880371 20.154287338256836 18.932300567626953
v 19.12873077392578 20.14027214050293 18.85915184020996
v 19.22274398803711 20.125381469726562 18.79344940185547
v 19.32167625427246 20.109712600708008 18.735618591308594
v 19.424882888793945 20.093366622924805 18.686037063598633
v 19.531694412231445 20.076448440551758 18.645023345947266
v 19.641420364379883 20.059070587158203 18.612844467163086
v 19.753347396850586 20.04134178161621 18.589710235595703
v 19.866750717163086 20.023380279541016 18.575767517089844
v 19.865327835083008 20.00530242919922 21.438854217529297
v 19.750511169433594 20.00530242919922 21.424911499023438
v 19.637189865112305 20.00530242919922 21.401777267456055
v 19.52609634399414 20.00530242919922 21.369598388671875
v 19.417951583862305 20.00530242919922 21.328584671020508
v 19.313459396362305 20.00530242919922 21.279003143310547
v 19.213294982910156 20.00530242919922 21.221172332763672
v 19.11810874938965 20.00530242919922 21.15546989440918
v 19.02851676940918 20.00530242919922 21.082321166992188
v 18.94510269165039 20.00530242919922 21.002201080322266
v 18.868406295776367 20.00530242919922 20.91562843322754
v 18.798925399780273 20.00530242919922 20.823165893554688
v 18.73710823059082 20.00530242919922 20.72541046142578
v 18.683359146118164 20.00530242919922 20.62299919128418
v 18.638023376464844 20.00530242919922 20.51659393310547
v 18.601398468017578 20.00530242919922 20.40688705444336
v 18.573719024658203 20.00530242919922 20.294588088989258
v 18.555166244506836 20.00530242919922 20.1804256439209
v 18.54585838317871 20.00530242919922 20.065141677856445
v 18.54585838317871 20.00530242919922 19.949480056762695
v 18.555166244506836 20.00530242919922 19.834196090698242
v 18.573719024658203 20.00530242919922 19.720033645629883
v 18.601398468017578 20.00530242919922 19.60773468017578
v 18.638023376464844 20.00530242919922 19.498027801513672
v 18.683359146118164 20.00530242919922 19.39162254333496
v 18.73710823059082 20.00530242919922 19.28921127319336
v 18.798925399780273 20.00530242919922 19.191455841064453
v 18.868406295776367 20.00530242919922 19.0989933013916
v 18.94510269165039 20.00530242919922 19.012420654296875
v 19.02851676940918 20.00530242919922 18.932300567626953
v 19.11810874938965 20.00530242919922 18.85915184020996
v 19.213294982910156 20.00530242919922 18.79344940185547
v 19.313459396362305 20.00530242919922 18.735618591308594
v 19.417951583862305 20.00530242919922 18.686037063598633
v 19.52609634399414 20.00530242919922 18.645023345947266
v 19.637189865112305 20.00530242919922 18.612844467163086
v 19.750511169433594 20.00530242919922 18.589710235595703
v 19.865327835083008 20.00530242919922 18.575767517089844
v 19.866750717163086 19.987224578857422 21.438854217529297
v 19.753347396850586 19.969263076782227 21.424911499023438
v 19.641420364379883 19.951534271240234 21.401777267456055
v 19.531694412231445 19.93415641784668 21.369598388671875
v 19.424882888793945 19.917238235473633 21.328584671020508
v 19.32167625427246 19.90089225769043 21.279003143310547
v 19.22274398803711 19.885223388671875 21.221172332763672
v 19.12873077392578 19.870332717895508 21.15546989440918
v 19.04024314880371 19.8563175201416 21.082321166992188
v 18.957855224609375 19.84326934814453 21.002201080322266
v 18.882102966308594 19.831270217895508 20.91562843322754
v 18.8134765625 19.820402145385742 20.823165893554688
v 18.752422332763672 19.810731887817383 20.72541046142578
v 18.69933319091797 19.802322387695312 20.62299919128418
v 18.654556274414062 19.795230865478516 20.51659393310547
v 18.61838150024414 19.789501190185547 20.40688705444336
v 18.59104347229004 19.785171508789062 20.294588088989258
v 18.57271957397461 19.782268524169922 20.1804256439209
v 18.563526153564453 19.780813217163086 20.065141677856445
v 18.563526153564453 19.780813217163086 19.949480056762695
v 18.57271957397461 19.782268524169922 19.834196090698242
v 18.59104347229004 19.785171508789062 19.720033645629883
v 18.61838150024414 19.789501190185547 19.60773468017578
v 18.654556274414062 19.795230865478516 19.498027801513672
v 18.69933319091797 19.802322387695312 19.39162254333496
v 18.752422332763672 19.810731887817383 19.28921127319336
v 18.8134765625 19.820402145385742 19.191455841064453
v 18.882102966308594 19.831270217895508 19.0989933013916
v 18.957855224609375 19.84326934814453 19.012420654296875
v 19.04024314880371 19.8563175201416 18.932300567626953
v 19.12873077392578 19.870332717895508 18.85915184020996
v 19.22274398803711 19.885223388671875 18.79344940185547
v 19.32167625427246 19.90089225769043 18.735618591308594
v 19.424882888793945 19.917238235473633 18.686037063598633
v 19.531694412231445 19.93415641784668 18.645023345947266
v 19.641420364379883 19.951534271240234 18.612844467163086
v 19.753347396850586 19.969263076782227 18.589710235595703
v 19.866750717163086 19.987224578857422 18.575767517089844
v 19.87098503112793 19.96959114074707 21.438854217529297
v 19.76178741455078 19.934110641479492 21.424911499023438
v 19.654010772705078 19.899091720581055 21.401777267456055
v 19.548355102539062 19.864761352539062 21.369598388671875
v 19.44550323486328 19.831344604492188 21.328584671020508
v 19.34612464904785 19.799053192138672 21.279003143310547
v 19.250864028930664 19.76810073852539 21.221172332763672
v 19.160335540771484 19.73868751525879 21.15546989440918
v 19.075130462646484 19.711002349853516 21.082321166992188
v 18.995798110961914 19.685224533081055 21.002201080322266
v 18.922855377197266 19.66152572631836 20.91562843322754
v 18.856773376464844 19.64005470275879 20.823165893554688
v 18.797983169555664 19.62095069885254 20.72541046142578
v 18.746864318847656 19.604341506958008 20.62299919128418
v 18.70374870300293 19.59033203125 20.51659393310547
v 18.668914794921875 19.57901382446289 20.40688705444336
v 18.64259147644043 19.57046127319336 20.294588088989258
v 18.62494659423828 19.564727783203125 20.1804256439209
v 18.6160945892334 19.561851501464844 20.065141677856445
v 18.6160945892334 19.561851501464844 19.949480056762695
v 18.62494659423828 19.564727783203125 19.834196090698242
v 18.64259147644043 19.57046127319336 19.720033645629883
v 18.668914794921875 19.57901382446289 19.60773468017578
v 18.70374870300293 19.59033203125 19.498027801513672
v 18.746864318847656 19.604341506958008 19.39162254333496
v 18.797983169555664 19.62095069885254 19.28921127319336
v 18.856773376464844 19.64005470275879 19.191455841064453
v 18.922855377197266 19.66152572631836 19.0989933013916
v 18.995798110961914 19.685224533081055 19.012420654296875
v 19.075130462646484 19.711002349853516 18.932300567626953
v 19.160335540771484 19.73868751525879 18.85915184020996
v 19.250864028930664 19.76810073852539 18.79344940185547
v 19.34612464904785 19.799053192138672 18.735618591308594
v 19.44550323486328 19.831344604492188 18.686037063598633
v 19.548355102539062 19.864761352539062 18.645023345947266
v 19.654010772705078 19.899091720581055 18.612844467163086
v 19.76178741455078 19.934110641479492 18.589710235595703
v 19.87098503112793 19.96959114074707 18.575767517089844
v 19.8779239654541 19.952836990356445 21.438854217529297
v 19.77562141418457 19.900711059570312 21.424911499023438
v 19.674650192260742 19.84926414489746 21.401777267456055
v 19.575666427612305 19.798828125 21.369598388671875
v 19.47930908203125 19.749731063842773 21.328584671020508
v 19.386205673217773 19.702293395996094 21.279003143310547
v 19.29695701599121 19.65682029724121 21.221172332763672
v 19.212146759033203 19.613605499267578 21.15546989440918
v 19.132320404052734 19.572933197021484 21.082321166992188
v 19.05799674987793 19.535062789916992 21.002201080322266
v 18.989660263061523 19.500244140625 20.91562843322754
v 18.927751541137695 19.468700408935547 20.823165893554688
v 18.87267303466797 19.440635681152344 20.72541046142578
v 18.82478141784668 19.41623306274414 20.62299919128418
v 18.784387588500977 19.395652770996094 20.51659393310547
v 18.751754760742188 19.379024505615234 20.40688705444336
v 18.72709083557129 19.366458892822266 20.294588088989258
v 18.710559844970703 19.358036041259766 20.1804256439209
v 18.702268600463867 19.353809356689453 20.065141677856445
v 18.702268600463867 19.353809356689453 19.949480056762695
v 18.710559844970703 19.358036041259766 19.834196090698242
v 18.72709083557129 19.366458892822266 19.720033645629883
v 18.751754760742188 19.379024505615234 19.60773468017578
v 18.784387588500977 19.395652770996094 19.498027801513672
v 18.82478141784668 19.41623306274414 19.39162254333496
v 18.87267303466797 19.440635681152344 19.28921127319336
v 18.927751541137695 19.468700408935547 19.191455841064453
v 18.989660263061523 19.500244140625 19.0989933013916
v 19.05799674987793 19.535062789916992 19.012420654296875
v 19.132320404052734 19.572933197021484 18.932300567626953
v 19.212146759033203 19.613605499267578 18.85915184020996
v 19.29695701599121 19.65682029724121 18.79344940185547
v 19.386205673217773 19.702293395996094 18.735618591308594
v 19.47930908203125 19.749731063842773 18.686037063598633
v 19.575666427612305 19.798828125 18.645023345947266
v 19.674650192260742 19.84926414489746 18.612844467163086
v 19.77562141418457 19.900711059570312 18.589710235595703
v 19.8779239654541 19.952836990356445 18.575767517089844
v 19.887399673461914 19.937374114990234 21.438854217529297
v 19.794509887695312 19.86988639831543 21.424911499023438
v 19.702831268310547 19.80327796936035 21.401777267456055
v 19.61295509338379 19.737977981567383 21.369598388671875
v 19.52546501159668 19.674413681030273 21.328584671020508
v 19.440927505493164 19.612993240356445 21.279003143310547
v 19.359891891479492 19.554119110107422 21.221172332763672
v 19.28288459777832 19.4981689453125 21.15546989440918
v 19.210405349731445 19.44550895690918 21.082321166992188
v 19.142921447753906 19.396480560302734 21.002201080322266
v 19.080873489379883 19.351398468017578 20.91562843322754
v 19.024660110473633 19.310558319091797 20.823165893554688
v 18.974651336669922 19.27422332763672 20.72541046142578
v 18.93116569519043 19.242630004882812 20.62299919128418
v 18.894489288330078 19.21598243713379 20.51659393310547
v 18.864858627319336 19.194454193115234 20.40688705444336
v 18.842464447021484 19.178186416625977 20.294588088989258
v 18.827455520629883 19.167280197143555 20.1804256439209
v 18.81992530822754 19.16180992126465 20.065141677856445
v 18.81992530822754 19.16180992126465 19.949480056762695
v 18.827455520629883 19.167280197143555 19.834196090698242
v 18.842464447021484 19.178186416625977 19.720033645629883
v 18.864858627319336 19.194454193115234 19.60773468017578
v 18.894489288330078 19.21598243713379 19.498027801513672
v 18.93116569519043 19.242630004882812 19.39162254333496
v 18.974651336669922 19.27422332763672 19.28921127319336
v 19.024660110473633 19.310558319091797 19.191455841064453
v 19.080873489379883 19.351398468017578 19.0989933013916
v 19.142921447753906 19.396480560302734 19.012420654296875
v 19.210405349731445 19.44550895690918 18.932300567626953
v 19.28288459777832 19.4981689453125 18.85915184020996
v 19.359891891479492 19.554119110107422 18.79344940185547
v 19.440927505493164 19.612993240356445 18.735618591308594
v 19.52546501159668 19.674413681030273 18.686037063598633
v 19.61295509338379 19.737977981567383 18.645023345947266
v 19.702831268310547 19.80327796936035 18.612844467163086
v 19.794509887695312 19.86988639831543 18.589710235595703
v 19.887399673461914 19.937374114990234 18.575767517089844
v 19.8991756439209 19.923583984375 21.438854217529297
v 19.817989349365234 19.842397689819336 21.424911499023438
v 19.737857818603516 19.762266159057617 21.401777267456055
v 19.659303665161133 19.683712005615234 21.369598388671875
v 19.582834243774414 19.607242584228516 21.328584671020508
v 19.50894546508789 19.533353805541992 21.279003143310547
v 19.438119888305664 19.462528228759766 21.221172332763672
v 19.370811462402344 19.395219802856445 21.15546989440918
v 19.307462692260742 19.331871032714844 21.082321166992188
v 19.24847984313965 19.27288818359375 21.002201080322266
v 19.194246292114258 19.21865463256836 20.91562843322754
v 19.14511489868164 19.169523239135742 20.823165893554688
v 19.101404190063477 19.125812530517578 20.72541046142578
v 19.063398361206055 19.087806701660156 20.62299919128418
v 19.031341552734375 19.055749893188477 20.51659393310547
v 19.005443572998047 19.02985191345215 20.40688705444336
v 18.985870361328125 19.010278701782227 20.294588088989258
v 18.97275161743164 18.997159957885742 20.1804256439209
v 18.966171264648438 18.99057960510254 20.065141677856445
v 18.966171264648438 18.99057960510254 19.949480056762695
v 18.97275161743164 18.997159957885742 19.834196090698242
v 18.985870361328125 19.010278701782227 19.720033645629883
v 19.005443572998047 19.02985191345215 19.60773468017578
v 19.031341552734375 19.055749893188477 19.498027801513672
v 19.063398361206055 19.087806701660156 19.39162254333496
v 19.101404190063477 19.125812530517578 19.28921127319336
v 19.14511489868164 19.169523239135742 19.191455841064453
v 19.194246292114258 19.21865463256836 19.0989933013916
v 19.24847984313965 19.27288818359375 19.012420654296875
v 19.307462692260742 19.331871032714844 18.932300567626953
v 19.370811462402344 19.395219802856445 18.85915184020996
v 19.438119888305664 19.462528228759766 18.79344940185547
v 19.50894546508789 19.533353805541992 18.735618591308594
v 19.582834243774414 19.607242584228516 18.686037063598633
v 19.659303665161133 19.683712005615234 18.645023345947266
v 19.737857818603516 19.762266159057617 18.612844467163086
v 19.817989349365234 19.842397689819336 18.589710235595703
v 19.8991756439209 19.923583984375 18.575767517089844
v 19.912965774536133 19.911808013916016 21.438854217529297
v 19.845478057861328 19.818918228149414 21.424911499023438
v 19.77886962890625 19.72723960876465 21.401777267456055
v 19.71356964111328 19.63736343383789 21.369598388671875
v 19.650005340576172 19.54987335205078 21.328584671020508
v 19.588584899902344 19.465335845947266 21.279003143310547
v 19.52971076965332 19.384300231933594 21.221172332763672
v 19.4737606048584 19.307292938232422 21.15546989440918
v 19.421100616455078 19.234813690185547 21.082321166992188
v 19.372072219848633 19.167329788208008 21.002201080322266
v 19.326990127563477 19.105281829833984 20.91562843322754
v 19.286149978637695 19.049068450927734 20.823165893554688
v 19.249814987182617 18.99905776977539 20.72541046142578
v 19.21822166442871 18.95557403564453 20.62299919128418
v 19.191574096679688 18.91889762878418 20.51659393310547
v 19.170045852661133 18.889266967773438 20.40688705444336
v 19.153778076171875 18.866872787475586 20.294588088989258
v 19.142871856689453 18.851863861083984 20.1804256439209
v 19.137401580810547 18.84433364868164 20.065141677856445
v 19.137401580810547 18.84433364868164 19.949480056762695
v 19.142871856689453 18.851863861083984 19.834196090698242
v 19.153778076171875 18.866872787475586 19.720033645629883
v 19.170045852661133 18.889266967773438 19.60773468017578
v 19.191574096679688 18.91889762878418 19.498027801513672
v 19.21822166442871 18.95557403564453 19.39162254333496
v 19.249814987182617 18.99905776977539 19.28921127319336
v 19.286149978637695 19.049068450927734 19.191455841064453
v 19.326990127563477 19.105281829833984 19.0989933013916
v 19.372072219848633 19.167329788208008 19.012420654296875
v 19.421100616455078 19.234813690185547 18.932300567626953
v 19.4737606048584 19.307292938232422 18.85915184020996
v 19.52971076965332 19.384300231933594 18.79344940185547
v 19.588584899902344 19.465335845947266 18.735618591308594
v 19.650005340576172 19.54987335205078 18.686037063598633
v 19.71356964111328 19.63736343383789 18.645023345947266
v 19.77886962890625 19.72723960876465 18.612844467163086
v 19.845478057861328 19.818918228149414 18.589710235595703
v 19.912965774536133 19.911808013916016 18.575767517089844
v 19.928428649902344 19.902332305908203 21.438854217529297
v 19.87630271911621 19.800029754638672 21.424911499023438
v 19.82485580444336 19.699058532714844 21.401777267456055
v 19.7744197845459 19.600074768066406 21.369598388671875
v 19.725322723388672 19.50371742248535 21.328584671020508
v 19.677885055541992 19.410614013671875 21.279003143310547
v 19.63241195678711 19.321365356445312 21.221172332763672
v 19.589197158813477 19.236555099487305 21.15546989440918
v 19.548524856567383 19.156728744506836 21.082321166992188
v 19.51065444946289 19.08240509033203 21.002201080322266
v 19.4758358001709 19.014068603515625 20.91562843322754
v 19.444292068481445 18.952159881591797 20.823165893554688
v 19.416227340698242 18.89708137512207 20.72541046142578
v 19.39182472229004 18.84918975830078 20.62299919128418
v 19.371244430541992 18.808795928955078 20.51659393310547
v 19.354616165161133 18.77616310119629 20.40688705444336
v 19.342050552368164 18.75149917602539 20.294588088989258
v 19.333627700805664 18.734968185424805 20.1804256439209
v 19.32940101623535 18.72667694091797 20.065141677856445
v 19.32940101623535 18.72667694091797 19.949480056762695
v 19.333627700805664 18.734968185424805 19.834196090698242
v 19.342050552368164 18.75149917602539 19.720033645629883
v 19.354616165161133 18.77616310119629 19.60773468017578
v 19.371244430541992 18.808795928955078 19.498027801513672
v 19.39182472229004 18.84918975830078 19.39162254333496
v 19.416227340698242 18.89708137512207 19.28921127319336
v 19.444292068481445 18.952159881591797 19.191455841064453
v 19.4758358001709 19.014068603515625 19.0989933013916
v 19.51065444946289 19.08240509033203 19.012420654296875
v 19.548524856567383 19.156728744506836 18.932300567626953
v 19.589197158813477 19.236555099487305 18.85915184020996
v 19.63241195678711 19.321365356445312 18.79344940185547
v 19.677885055541992 19.410614013671875 18.735618591308594
v 19.725322723388672 19.50371742248535 18.686037063598633
v 19.7744197845459 19.600074768066406 18.645023345947266
v 19.82485580444336 19.699058532714844 18.612844467163086
v 19.87630271911621 19.800029754638672 18.589710235595703
v 19.928428649902344 19.902332305908203 18.575767517089844
v 19.94518280029297 19.89539337158203 21.438854217529297
v 19.90970230102539 19.786195755004883 21.424911499023438
v 19.874683380126953 19.67841911315918 21.401777267456055
v 19.84035301208496 19.572763442993164 21.369598388671875
v 19.806934356689453 19.469911575317383 21.328584671020508
v 19.77464485168457 19.370532989501953 21.279003143310547
v 19.74369239807129 19.275272369384766 21.221172332763672
v 19.714279174804688 19.184743881225586 21.15546989440918
v 19.686594009399414 19.099538803100586 21.082321166992188
v 19.660816192626953 19.020206451416016 21.002201080322266
v 19.637117385864258 18.947263717651367 20.91562843322754
v 19.615646362304688 18.881183624267578 20.823165893554688
v 19.596542358398438 18.822391510009766 20.72541046142578
v 19.579933166503906 18.771272659301758 20.62299919128418
v 19.5659236907959 18.72815704345703 20.51659393310547
v 19.55460548400879 18.693323135375977 20.40688705444336
v 19.546052932739258 18.66699981689453 20.294588088989258
v 19.540319442749023 18.649354934692383 20.1804256439209
v 19.537443161010742 18.6405029296875 20.065141677856445
v 19.537443161010742 18.6405029296875 19.949480056762695
v 19.540319442749023 18.649354934692383 19.834196090698242
v 19.546052932739258 18.66699981689453 19.720033645629883
v 19.55460548400879 18.693323135375977 19.60773468017578
v 19.5659236907959 18.72815704345703 19.498027801513672
v 19.579933166503906 18.771272659301758 19.39162254333496
v 19.596542358398438 18.822391510009766 19.28921127319336
v 19.615646362304688 18.881183624267578 19.191455841064453
v 19.637117385864258 18.947263717651367 19.0989933013916
v 19.660816192626953 19.020206451416016 19.012420654296875
v 19.686594009399414 19.099538803100586 18.932300567626953
v 19.714279174804688 19.184743881225586 18.85915184020996
v 19.74369239807129 19.275272369384766 18.79344940185547
v 19.77464485168457 19.370532989501953 18.735618591308594
v 19.806934356689453 19.469911575317383 18.686037063598633
v 19.84035301208496 19.572763442993164 18.645023345947266
v 19.874683380126953 19.67841911315918 18.612844467163086
v 19.90970230102539 19.786195755004883 18.589710235595703
v 19.94518280029297 19.89539337158203 18.575767517089844
v 19.96281623840332 19.891159057617188 21.438854217529297
v 19.944854736328125 19.777755737304688 21.424911499023438
v 19.927125930786133 19.665828704833984 21.401777267456055
v 19.909748077392578 19.556102752685547 21.369598388671875
v 19.89282989501953 19.449291229248047 21.328584671020508
v 19.876483917236328 19.346084594726562 21.279003143310547
v 19.860815048217773 19.24715232849121 21.221172332763672
v 19.845924377441406 19.153139114379883 21.15546989440918
v 19.8319091796875 19.064651489257812 21.082321166992188
v 19.81886100769043 18.982263565063477 21.002201080322266
v 19.806861877441406 18.906511306762695 20.91562843322754
v 19.79599380493164 18.8378849029541 20.823165893554688
v 19.78632354736328 18.776830673217773 20.72541046142578
v 19.77791404724121 18.72374153137207 20.62299919128418
v 19.770822525024414 18.678964614868164 20.51659393310547
v 19.765092849731445 18.642789840698242 20.40688705444336
v 19.76076316833496 18.61545181274414 20.294588088989258
v 19.75786018371582 18.59712791442871 20.1804256439209
v 19.756404876708984 18.587934494018555 20.065141677856445
v 19.756404876708984 18.587934494018555 19.949480056762695
v 19.75786018371582 18.59712791442871 19.834196090698242
v 19.76076316833496 18.61545181274414 19.720033645629883
v 19.765092849731445 18.642789840698242 19.60773468017578
v 19.770822525024414 18.678964614868164 19.498027801513672
v 19.77791404724121 18.72374153137207 19.39162254333496
v 19.78632354736328 18.776830673217773 19.28921127319336
v 19.79599380493164 18.8378849029541 19.191455841064453
v 19.806861877441406 18.906511306762695 19.0989933013916
v 19.81886100769043 18.982263565063477 19.012420654296875
v 19.8319091796875 19.064651489257812 18.932300567626953
v 19.845924377441406 19.153139114379883 18.85915184020996
v 19.860815048217773 19.24715232849121 18.79344940185547
v 19.876483917236328 19.346084594726562 18.735618591308594
v 19.89282989501953 19.449291229248047 18.686037063598633
v 19.909748077392578 19.556102752685547 18.645023345947266
v 19.927125930786133 19.665828704833984 18.612844467163086
v 19.944854736328125 19.777755737304688 18.589710235595703
v 19.96281623840332 19.891159057617188 18.575767517089844
v 19.980894088745117 19.88973617553711 21.438854217529297
v 19.980894088745117 19.774919509887695 21.424911499023438
v 19.980894088745117 19.661598205566406 21.401777267456055
v 19.980894088745117 19.550504684448242 21.369598388671875
v 19.980894088745117 19.442359924316406 21.328584671020508
v 19.980894088745117 19.337867736816406 21.279003143310547
v 19.980894088745117 19.237703323364258 21.221172332763672
v 19.980894088745117 19.14251708984375 21.15546989440918
v 19.980894088745117 19.05292510986328 21.082321166992188
v 19.980894088745117 18.969511032104492 21.002201080322266
v 19.980894088745117 18.89281463623047 20.91562843322754
v 19.980894088745117 18.823333740234375 20.823165893554688
v 19.980894088745117 18.761516571044922 20.72541046142578
v 19.980894088745117 18.707767486572266 20.62299919128418
v 19.980894088745117 18.662431716918945 20.51659393310547
v 19.980894088745117 18.62580680847168 20.40688705444336
v 19.980894088745117 18.598127365112305 20.294588088989258
v 19.980894088745117 18.579574584960938 20.1804256439209
v 19.980894088745117 18.570266723632812 20.065141677856445
v 19.980894088745117 18.570266723632812 19.949480056762695
v 19.980894088745117 18.579574584960938 19.834196090698242
v 19.980894088745117 18.598127365112305 19.720033645629883
v 19.980894088745117 18.62580680847168 19.60773468017578
v 19.980894088745117 18.662431716918945 19.498027801513672
v 19.980894088745117 18.707767486572266 19.39162254333496
v 19.980894088745117 18.761516571044922 19.28921127319336
v 19.980894088745117 18.823333740234375 19.191455841064453
v 19.980894088745117 18.89281463623047 19.0989933013916
v 19.980894088745117 18.969511032104492 19.012420654296875
v 19.980894088745117 19.05292510986328 18.932300567626953
v 19.980894088745117 19.14251708984375 18.85915184020996
v 19.980894088745117 19.237703323364258 18.79344940185547
v 19.980894088745117 19.337867736816406 18.735618591308594
v 19.980894088745117 19.442359924316406 18.686037063598633
v 19.980894088745117 19.550504684448242 18.645023345947266
v 19.980894088745117 19.661598205566406 18.612844467163086
v 19.980894088745117 19.774919509887695 18.589710235595703
v 19.980894088745117 19.88973617553711 18.575767517089844
v 19.998971939086914 19.891159057617188 21.438854217529297
v 20.01693344116211 19.777755737304688 21.424911499023438
v 20.0346622467041 19.665828704833984 21.401777267456055
v 20.052040100097656 19.556102752685547 21.369598388671875
v 20.068958282470703 19.449291229248047 21.328584671020508
v 20.085304260253906 19.346084594726562 21.279003143310547
v 20.10097312927246 19.24715232849121 21.221172332763672
v 20.115863800048828 19.153139114379883 21.15546989440918
v 20.129878997802734 19.064651489257812 21.082321166992188
v 20.142927169799805 18.982263565063477 21.002201080322266
v 20.154926300048828 18.906511306762695 20.91562843322754
v 20.165794372558594 18.8378849029541 20.823165893554688
v 20.175464630126953 18.776830673217773 20.72541046142578
v 20.183874130249023 18.72374153137207 20.62299919128418
v 20.19096565246582 18.678964614868164 20.51659393310547
v 20.19669532775879 18.642789840698242 20.40688705444336
v 20.201025009155273 18.61545181274414 20.294588088989258
v 20.203927993774414 18.59712791442871 20.1804256439209
v 20.20538330078125 18.587934494018555 20.065141677856445
v 20.20538330078125 18.587934494018555 19.949480056762695
v 20.203927993774414 18.59712791442871 19.834196090698242
v 20.201025009155273 18.61545181274414 19.720033645629883
v 20.19669532775879 18.642789840698242 19.60773468017578
v 20.19096565246582 18.678964614868164 19.498027801513672
v 20.183874130249023 18.72374153137207 19.39162254333496
v 20.175464630126953 18.776830673217773 19.28921127319336
v 20.165794372558594 18.8378849029541 19.191455841064453
v 20.154926300048828 18.906511306762695 19.0989933013916
v 20.142927169799805 18.982263565063477 19.012420654296875
v 20.129878997802734 19.064651489257812 18.932300567626953
v 20.115863800048828 19.153139114379883 18.85915184020996
v 20.10097312927246 19.24715232849121 18.79344940185547
v 20.085304260253906 19.346084594726562 18.735618591308594
v 20.068958282470703 19.449291229248047 18.686037063598633
v 20.052040100097656 19.556102752685547 18.645023345947266
v 20.0346622467041 19.665828704833984 18.612844467163086
v 20.01693344116211 19.777755737304688 18.589710235595703
v 19.998971939086914 19.891159057617188 18.575767517089844
v 20.016605377197266 19.89539337158203 21.438854217529297
v 20.052085876464844 19.786195755004883 21.424911499023438
v 20.08710479736328 19.67841911315918 21.401777267456055
v 20.121435165405273 19.572763442993164 21.369598388671875
v 20.15485382080078 19.469911575317383 21.328584671020508
v 20.187143325805664 19.370532989501953 21.279003143310547
v 20.218095779418945 19.275272369384766 21.221172332763672
v 20.247509002685547 19.184743881225586 21.15546989440918
v 20.27519416809082 19.099538803100586 21.082321166992188
v 20.30097198486328 19.020206451416016 21.002201080322266
v 20.324670791625977 18.947263717651367 20.91562843322754
v 20.346141815185547 18.881183624267578 20.823165893554688
v 20.365245819091797 18.822391510009766 20.72541046142578
v 20.381855010986328 18.771272659301758 20.62299919128418
v 20.395864486694336 18.72815704345703 20.51659393310547
v 20.407182693481445 18.693323135375977 20.40688705444336
v 20.415735244750977 18.66699981689453 20.294588088989258
v 20.42146873474121 18.649354934692383 20.1804256439209
v 20.424345016479492 18.6405029296875 20.065141677856445
v 20.424345016479492 18.6405029296875 19.949480056762695
v 20.42146873474121 18.649354934692383 19.834196090698242
v 20.415735244750977 18.66699981689453 19.720033645629883
v 20.407182693481445 18.693323135375977 19.60773468017578
v 20.395864486694336 18.72815704345703 19.498027801513672
v 20.381855010986328 18.771272659301758 19.39162254333496
v 20.365245819091797 18.822391510009766 19.28921127319336
v 20.346141815185547 18.881183624267578 19.191455841064453
v 20.324670791625977 18.947263717651367 19.0989933013916
v 20.30097198486328 19.020206451416016 19.012420654296875
v 20.27519416809082 19.099538803100586 18.932300567626953
v 20.247509002685547 19.184743881225586 18.85915184020996
v 20.218095779418945 19.275272369384766 18.79344940185547
v 20.187143325805664 19.370532989501953 18.735618591308594
v 20.15485382080078 19.469911575317383 18.686037063598633
v 20.121435165405273 19.572763442993164 18.645023345947266
v 20.08710479736328 19.67841911315918 18.612844467163086
v 20.052085876464844 19.786195755004883 18.589710235595703
v 20.016605377197266 19.89539337158203 18.575767517089844
v 20.03335952758789 19.902332305908203 21.438854217529297
v 20.085485458374023 19.800029754638672 21.424911499023438
v 20.136932373046875 19.699058532714844 21.401777267456055
v 20.187368392944336 19.600074768066406 21.369598388671875
v 20.236465454101562 19.50371742248535 21.328584671020508
v 20.283903121948242 19.410614013671875 21.279003143310547
v 20.329376220703125 19.321365356445312 21.221172332763672
v 20.372591018676758 19.236555099487305 21.15546989440918
v 20.41326332092285 19.156728744506836 21.082321166992188
v 20.451133728027344 19.08240509033203 21.002201080322266
v 20.485952377319336 19.014068603515625 20.91562843322754
v 20.51749610900879 18.952159881591797 20.823165893554688
v 20.545560836791992 18.89708137512207 20.72541046142578
v 20.569963455200195 18.84918975830078 20.62299919128418
v 20.590543746948242 18.808795928955078 20.51659393310547
v 20.6071720123291 18.77616310119629 20.40688705444336
v 20.61973762512207 18.75149917602539 20.294588088989258
v 20.62816047668457 18.734968185424805 20.1804256439209
v 20.632387161254883 18.72667694091797 20.065141677856445
v 20.632387161254883 18.72667694091797 19.949480056762695
v 20.62816047668457 18.734968185424805 19.834196090698242
v 20.61973762512207 18.75149917602539 19.720033645629883
v 20.6071720123291 18.77616310119629 19.60773468017578
v 20.590543746948242 18.808795928955078 19.498027801513672
v 20.569963455200195 18.84918975830078 19.39162254333496
v 20.545560836791992 18.89708137512207 19.28921127319336
v 20.51749610900879 18.952159881591797 19.191455841064453
v 20.485952377319336 19.014068603515625 19.0989933013916
v 20.451133728027344 19.08240509033203 19.012420654296875
v 20.41326332092285 19.156728744506836 18.932300567626953
v 20.372591018676758 19.236555099487305 18.85915184020996
v 20.329376220703125 19.321365356445312 18.79344940185547
v 20.283903121948242 19.410614013671875 18.735618591308594
v 20.236465454101562 19.50371742248535 18.686037063598633
v 20.187368392944336 19.600074768066406 18.645023345947266
v 20.136932373046875 19.699058532714844 18.612844467163086
v 20.085485458374023 19.800029754638672 18.589710235595703
v 20.03335952758789 19.902332305908203 18.575767517089844
v 20.0488224029541 19.911808013916016 21.438854217529297
v 20.116310119628906 19.818918228149414 21.424911499023438
v 20.182918548583984 19.72723960876465 21.401777267456055
v 20.248218536376953 19.63736343383789 21.369598388671875
v 20.311782836914062 19.54987335205078 21.328584671020508
v 20.37320327758789 19.465335845947266 21.279003143310547
v 20.432077407836914 19.384300231933594 21.221172332763672
v 20.488027572631836 19.307292938232422 21.15546989440918
v 20.540687561035156 19.234813690185547 21.082321166992188
v 20.5897159576416 19.167329788208008 21.002201080322266
v 20.634798049926758 19.105281829833984 20.91562843322754
v 20.67563819885254 19.049068450927734 20.823165893554688
v 20.711973190307617 18.99905776977539 20.72541046142578
v 20.743566513061523 18.95557403564453 20.62299919128418
v 20.770214080810547 18.91889762878418 20.51659393310547
v 20.7917423248291 18.889266967773438 20.40688705444336
v 20.80801010131836 18.866872787475586 20.294588088989258
v 20.81891632080078 18.851863861083984 20.1804256439209
v 20.824386596679688 18.84433364868164 20.065141677856445
v 20.824386596679688 18.84433364868164 19.949480056762695
v 20.81891632080078 18.851863861083984 19.834196090698242
v 20.80801010131836 18.866872787475586 19.720033645629883
v 20.7917423248291 18.889266967773438 19.60773468017578
v 20.770214080810547 18.91889762878418 19.498027801513672
v 20.743566513061523 18.95557403564453 19.39162254333496
v 20.711973190307617 18.99905776977539 19.28921127319336
v 20.67563819885254 19.049068450927734 19.191455841064453
v 20.634798049926758 19.105281829833984 19.0989933013916
v 20.5897159576416 19.167329788208008 19.012420654296875
v 20.540687561035156 19.234813690185547 18.932300567626953
v 20.488027572631836 19.307292938232422 18.85915184020996
v 20.432077407836914 19.384300231933594 18.79344940185547
v 20.37320327758789 19.465335845947266 18.735618591308594
v 20.311782836914062 19.54987335205078 18.686037063598633
v 20.248218536376953 19.63736343383789 18.645023345947266
v 20.182918548583984 19.72723960876465 18.612844467163086
v 20.116310119628906 19.818918228149414 18.589710235595703
v 20.0488224029541 19.911808013916016 18.575767517089844
v 20.062612533569336 19.923583984375 21.438854217529297
v 20.143798828125 19.842397689819336 21.424911499023438
v 20.22393035888672 19.762266159057617 21.401777267456055
v 20.3024845123291 19.683712005615234 21.369598388671875
v 20.37895393371582 19.607242584228516 21.328584671020508
v 20.452842712402344 19.533353805541992 21.279003143310547
v 20.52366828918457 19.462528228759766 21.221172332763672
v 20.59097671508789 19.395219802856445 21.15546989440918
v 20.654325485229492 19.331871032714844 21.082321166992188
v 20.713308334350586 19.27288818359375 21.002201080322266
v 20.767541885375977 19.21865463256836 20.91562843322754
v 20.816673278808594 19.169523239135742 20.823165893554688
v 20.860383987426758 19.125812530517578 20.72541046142578
v 20.89838981628418 19.087806701660156 20.62299919128418
v 20.93044662475586 19.055749893188477 20.51659393310547
v 20.956344604492188 19.02985191345215 20.40688705444336
v 20.97591781616211 19.010278701782227 20.294588088989258
v 20.989036560058594 18.997159957885742 20.1804256439209
v 20.995616912841797 18.99057960510254 20.065141677856445
v 20.995616912841797 18.99057960510254 19.949480056762695
v 20.989036560058594 18.997159957885742 19.834196090698242
v 20.97591781616211 19.010278701782227 19.720033645629883
v 20.956344604492188 19.02985191345215 19.60773468017578
v 20.93044662475586 19.055749893188477 19.498027801513672
v 20.89838981628418 19.087806701660156 19.39162254333496
v 20.860383987426758 19.125812530517578 19.28921127319336
v 20.816673278808594 19.169523239135742 19.191455841064453
v 20.767541885375977 19.21865463256836 19.0989933013916
v 20.713308334350586 19.27288818359375 19.012420654296875
v 20.654325485229492 19.331871032714844 18.932300567626953
v 20.59097671508789 19.395219802856445 18.85915184020996
v 20.52366828918457 19.462528228759766 18.79344940185547
v 20.452842712402344 19.533353805541992 18.735618591308594
v 20.37895393371582 19.607242584228516 18.686037063598633
v 20.3024845123291 19.683712005615234 18.645023345947266
v 20.22393035888672 19.762266159057617 18.612844467163086
v 20.143798828125 19.842397689819336 18.589710235595703
v 20.062612533569336 19.923583984375 18.575767517089844
v 20.07438850402832 19.937374114990234 21.438854217529297
v 20.167278289794922 19.86988639831543 21.424911499023438
v 20.258956909179688 19.80327796936035 21.401777267456055
v 20.348833084106445 19.737977981567383 21.369598388671875
v 20.436323165893555 19.674413681030273 21.328584671020508
v 20.52086067199707 19.612993240356445 21.279003143310547
v 20.601896286010742 19.554119110107422 21.221172332763672
v 20.678903579711914 19.4981689453125 21.15546989440918
v 20.75138282775879 19.44550895690918 21.082321166992188
v 20.818866729736328 19.396480560302734 21.002201080322266
v 20.88091468811035 19.351398468017578 20.91562843322754
v 20.9371280670166 19.310558319091797 20.823165893554688
v 20.987136840820312 19.27422332763672 20.72541046142578
v 21.030622482299805 19.242630004882812 20.62299919128418
v 21.067298889160156 19.21598243713379 20.51659393310547
v 21.0969295501709 19.194454193115234 20.40688705444336
v 21.11932373046875 19.178186416625977 20.294588088989258
v 21.13433265686035 19.167280197143555 20.1804256439209
v 21.141862869262695 19.16180992126465 20.065141677856445
v 21.141862869262695 19.16180992126465 19.949480056762695
v 21.13433265686035 19.167280197143555 19.834196090698242
v 21.11932373046875 19.178186416625977 19.720033645629883
v 21.0969295501709 19.194454193115234 19.60773468017578
v 21.067298889160156 19.21598243713379 19.498027801513672
v 21.030622482299805 19.242630004882812 19.39162254333496
v 20.987136840820312 19.27422332763672 19.28921127319336
v 20.9371280670166 19.310558319091797 19.191455841064453
v 20.88091468811035 19.351398468017578 19.0989933013916
v 20.818866729736328 19.396480560302734 19.012420654296875
v 20.75138282775879 19.44550895690918 18.932300567626953
v 20.678903579711914 19.4981689453125 18.85915184020996
v 20.601896286010742 19.554119110107422 18.79344940185547
v 20.52086067199707 19.612993240356445 18.735618591308594
v 20.436323165893555 19.674413681030273 18.686037063598633
v 20.348833084106445 19.737977981567383 18.645023345947266
v 20.258956909179688 19.80327796936035 18.612844467163086
v 20.167278289794922 19.86988639831543 18.589710235595703
v 20.07438850402832 19.937374114990234 18.575767517089844
v 20.083864212036133 19.952836990356445 21.438854217529297
v 20.186166763305664 19.900711059570312 21.424911499023438
v 20.287137985229492 19.84926414489746 21.401777267456055
v 20.38612174987793 19.798828125 21.369598388671875
v 20.482479095458984 19.749731063842773 21.328584671020508
v 20.57558250427246 19.702293395996094 21.279003143310547
v 20.664831161499023 19.65682029724121 21.221172332763672
v 20.74964141845703 19.613605499267578 21.15546989440918
v 20.8294677734375 19.572933197021484 21.082321166992188
v 20.903791427612305 19.535062789916992 21.002201080322266
v 20.97212791442871 19.500244140625 20.91562843322754
v 21.03403663635254 19.468700408935547 20.823165893554688
v 21.089115142822266 19.440635681152344 20.72541046142578
v 21.137006759643555 19.41623306274414 20.62299919128418
v 21.177400588989258 19.395652770996094 20.51659393310547
v 21.210033416748047 19.379024505615234 20.40688705444336
v 21.234697341918945 19.366458892822266 20.294588088989258
v 21.25122833251953 19.358036041259766 20.1804256439209
v 21.259519577026367 19.353809356689453 20.065141677856445
v 21.259519577026367 19.353809356689453 19.949480056762695
v 21.25122833251953 19.358036041259766 19.834196090698242
v 21.234697341918945 19.366458892822266 19.720033645629883
v 21.210033416748047 19.379024505615234 19.60773468017578
v 21.177400588989258 19.395652770996094 19.498027801513672
v 21.137006759643555 19.41623306274414 19.39162254333496
v 21.089115142822266 19.440635681152344 19.28921127319336
v 21.03403663635254 19.468700408935547 19.191455841064453
v 20.97212791442871 19.500244140625 19.0989933013916
v 20.903791427612305 19.535062789916992 19.012420654296875
v 20.8294677734375 19.572933197021484 18.932300567626953
v 20.74964141845703 19.613605499267578 18.85915184020996
v 20.664831161499023 19.65682029724121 18.79344940185547
v 20.57558250427246 19.702293395996094 18.735618591308594
v 20.482479095458984 19.749731063842773 18.686037063598633
v 20.38612174987793 19.798828125 18.645023345947266
v 20.287137985229492 19.84926414489746 18.612844467163086
v 20.186166763305664 19.900711059570312 18.589710235595703
v 20.083864212036133 19.952836990356445 18.575767517089844
v 20.090803146362305 19.96959114074707 21.438854217529297
v 20.200000762939453 19.934110641479492 21.424911499023438
v 20.307777404785156 19.899091720581055 21.401777267456055
v 20.413433074951172 19.864761352539062 21.369598388671875
v 20.516284942626953 19.831344604492188 21.328584671020508
v 20.615663528442383 19.799053192138672 21.279003143310547
v 20.71092414855957 19.76810073852539 21.221172332763672
v 20.80145263671875 19.73868751525879 21.15546989440918
v 20.88665771484375 19.711002349853516 21.082321166992188
v 20.96599006652832 19.685224533081055 21.002201080322266
v 21.03893280029297 19.66152572631836 20.91562843322754
v 21.10501480102539 19.64005470275879 20.823165893554688
v 21.16380500793457 19.62095069885254 20.72541046142578
v 21.214923858642578 19.604341506958008 20.62299919128418
v 21.258039474487305 19.59033203125 20.51659393310547
v 21.29287338256836 19.57901382446289 20.40688705444336
v 21.319196701049805 19.57046127319336 20.294588088989258
v 21.336841583251953 19.564727783203125 20.1804256439209
v 21.345693588256836 19.561851501464844 20.065141677856445
v 21.345693588256836 19.561851501464844 19.949480056762695
v 21.336841583251953 19.564727783203125 19.834196090698242
v 21.319196701049805 19.57046127319336 19.720033645629883
v 21.29287338256836 19.57901382446289 19.60773468017578
v 21.258039474487305 19.59033203125 19.498027801513672
v 21.214923858642578 19.604341506958008 19.39162254333496
v 21.16380500793457 19.62095069885254 19.28921127319336
v 21.10501480102539 19.64005470275879 19.191455841064453
v 21.03893280029297 19.66152572631836 19.0989933013916
v 20.96599006652832 19.685224533081055 19.012420654296875
v 20.88665771484375 19.711002349853516 18.932300567626953
v 20.80145263671875 19.73868751525879 18.85915184020996
v 20.71092414855957 19.76810073852539 18.79344940185547
v 20.615663528442383 19.799053192138672 18.735618591308594
v 20.516284942626953 19.831344604492188 18.686037063598633
v 20.413433074951172 19.864761352539062 18.645023345947266
v 20.307777404785156 19.899091720581055 18.612844467163086
v 20.200000762939453 19.934110641479492 18.589710235595703
v 20.090803146362305 19.96959114074707 18.575767517089844
v 20.09503746032715 19.987224578857422 21.438854217529297
v 20.20844078063965 19.969263076782227 21.424911499023438
v 20.32036781311035 19.951534271240234 21.401777267456055
v 20.43009376525879 19.93415641784668 21.369598388671875
v 20.53690528869629 19.917238235473633 21.328584671020508
v 20.640111923217773 19.90089225769043 21.279003143310547
v 20.739044189453125 19.885223388671875 21.221172332763672
v 20.833057403564453 19.870332717895508 21.15546989440918
v 20.921545028686523 19.8563175201416 21.082321166992188
v 21.00393295288086 19.84326934814453 21.002201080322266
v 21.07968521118164 19.831270217895508 20.91562843322754
v 21.148311614990234 19.820402145385742 20.823165893554688
v 21.209365844726562 19.810731887817383 20.72541046142578
v 21.262454986572266 19.802322387695312 20.62299919128418
v 21.307231903076172 19.795230865478516 20.51659393310547
v 21.343406677246094 19.789501190185547 20.40688705444336
v 21.370744705200195 19.785171508789062 20.294588088989258
v 21.389068603515625 19.782268524169922 20.1804256439209
v 21.39826202392578 19.780813217163086 20.065141677856445
v 21.39826202392578 19.780813217163086 19.949480056762695
v 21.389068603515625 19.782268524169922 19.834196090698242
v 21.370744705200195 19.785171508789062 19.720033645629883
v 21.343406677246094 19.789501190185547 19.60773468017578
v 21.307231903076172 19.795230865478516 19.498027801513672
v 21.262454986572266 19.802322387695312 19.39162254333496
v 21.209365844726562 19.810731887817383 19.28921127319336
v 21.148311614990234 19.820402145385742 19.191455841064453
v 21.07968521118164 19.831270217895508 19.0989933013916
v 21.00393295288086 19.84326934814453 19.012420654296875
v 20.921545028686523 19.8563175201416 18.932300567626953
v 20.833057403564453 19.870332717895508 18.85915184020996
v 20.739044189453125 19.885223388671875 18.79344940185547
v 20.640111923217773 19.90089225769043 18.735618591308594
v 20.53690528869629 19.917238235473633 18.686037063598633
v 20.43009376525879 19.93415641784668 18.645023345947266
v 20.32036781311035 19.951534271240234 18.612844467163086
v 20.20844078063965 19.969263076782227 18.589710235595703
v 20.09503746032715 19.987224578857422 18.575767517089844
f 1 2 3
f 1 4 2
f 1 3 4
f 2 4 3
f 5 6 7
f 5 8 6
f 5 7 8
f 6 8 7
f 9 10 11
f 9 12 10
f 9 11 12
f 10 12 11
f 13 14 15
f 13 16 14
f 13 15 16
f 14 16 15
f 17 18 19
f 17 20 18
f 17 19 20
f 18 20 19
f 21 22 23
f 21 24 22
f 21 23 24
f 22 24 23
f 25 26 27
f 25 28 26
f 25 27 28
f 26 28 27
f 29 30 31
f 29 32 30
f 29 31 32
f 30 32 31
f 33 34 35
f 33 36 34
f 33 35 36
f 34 36 35
f 37 38 39
f 37 40 38
f 37 39 40
f 38 40 39
f 41 42 43
f 41 44 42
f 41 43 44
f 42 44 43
f 45 46 47
f 45 48 46
f 45 47 48
f 46 48 47
f 49 50 51
f 49 52 50
f 49 51 52
f 50 52 51
f 53 54 55
f 53 56 54
f 53 55 56
f 54 56 55
f 57 58 59
f 57 60 58
f 57 59 60
f 58 60 59
f 61 62 63
f 61 64 62
f 61 63 64
f 62 64 63
f 65 66 67
f 65 68 66
f 65 67 68
f 66 68 67
f 69 70 71
f 69 72 70
f 69 71 72
f 70 72 71
f 73 74 75
f 73 11 74
f 73 75 11
f 74 11 75
f 76 77 78
f 76 11 77
f 76 78 11
f 77 11 78
f 79 80 81
f 79 82 80
f 79 81 82
f 80 82 81
f 83 84 85
f 83 86 84
f 83 85 86
f 84 86 85
f 87 88 89
f 87 90 88
f 87 89 90
f 88 90 89
f 91 92 93
f 91 94 92
f 91 93 94
f 92 94 93
f 95 96 97
f 95 98 96
f 95 97 98
f 96 98 97
f 99 100 101
f 99 102 100
f 99 101 102
f 100 102 101
f 103 104 105
f 103 106 104
f 103 105 106
f 104 106 105
f 107 20 17
f 107 19 20
f 107 17 19
f 20 19 17
f 108 109 110
f 108 111 109
f 108 110 111
f 109 111 110
f 112 113 114
f 112 115 113
f 112 114 115
f 113 115 114
f 116 117 118
f 116 119 117
f 116 118 119
f 117 119 118
f 120 121 122
f 120 123 121
f 120 122 123
f 121 123 122
f 124 125 126
f 124 127 125
f 124 126 127
f 125 127 126
f 128 129 130
f 128 131 129
f 128 130 131
f 129 131 130
f 132 133 134
f 132 135 133
f 132 134 135
f 133 135 134
f 136 137 138
f 136 139 137
f 136 138 139
f 137 139 138
f 140 141 142
f 140 143 141
f 140 142 143
f 141 143 142
f 144 145 146
f 144 147 145
f 144 146 147
f 145 147 146
f 148 149 150
f 148 151 149
f 148 150 151
f 149 151 150
f 152 153 154
f 152 155 153
f 152 154 155
f 153 155 154
f 156 157 158
f 156 159 157
f 156 158 159
f 157 159 158
f 160 161 162
f 160 163 161
f 160 162 163
f 161 163 162
f 164 31 165
f 164 166 31
f 164 165 166
f 31 166 165
f 167 168 169
f 167 170 168
f 167 169 170
f 168 170 169
f 171 172 173
f 171 174 172
f 171 173 174
f 172 174 173
f 175 176 177
f 175 178 176
f 175 177 178
f 176 178 177
f 179 11 180
f 179 181 11
f 179 180 181
f 11 181 180
f 182 183 184
f 182 185 183
f 182 184 185
f 183 185 184
f 186 187 188
f 186 189 187
f 186 188 189
f 187 189 188
f 190 191 192
f 190 193 191
f 190 192 193
f 191 193 192
f 194 195 196
f 194 197 195
f 194 196 197
f 195 197 196
f 198 199 200
f 198 201 199
f 198 200 201
f 199 201 200
f 202 203 204
f 202 205 203
f 202 204 205
f 203 205 204
f 206 207 208
f 206 209 207
f 206 208 209
f 207 209 208
f 210 211 212
f 210 213 211
f 210 212 213
f 211 213 212
f 192 191 214
f 192 215 191
f 192 214 215
f 191 215 214
f 216 217 218
f 216 219 217
f 216 218 219
f 217 219 218
f 220 221 222
f 220 223 221
f 220 222 223
f 221 223 222
f 224 225 11
f 224 226 225
f 224 11 226
f 225 226 11
f 227 228 229
f 227 230 228
f 227 229 230
f 228 230 229
f 231 232 233
f 231 234 232
f 231 233 234
f 232 234 233
f 235 236 237
f 235 238 236
f 235 237 238
f 236 238 237
f 239 240 241
f 239 242 240
f 239 241 242
f 240 242 241
f 243 244 245
f 243 246 244
f 243 245 246
f 244 246 245
f 247 248 249
f 247 250 248
f 247 249 250
f 248 250 249
f 251 252 253
f 251 254 252
f 251 253 254
f 252 254 253
f 255 256 257
f 255 258 256
f 255 257 258
f 256 258 257
f 259 260 261
f 259 262 260
f 259 261 262
f 260 262 261
f 263 264 265
f 263 266 264
f 263 265 266
f 264 266 265
f 267 268 269
f 267 270 268
f 267 269 270
f 268 270 269
f 273 311 271
f 311 349 271
f 349 387 271
f 387 425 271
f 425 463 271
f 463 501 271
f 501 539 271
f 539 577 271
f 577 615 271
f 615 653 271
f 653 691 271
f 691 729 271
f 729 767 271
f 767 805 271
f 805 843 271
f 843 881 271
f 881 919 271
f 919 957 271
f 957 995 271
f 995 1033 271
f 1033 1071 271
f 1071 1109 271
f 1109 1147 271
f 1147 1185 271
f 1185 1223 271
f 1223 1261 271
f 1261 1299 271
f 1299 1337 271
f 1337 1375 271
f 1375 1413 271
f 1413 1451 271
f 1451 1489 271
f 1489 1527 271
f 1527 1565 271
f 1565 1603 271
f 1603 1641 271
f 1641 1679 271
f 1679 1717 271
f 1717 1755 271
f 1755 273 271
f 310 272 348
f 348 272 386
f 386 272 424
f 424 272 462
f 462 272 500
f 500 272 538
f 538 272 576
f 576 272 614
f 614 272 652
f 652 272 690
f 690 272 728
f 728 272 766
f 766 272 804
f 804 272 842
f 842 272 880
f 880 272 918
f 918 272 956
f 956 272 994
f 994 272 1032
f 1032 272 1070
f 1070 272 1108
f 1108 272 1146
f 1146 272 1184
f 1184 272 1222
f 1222 272 1260
f 1260 272 1298
f 1298 272 1336
f 1336 272 1374
f 1374 272 1412
f 1412 272 1450
f 1450 272 1488
f 1488 272 1526
f 1526 272 1564
f 1564 272 1602
f 1602 272 1640
f 1640 272 1678
f 1678 272 1716
f 1716 272 1754
f 1754 272 1792
f 1792 272 310
f 273 274 312
f 273 312 311
f 274 275 313
f 274 313 312
f 275 276 314
f 275 314 313
f 276 277 315
f 276 315 314
f 277 278 316
f 277 316 315
f 278 279 317
f 278 317 316
f 279 280 318
f 279 318 317
f 280 281 319
f 280 319 318
f 281 282 320
f 281 320 319
f 282 283 321
f 282 321 320
f 283 284 322
f 283 322 321
f 284 285 323
f 284 323 322
f 285 286 324
f 285 324 323
f 286 287 325
f 286 325 324
f 287 288 326
f 287 326 325
f 288 289 327
f 288 327 326
f 289 290 328
f 289 328 327
f 290 291 329
f 290 329 328
f 291 292 330
f 291 330 329
f 292 293 331
f 292 331 330
f 293 294 332
f 293 332 331
f 294 295 333
f 294 333 332
f 295 296 334
f 295 334 333
f 296 297 335
f 296 335 334
f 297 298 336
f 297 336 335
f 298 299 337
f 298 337 336
f 299 300 338
f 299 338 337
f 300 301 339
f 300 339 338
f 301 302 340
f 301 340 339
f 302 303 341
f 302 341 340
f 303 304 342
f 303 342 341
f 304 305 343
f 304 343 342
f 305 306 344
f 305 344 343
f 306 307 345
f 306 345 344
f 307 308 346
f 307 346 345
f 308 309 347
f 308 347 346
f 309 310 348
f 309 348 347
f 311 312 350
f 311 350 349
f 312 313 351
f 312 351 350
f 313 314 352
f 313 352 351
f 314 315 353
f 314 353 352
f 315 316 354
f 315 354 353
f 316 317 355
f 316 355 354
f 317 318 356
f 317 356 355
f 318 319 357
f 318 357 356
f 319 320 358
f 319 358 357
f 320 321 359
f 320 359 358
f 321 322 360
f 321 360 359
f 322 323 361
f 322 361 360
f 323 324 362
f 323 362 361
f 324 325 363
f 324 363 362
f 325 326 364
f 325 364 363
f 326 327 365
f 326 365 364
f 327 328 366
f 327 366 365
f 328 329 367
f 328 367 366
f 329 330 368
f 329 368 367
f 330 331 369
f 330 369 368
f 331 332 370
f 331 370 369
f 332 333 371
f 332 371 370
f 333 334 372
f 333 372 371
f 334 335 373
f 334 373 372
f 335 336 374
f 335 374 373
f 336 337 375
f 336 375 374
f 337 338 376
f 337 376 375
f 338 339 377
f 338 377 376
f 339 340 378
f 339 378 377
f 340 341 379
f 340 379 378
f 341 342 380
f 341 380 379
f 342 343 381
f 342 381 380
f 343 344 382
f 343 382 381
f 344 345 383
f 344 383 382
f 345 346 384
f 345 384 383
f 346 347 385
f 346 385 384
f 347 348 386
f 347 386 385
f 349 350 388
f 349 388 387
f 350 351 389
f 350 389 388
f 351 352 390
f 351 390 389
f 352 353 391
f 352 391 390
f 353 354 392
f 353 392 391
f 354 355 393
f 354 393 392
f 355 356 394
f 355 394 393
f 356 357 395
f 356 395 394
f 357 358 396
f 357 396 395
f 358 359 397
f 358 397 396
f 359 360 398
f 359 398 397
f 360 361 399
f 360 399 398
f 361 362 400
f 361 400 399
f 362 363 401
f 362 401 400
f 363 364 402
f 363 402 401
f 364 365 403
f 364 403 402
f 365 366 404
f 365 404 403
f 366 367 405
f 366 405 404
f 367 368 406
f 367 406 405
f 368 369 407
f 368 407 406
f 369 370 408
f 369 408 407
f 370 371 409
f 370 409 408
f 371 372 410
f 371 410 409
f 372 373 411
f 372 411 410
f 373 374 412
f 373 412 411
f 374 375 413
f 374 413 412
f 375 376 414
f 375 414 413
f 376 377 415
f 376 415 414
f 377 378 416
f 377 416 415
f 378 379 417
f 378 417 416
f 379 380 418
f 379 418 417
f 380 381 419
f 380 419 418
f 381 382 420
f 381 420 419
f 382 383 421
f 382 421 420
f 383 384 422
f 383 422 421
f 384 385 423
f 384 423 422
f 385 386 424
f 385 424 423
f 387 388 426
f 387 426 425
f 388 389 427
f 388 427 426
f 389 390 428
f 389 428 427
f 390 391 429
f 390 429 428
f 391 392 430
f 391 430 429
f 392 393 431
f 392 431 430
f 393 394 432
f 393 432 431
f 394 395 433
f 394 433 432
f 395 396 434
f 395 434 433
f 396 397 435
f 396 435 434
f 397 398 436
f 397 436 435
f 398 399 437
f 398 437 436
f 399 400 438
f 399 438 437
f 400 401 439
f 400 439 438
f 401 402 440
f 401 440 439
f 402 403 441
f 402 441 440
f 403 404 442
f 403 442 441
f 404 405 443
f 404 443 442
f 405 406 444
f 405 444 443
f 406 407 445
f 406 445 444
f 407 408 446
f 407 446 445
f 408 409 447
f 408 447 446
f 409 410 448
f 409 448 447
f 410 411 449
f 410 449 448
f 411 412 450
f 411 450 449
f 412 413 451
f 412 451 450
f 413 414 452
f 413 452 451
f 414 415 453
f 414 453 452
f 415 416 454
f 415 454 453
f 416 417 455
f 416 455 454
f 417 418 456
f 417 456 455
f 418 419 457
f 418 457 456
f 419 420 458
f 419 458 457
f 420 421 459
f 420 459 458
f 421 422 460
f 421 460 459
f 422 423 461
f 422 461 460
f 423 424 462
f 423 462 461
f 425 426 464
f 425 464 463
f 426 427 465
f 426 465 464
f 427 428 466
f 427 466 465
f 428 429 467
f 428 467 466
f 429 430 468
f 429 468 467
f 430 431 469
f 430 469 468
f 431 432 470
f 431 470 469
f 432 433 471
f 432 471 470
f 433 434 472
f 433 472 471
f 434 435 473
f 434 473 472
f 435 436 474
f 435 474 473
f 436 437 475
f 436 475 474
f 437 438 476
f 437 476 475
f 438 439 477
f 438 477 476
f 439 440 478
f 439 478 477
f 440 441 479
f 440 479 478
f 441 442 480
f 441 480 479
f 442 443 481
f 442 481 480
f 443 444 482
f 443 482 481
f 444 445 483
f 444 483 482
f 445 446 484
f 445 484 483
f 446 447 485
f 446 485 484
f 447 448 486
f 447 486 485
f 448 449 487
f 448 487 486
f 449 450 488
f 449 488 487
f 450 451 489
f 450 489 488
f 451 452 490
f 451 490 489
f 452 453 491
f 452 491 490
f 453 454 492
f 453 492 491
f 454 455 493
f 454 493 492
f 455 456 494
f 455 494 493
f 456 457 495
f 456 495 494
f 457 458 496
f 457 496 495
f 458 459 497
f 458 497 496
f 459 460 498
f 459 498 497
f 460 461 499
f 460 499 498
f 461 462 500
f 461 500 499
f 463 464 502
f 463 502 501
f 464 465 503
f 464 503 502
f 465 466 504
f 465 504 503
f 466 467 505
f 466 505 504
f 467 468 506
f 467 506 505
f 468 469 507
f 468 507 506
f 469 470 508
f 469 508 507
f 470 471 509
f 470 509 508
f 471 472 510
f 471 510 509
f 472 473 511
f 472 511 510
f 473 474 512
f 473 512 511
f 474 475 513
f 474 513 512
f 475 476 514
f 475 514 513
f 476 477 515
f 476 515 514
f 477 478 516
f 477 516 515
f 478 479 517
f 478 517 516
f 479 480 518
f 479 518 517
f 480 481 519
f 480 519 518
f 481 482 520
f 481 520 519
f 482 483 521
f 482 521 520
f 483 484 522
f 483 522 521
f 484 485 523
f 484 523 522
f 485 486 524
f 485 524 523
f 486 487 525
f 486 525 524
f 487 488 526
f 487 526 525
f 488 489 527
f 488 527 526
f 489 490 528
f 489 528 527
f 490 491 529
f 490 529 528
f 491 492 530
f 491 530 529
f 492 493 531
f 492 531 530
f 493 494 532
f 493 532 531
f 494 495 533
f 494 533 532
f 495 496 534
f 495 534 533
f 496 497 535
f 496 535 534
f 497 498 536
f 497 536 535
f 498 499 537
f 498 537 536
f 499 500 538
f 499 538 537
f 501 502 540
f 501 540 539
f 502 503 541
f 502 541 540
f 503 504 542
f 503 542 541
f 504 505 543
f 504 543 542
f 505 506 544
f 505 544 543
f 506 507 545
f 506 545 544
f 507 508 546
f 507 546 545
f 508 509 547
f 508 547 546
f 509 510 548
f 509 548 547
f 510 511 549
f 510 549 548
f 511 512 550
f 511 550 549
f 512 513 551
f 512 551 550
f 513 514 552
f 513 552 551
f 514 515 553
f 514 553 552
f 515 516 554
f 515 554 553
f 516 517 555
f 516 555 554
f 517 518 556
f 517 556 555
f 518 519 557
f 518 557 556
f 519 520 558
f 519 558 557
f 520 521 559
f 520 559 558
f 521 522 560
f 521 560 559
f 522 523 561
f 522 561 560
f 523 524 562
f 523 562 561
f 524 525 563
f 524 563 562
f 525 526 564
f 525 564 563
f 526 527 565
f 526 565 564
f 527 528 566
f 527 566 565
f 528 529 567
f 528 567 566
f 529 530 568
f 529 568 567
f 530 531 569
f 530 569 568
f 531 532 570
f 531 570 569
f 532 533 571
f 532 571 570
f 533 534 572
f 533 572 571
f 534 535 573
f 534 573 572
f 535 536 574
f 535 574 573
f 536 537 575
f 536 575 574
f 537 538 576
f 537 576 575
f 539 540 578
f 539 578 577
f 540 541 579
f 540 579 578
f 541 542 580
f 541 580 579
f 542 543 581
f 542 581 580
f 543 544 582
f 543 582 581
f 544 545 583
f 544 583 582
f 545 546 584
f 545 584 583
f 546 547 585
f 546 585 584
f 547 548 586
f 547 586 585
f 548 549 587
f 548 587 586
f 549 550 588
f 549 588 587
f 550 551 589
f 550 589 588
f 551 552 590
f 551 590 589
f 552 553 591
f 552 591 590
f 553 554 592
f 553 592 591
f 554 555 593
f 554 593 592
f 555 556 594
f 555 594 593
f 556 557 595
f 556 595 594
f 557 558 596
f 557 596 595
f 558 559 597
f 558 597 596
f 559 560 598
f 559 598 597
f 560 561 599
f 560 599 598
f 561 562 600
f 561 600 599
f 562 563 601
f 562 601 600
f 563 564 602
f 563 602 601
f 564 565 603
f 564 603 602
f 565 566 604
f 565 604 603
f 566 567 605
f 566 605 604
f 567 568 606
f 567 606 605
f 568 569 607
f 568 607 606
f 569 570 608
f 569 608 607
f 570 571 609
f 570 609 608
f 571 572 610
f 571 610 609
f 572 573 611
f 572 611 610
f 573 574 612
f 573 612 611
f 574 575 613
f 574 613 612
f 575 576 614
f 575 614 613
f 577 578 616
f 577 616 615
f 578 579 617
f 578 617 616
f 579 580 618
f 579 618 617
f 580 581 619
f 580 619 618
f 581 582 620
f 581 620 619
f 582 583 621
f 582 621 620
f 583 584 622
f 583 622 621
f 584 585 623
f 584 623 622
f 585 586 624
f 585 624 623
f 586 587 625
f 586 625 624
f 587 588 626
f 587 626 625
f 588 589 627
f 588 627 626
f 589 590 628
f 589 628 627
f 590 591 629
f 590 629 628
f 591 592 630
f 591 630 629
f 592 593 631
f 592 631 630
f 593 594 632
f 593 632 631
f 594 595 633
f 594 633 632
f 595 596 634
f 595 634 633
f 596 597 635
f 596 635 634
f 597 598 636
f 597 636 635
f 598 599 637
f 598 637 636
f 599 600 638
f 599 638 637
f 600 601 639
f 600 639 638
f 601 602 640
f 601 640 639
f 602 603 641
f 602 641 640
f 603 604 642
f 603 642 641
f 604 605 643
f 604 643 642
f 605 606 644
f 605 644 643
f 606 607 645
f 606 645 644
f 607 608 646
f 607 646 645
f 608 609 647
f 608 647 646
f 609 610 648
f 609 648 647
f 610 611 649
f 610 649 648
f 611 612 650
f 611 650 649
f 612 613 651
f 612 651 650
f 613 614 652
f 613 652 651
f 615 616 654
f 615 654 653
f 616 617 655
f 616 655 654
f 617 618 656
f 617 656 655
f 618 619 657
f 618 657 656
f 619 620 658
f 619 658 657
f 620 621 659
f 620 659 658
f 621 622 660
f 621 660 659
f 622 623 661
f 622 661 660
f 623 624 662
f 623 662 661
f 624 625 663
f 624 663 662
f 625 626 664
f 625 664 663
f 626 627 665
f 626 665 664
f 627 628 666
f 627 666 665
f 628 629 667
f 628 667 666
f 629 630 668
f 629 668 667
f 630 631 669
f 630 669 668
f 631 632 670
f 631 670 669
f 632 633 671
f 632 671 670
f 633 634 672
f 633 672 671
f 634 635 673
f 634 673 672
f 635 636 674
f 635 674 673
f 636 637 675
f 636 675 674
f 637 638 676
f 637 676 675
f 638 639 677
f 638 677 676
f 639 640 678
f 639 678 677
f 640 641 679
f 640 679 678
f 641 642 680
f 641 680 679
f 642 643 681
f 642 681 680
f 643 644 682
f 643 682 681
f 644 645 683
f 644 683 682
f 645 646 684
f 645 684 683
f 646 647 685
f 646 685 684
f 647 648 686
f 647 686 685
f 648 649 687
f 648 687 686
f 649 650 688
f 649 688 687
f 650 651 689
f 650 689 688
f 651 652 690
f 651 690 689
f 653 654 692
f 653 692 691
f 654 655 693
f 654 693 692
f 655 656 694
f 655 694 693
f 656 657 695
f 656 695 694
f 657 658 696
f 657 696 695
f 658 659 697
f 658 697 696
f 659 660 698
f 659 698 697
f 660 661 699
f 660 699 698
f 661 662 700
f 661 700 699
f 662 663 701
f 662 701 700
f 663 664 702
f 663 702 701
f 664 665 703
f 664 703 702
f 665 666 704
f 665 704 703
f 666 667 705
f 666 705 704
f 667 668 706
f 667 706 705
f 668 669 707
f 668 707 706
f 669 670 708
f 669 708 707
f 670 671 709
f 670 709 708
f 671 672 710
f 671 710 709
f 672 673 711
f 672 711 710
f 673 674 712
f 673 712 711
f 674 675 713
f 674 713 712
f 675 676 714
f 675 714 713
f 676 677 715
f 676 715 714
f 677 678 716
f 677 716 715
f 678 679 717
f 678 717 716
f 679 680 718
f 679 718 717
f 680 681 719
f 680 719 718
f 681 682 720
f 681 720 719
f 682 683 721
f 682 721 720
f 683 684 722
f 683 722 721
f 684 685 723
f 684 723 722
f 685 686 724
f 685 724 723
f 686 687 725
f 686 725 724
f 687 688 726
f 687 726 725
f 688 689 727
f 688 727 726
f 689 690 728
f 689 728 727
f 691 692 730
f 691 730 729
f 692 693 731
f 692 731 730
f 693 694 732
f 693 732 731
f 694 695 733
f 694 733 732
f 695 696 734
f 695 734 733
f 696 697 735
f 696 735 734
f 697 698 736
f 697 736 735
f 698 699 737
f 698 737 736
f 699 700 738
f 699 738 737
f 700 701 739
f 700 739 738
f 701 702 740
f 701 740 739
f 702 703 741
f 702 741 740
f 703 704 742
f 703 742 741
f 704 705 743
f 704 743 742
f 705 706 744
f 705 744 743
f 706 707 745
f 706 745 744
f 707 708 746
f 707 746 745
f 708 709 747
f 708 747 746
f 709 710 748
f 709 748 747
f 710 711 749
f 710 749 748
f 711 712 750
f 711 750 749
f 712 713 751
f 712 751 750
f 713 714 752
f 713 752 751
f 714 715 753
f 714 753 752
f 715 716 754
f 715 754 753
f 716 717 755
f 716 755 754
f 717 718 756
f 717 756 755
f 718 719 757
f 718 757 756
f 719 720 758
f 719 758 757
f 720 721 759
f 720 759 758
f 721 722 760
f 721 760 759
f 722 723 761
f 722 761 760
f 723 724 762
f 723 762 761
f 724 725 763
f 724 763 762
f 725 726 764
f 725 764 763
f 726 727 765
f 726 765 764
f 727 728 766
f 727 766 765
f 729 730 768
f 729 768 767
f 730 731 769
f 730 769 768
f 731 732 770
f 731 770 769
f 732 733 771
f 732 771 770
f 733 734 772
f 733 772 771
f 734 735 773
f 734 773 772
f 735 736 774
f 735 774 773
f 736 737 775
f 736 775 774
f 737 738 776
f 737 776 775
f 738 739 777
f 738 777 776
f 739 740 778
f 739 778 777
f 740 741 779
f 740 779 778
f 741 742 780
f 741 780 779
f 742 743 781
f 742 781 780
f 743 744 782
f 743 782 781
f 744 745 783
f 744 783 782
f 745 746 784
f 745 784 783
f 746 747 785
f 746 785 784
f 747 748 786
f 747 786 785
f 748 749 787
f 748 787 786
f 749 750 788
f 749 788 787
f 750 751 789
f 750 789 788
f 751 752 790
f 751 790 789
f 752 753 791
f 752 791 790
f 753 754 792
f 753 792 791
f 754 755 793
f 754 793 792
f 755 756 794
f 755 794 793
f 756 757 795
f 756 795 794
f 757 758 796
f 757 796 795
f 758 759 797
f 758 797 796
f 759 760 798
f 759 798 797
f 760 761 799
f 760 799 798
f 761 762 800
f 761 800 799
f 762 763 801
f 762 801 800
f 763 764 802
f 763 802 801
f 764 765 803
f 764 803 802
f 765 766 804
f 765 804 803
f 767 768 806
f 767 806 805
f 768 769 807
f 768 807 806
f 769 770 808
f 769 808 807
f 770 771 809
f 770 809 808
f 771 772 810
f 771 810 809
f 772 773 811
f 772 811 810
f 773 774 812
f 773 812 811
f 774 775 813
f 774 813 812
f 775 776 814
f 775 814 813
f 776 777 815
f 776 815 814
f 777 778 816
f 777 816 815
f 778 779 817
f 778 817 816
f 779 780 818
f 779 818 817
f 780 781 819
f 780 819 818
f 781 782 820
f 781 820 819
f 782 783 821
f 782 821 820
f 783 784 822
f 783 822 821
f 784 785 823
f 784 823 822
f 785 786 824
f 785 824 823
f 786 787 825
f 786 825 824
f 787 788 826
f 787 826 825
f 788 789 827
f 788 827 826
f 789 790 828
f 789 828 827
f 790 791 829
f 790 829 828
f 791 792 830
f 791 830 829
f 792 793 831
f 792 831 830
f 793 794 832
f 793 832 831
f 794 795 833
f 794 833 832
f 795 796 834
f 795 834 833
f 796 797 835
f 796 835 834
f 797 798 836
f 797 836 835
f 798 799 837
f 798 837 836
f 799 800 838
f 799 838 837
f 800 801 839
f 800 839 838
f 801 802 840
f 801 840 839
f 802 803 841
f 802 841 840
f 803 804 842
f 803 842 841
f 805 806 844
f 805 844 843
f 806 807 845
f 806 845 844
f 807 808 846
f 807 846 845
f 808 809 847
f 808 847 846
f 809 810 848
f 809 848 847
f 810 811 849
f 810 849 848
f 811 812 850
f 811 850 849
f 812 813 851
f 812 851 850
f 813 814 852
f 813 852 851
f 814 815 853
f 814 853 852
f 815 816 854
f 815 854 853
f 816 817 855
f 816 855 854
f 817 818 856
f 817 856 855
f 818 819 857
f 818 857 856
f 819 820 858
f 819 858 857
f 820 821 859
f 820 859 858
f 821 822 860
f 821 860 859
f 822 823 861
f 822 861 860
f 823 824 862
f 823 862 861
f 824 825 863
f 824 863 862
f 825 826 864
f 825 864 863
f 826 827 865
f 826 865 864
f 827 828 866
f 827 866 865
f 828 829 867
f 828 867 866
f 829 830 868
f 829 868 867
f 830 831 869
f 830 869 868
f 831 832 870
f 831 870 869
f 832 833 871
f 832 871 870
f 833 834 872
f 833 872 871
f 834 835 873
f 834 873 872
f 835 836 874
f 835 874 873
f 836 837 875
f 836 875 874
f 837 838 876
f 837 876 875
f 838 839 877
f 838 877 876
f 839 840 878
f 839 878 877
f 840 841 879
f 840 879 878
f 841 842 880
f 841 880 879
f 843 844 882
f 843 882 881
f 844 845 883
f 844 883 882
f 845 846 884
f 845 884 883
f 846 847 885
f 846 885 884
f 847 848 886
f 847 886 885
f 848 849 887
f 848 887 886
f 849 850 888
f 849 888 887
f 850 851 889
f 850 889 888
f 851 852 890
f 851 890 889
f 852 853 891
f 852 891 890
f 853 854 892
f 853 892 891
f 854 855 893
f 854 893 892
f 855 856 894
f 855 894 893
f 856 857 895
f 856 895 894
f 857 858 896
f 857 896 895
f 858 859 897
f 858 897 896
f 859 860 898
f 859 898 897
f 860 861 899
f 860 899 898
f 861 862 900
f 861 900 899
f 862 863 901
f 862 901 900
f 863 864 902
f 863 902 901
f 864 865 903
f 864 903 902
f 865 866 904
f 865 904 903
f 866 867 905
f 866 905 904
f 867 868 906
f 867 906 905
f 868 869 907
f 868 907 906
f 869 870 908
f 869 908 907
f 870 871 909
f 870 909 908
f 871 872 910
f 871 910 909
f 872 873 911
f 872 911 910
f 873 874 912
f 873 912 911
f 874 875 913
f 874 913 912
f 875 876 914
f 875 914 913
f 876 877 915
f 876 915 914
f 877 878 916
f 877 916 915
f 878 879 917
f 878 917 916
f 879 880 918
f 879 918 917
f 881 882 920
f 881 920 919
f 882 883 921
f 882 921 920
f 883 884 922
f 883 922 921
f 884 885 923
f 884 923 922
f 885 886 924
f 885 924 923
f 886 887 925
f 886 925 924
f 887 888 926
f 887 926 925
f 888 889 927
f 888 927 926
f 889 890 928
f 889 928 927
f 890 891 929
f 890 929 928
f 891 892 930
f 891 930 929
f 892 893 931
f 892 931 930
f 893 894 932
f 893 932 931
f 894 895 933
f 894 933 932
f 895 896 934
f 895 934 933
f 896 897 935
f 896 935 934
f 897 898 936
f 897 936 935
f 898 899 937
f 898 937 936
f 899 900 938
f 899 938 937
f 900 901 939
f 900 939 938
f 901 902 940
f 901 940 939
f 902 903 941
f 902 941 940
f 903 904 942
f 903 942 941
f 904 905 943
f 904 943 942
f 905 906 944
f 905 944 943
f 906 907 945
f 906 945 944
f 907 908 946
f 907 946 945
f 908 909 947
f 908 947 946
f 909 910 948
f 909 948 947
f 910 911 949
f 910 949 948
f 911 912 950
f 911 950 949
f 912 913 951
f 912 951 950
f 913 914 952
f 913 952 951
f 914 915 953
f 914 953 952
f 915 916 954
f 915 954 953
f 916 917 955
f 916 955 954
f 917 918 956
f 917 956 955
f 919 920 958
f 919 958 957
f 920 921 959
f 920 959 958
f 921 922 960
f 921 960 959
f 922 923 961
f 922 961 960
f 923 924 962
f 923 962 961
f 924 925 963
f 924 963 962
f 925 926 964
f 925 964 963
f 926 927 965
f 926 965 964
f 927 928 966
f 927 966 965
f 928 929 967
f 928 967 966
f 929 930 968
f 929 968 967
f 930 931 969
f 930 969 968
f 931 932 970
f 931 970 969
f 932 933 971
f 932 971 970
f 933 934 972
f 933 972 971
f 934 935 973
f 934 973 972
f 935 936 974
f 935 974 973
f 936 937 975
f 936 975 974
f 937 938 976
f 937 976 975
f 938 939 977
f 938 977 976
f 939 940 978
f 939 978 977
f 940 941 979
f 940 979 978
f 941 942 980
f 941 980 979
f 942 943 981
f 942 981 980
f 943 944 982
f 943 982 981
f 944 945 983
f 944 983 982
f 945 946 984
f 945 984 983
f 946 947 985
f 946 985 984
f 947 948 986
f 947 986 985
f 948 949 987
f 948 987 986
f 949 950 988
f 949 988 987
f 950 951 989
f 950 989 988
f 951 952 990
f 951 990 989
f 952 953 991
f 952 991 990
f 953 954 992
f 953 992 991
f 954 955 993
f 954 993 992
f 955 956 994
f 955 994 993
f 957 958 996
f 957 996 995
f 958 959 997
f 958 997 996
f 959 960 998
f 959 998 997
f 960 961 999
f 960 999 998
f 961 962 1000
f 961 1000 999
f 962 963 1001
f 962 1001 1000
f 963 964 1002
f 963 1002 1001
f 964 965 1003
f 964 1003 1002
f 965 966 1004
f 965 1004 1003
f 966 967 1005
f 966 1005 1004
f 967 968 1006
f 967 1006 1005
f 968 969 1007
f 968 1007 1006
f 969 970 1008
f 969 1008 1007
f 970 971 1009
f 970 1009 1008
f 971 972 1010
f 971 1010 1009
f 972 973 1011
f 972 1011 1010
f 973 974 1012
f 973 1012 1011
f 974 975 1013
f 974 1013 1012
f 975 976 1014
f 975 1014 1013
f 976 977 1015
f 976 1015 1014
f 977 978 1016
f 977 1016 1015
f 978 979 1017
f 978 1017 1016
f 979 980 1018
f 979 1018 1017
f 980 981 1019
f 980 1019 1018
f 981 982 1020
f 981 1020 1019
f 982 983 1021
f 982 1021 1020
f 983 984 1022
f 983 1022 1021
f 984 985 1023
f 984 1023 1022
f 985 986 1024
f 985 1024 1023
f 986 987 1025
f 986 1025 1024
f 987 988 1026
f 987 1026 1025
f 988 989 1027
f 988 1027 1026
f 989 990 1028
f 989 1028 1027
f 990 991 1029
f 990 1029 1028
f 991 992 1030
f 991 1030 1029
f 992 993 1031
f 992 1031 1030
f 993 994 1032
f 993 1032 1031
f 995 996 1034
f 995 1034 1033
f 996 997 1035
f 996 1035 1034
f 997 998 1036
f 997 1036 1035
f 998 999 1037
f 998 1037 1036
f 999 1000 1038
f 999 1038 1037
f 1000 1001 1039
f 1000 1039 1038
f 1001 1002 1040
f 1001 1040 1039
f 1002 1003 1041
f 1002 1041 1040
f 1003 1004 1042
f 1003 1042 1041
f 1004 1005 1043
f 1004 1043 1042
f 1005 1006 1044
f 1005 1044 1043
f 1006 1007 1045
f 1006 1045 1044
f 1007 1008 1046
f 1007 1046 1045
f 1008 1009 1047
f 1008 1047 1046
f 1009 1010 1048
f 1009 1048 1047
f 1010 1011 1049
f 1010 1049 1048
f 1011 1012 1050
f 1011 1050 1049
f 1012 1013 1051
f 1012 1051 1050
f 1013 1014 1052
f 1013 1052 1051
f 1014 1015 1053
f 1014 1053 1052
f 1015 1016 1054
f 1015 1054 1053
f 1016 1017 1055
f 1016 1055 1054
f 1017 1018 1056
f 1017 1056 1055
f 1018 1019 1057
f 1018 1057 1056
f 1019 1020 1058
f 1019 1058 1057
f 1020 1021 1059
f 1020 1059 1058
f 1021 1022 1060
f 1021 1060 1059
f 1022 1023 1061
f 1022 1061 1060
f 1023 1024 1062
f 1023 1062 1061
f 1024 1025 1063
f 1024 1063 1062
f 1025 1026 1064
f 1025 1064 1063
f 1026 1027 1065
f 1026 1065 1064
f 1027 1028 1066
f 1027 1066 1065
f 1028 1029 1067
f 1028 1067 1066
f 1029 1030 1068
f 1029 1068 1067
f 1030 1031 1069
f 1030 1069 1068
f 1031 1032 1070
f 1031 1070 1069
f 1033 1034 1072
f 1033 1072 1071
f 1034 1035 1073
f 1034 1073 1072
f 1035 1036 1074
f 1035 1074 1073
f 1036 1037 1075
f 1036 1075 1074
f 1037 1038 1076
f 1037 1076 1075
f 1038 1039 1077
f 1038 1077 1076
f 1039 1040 1078
f 1039 1078 1077
f 1040 1041 1079
f 1040 1079 1078
f 1041 1042 1080
f 1041 1080 1079
f 1042 1043 1081
f 1042 1081 1080
f 1043 1044 1082
f 1043 1082 1081
f 1044 1045 1083
f 1044 1083 1082
f 1045 1046 1084
f 1045 1084 1083
f 1046 1047 1085
f 1046 1085 1084
f 1047 1048 1086
f 1047 1086 1085
f 1048 1049 1087
f 1048 1087 1086
f 1049 1050 1088
f 1049 1088 1087
f 1050 1051 1089
f 1050 1089 1088
f 1051 1052 1090
f 1051 1090 1089
f 1052 1053 1091
f 1052 1091 1090
f 1053 1054 1092
f 1053 1092 1091
f 1054 1055 1093
f 1054 1093 1092
f 1055 1056 1094
f 1055 1094 1093
f 1056 1057 1095
f 1056 1095 1094
f 1057 1058 1096
f 1057 1096 1095
f 1058 1059 1097
f 1058 1097 1096
f 1059 1060 1098
f 1059 1098 1097
f 1060 1061 1099
f 1060 1099 1098
f 1061 1062 1100
f 1061 1100 1099
f 1062 1063 1101
f 1062 1101 1100
f 1063 1064 1102
f 1063 1102 1101
f 1064 1065 1103
f 1064 1103 1102
f 1065 1066 1104
f 1065 1104 1103
f 1066 1067 1105
f 1066 1105 1104
f 1067 1068 1106
f 1067 1106 1105
f 1068 1069 1107
f 1068 1107 1106
f 1069 1070 1108
f 1069 1108 1107
f 1071 1072 1110
f 1071 1110 1109
f 1072 1073 1111
f 1072 1111 1110
f 1073 1074 1112
f 1073 1112 1111
f 1074 1075 1113
f 1074 1113 1112
f 1075 1076 1114
f 1075 1114 1113
f 1076 1077 1115
f 1076 1115 1114
f 1077 1078 1116
f 1077 1116 1115
f 1078 1079 1117
f 1078 1117 1116
f 1079 1080 1118
f 1079 1118 1117
f 1080 1081 1119
f 1080 1119 1118
f 1081 1082 1120
f 1081 1120 1119
f 1082 1083 1121
f 1082 1121 1120
f 1083 1084 1122
f 1083 1122 1121
f 1084 1085 1123
f 1084 1123 1122
f 1085 1086 1124
f 1085 1124 1123
f 1086 1087 1125
f 1086 1125 1124
f 1087 1088 1126
f 1087 1126 1125
f 1088 1089 1127
f 1088 1127 1126
f 1089 1090 1128
f 1089 1128 1127
f 1090 1091 1129
f 1090 1129 1128
f 1091 1092 1130
f 1091 1130 1129
f 1092 1093 1131
f 1092 1131 1130
f 1093 1094 1132
f 1093 1132 1131
f 1094 1095 1133
f 1094 1133 1132
f 1095 1096 1134
f 1095 1134 1133
f 1096 1097 1135
f 1096 1135 1134
f 1097 1098 1136
f 1097 1136 1135
f 1098 1099 1137
f 1098 1137 1136
f 1099 1100 1138
f 1099 1138 1137
f 1100 1101 1139
f 1100 1139 1138
f 1101 1102 1140
f 1101 1140 1139
f 1102 1103 1141
f 1102 1141 1140
f 1103 1104 1142
f 1103 1142 1141
f 1104 1105 1143
f 1104 1143 1142
f 1105 1106 1144
f 1105 1144 1143
f 1106 1107 1145
f 1106 1145 1144
f 1107 1108 1146
f 1107 1146 1145
f 1109 1110 1148
f 1109 1148 1147
f 1110 1111 1149
f 1110 1149 1148
f 1111 1112 1150
f 1111 1150 1149
f 1112 1113 1151
f 1112 1151 1150
f 1113 1114 1152
f 1113 1152 1151
f 1114 1115 1153
f 1114 1153 1152
f 1115 1116 1154
f 1115 1154 1153
f 1116 1117 1155
f 1116 1155 1154
f 1117 1118 1156
f 1117 1156 1155
f 1118 1119 1157
f 1118 1157 1156
f 1119 1120 1158
f 1119 1158 1157
f 1120 1121 1159
f 1120 1159 1158
f 1121 1122 1160
f 1121 1160 1159
f 1122 1123 1161
f 1122 1161 1160
f 1123 1124 1162
f 1123 1162 1161
f 1124 1125 1163
f 1124 1163 1162
f 1125 1126 1164
f 1125 1164 1163
f 1126 1127 1165
f 1126 1165 1164
f 1127 1128 1166
f 1127 1166 1165
f 1128 1129 1167
f 1128 1167 1166
f 1129 1130 1168
f 1129 1168 1167
f 1130 1131 1169
f 1130 1169 1168
f 1131 1132 1170
f 1131 1170 1169
f 1132 1133 1171
f 1132 1171 1170
f 1133 1134 1172
f 1133 1172 1171
f 1134 1135 1173
f 1134 1173 1172
f 1135 1136 1174
f 1135 1174 1173
f 1136 1137 1175
f 1136 1175 1174
f 1137 1138 1176
f 1137 1176 1175
f 1138 1139 1177
f 1138 1177 1176
f 1139 1140 1178
f 1139 1178 1177
f 1140 1141 1179
f 1140 1179 1178
f 1141 1142 1180
f 1141 1180 1179
f 1142 1143 1181
f 1142 1181 1180
f 1143 1144 1182
f 1143 1182 1181
f 1144 1145 1183
f 1144 1183 1182
f 1145 1146 1184
f 1145 1184 1183
f 1147 1148 1186
f 1147 1186 1185
f 1148 1149 1187
f 1148 1187 1186
f 1149 1150 1188
f 1149 1188 1187
f 1150 1151 1189
f 1150 1189 1188
f 1151 1152 1190
f 1151 1190 1189
f 1152 1153 1191
f 1152 1191 1190
f 1153 1154 1192
f 1153 1192 1191
f 1154 1155 1193
f 1154 1193 1192
f 1155 1156 1194
f 1155 1194 1193
f 1156 1157 1195
f 1156 1195 1194
f 1157 1158 1196
f 1157 1196 1195
f 1158 1159 1197
f 1158 1197 1196
f 1159 1160 1198
f 1159 1198 1197
f 1160 1161 1199
f 1160 1199 1198
f 1161 1162 1200
f 1161 1200 1199
f 1162 1163 1201
f 1162 1201 1200
f 1163 1164 1202
f 1163 1202 1201
f 1164 1165 1203
f 1164 1203 1202
f 1165 1166 1204
f 1165 1204 1203
f 1166 1167 1205
f 1166 1205 1204
f 1167 1168 1206
f 1167 1206 1205
f 1168 1169 1207
f 1168 1207 1206
f 1169 1170 1208
f 1169 1208 1207
f 1170 1171 1209
f 1170 1209 1208
f 1171 1172 1210
f 1171 1210 1209
f 1172 1173 1211
f 1172 1211 1210
f 1173 1174 1212
f 1173 1212 1211
f 1174 1175 1213
f 1174 1213 1212
f 1175 1176 1214
f 1175 1214 1213
f 1176 1177 1215
f 1176 1215 1214
f 1177 1178 1216
f 1177 1216 1215
f 1178 1179 1217
f 1178 1217 1216
f 1179 1180 1218
f 1179 1218 1217
f 1180 1181 1219
f 1180 1219 1218
f 1181 1182 1220
f 1181 1220 1219
f 1182 1183 1221
f 1182 1221 1220
f 1183 1184 1222
f 1183 1222 1221
f 1185 1186 1224
f 1185 1224 1223
f 1186 1187 1225
f 1186 1225 1224
f 1187 1188 1226
f 1187 1226 1225
f 1188 1189 1227
f 1188 1227 1226
f 1189 1190 1228
f 1189 1228 1227
f 1190 1191 1229
f 1190 1229 1228
f 1191 1192 1230
f 1191 1230 1229
f 1192 1193 1231
f 1192 1231 1230
f 1193 1194 1232
f 1193 1232 1231
f 1194 1195 1233
f 1194 1233 1232
f 1195 1196 1234
f 1195 1234 1233
f 1196 1197 1235
f 1196 1235 1234
f 1197 1198 1236
f 1197 1236 1235
f 1198 1199 1237
f 1198 1237 1236
f 1199 1200 1238
f 1199 1238 1237
f 1200 1201 1239
f 1200 1239 1238
f 1201 1202 1240
f 1201 1240 1239
f 1202 1203 1241
f 1202 1241 1240
f 1203 1204 1242
f 1203 1242 1241
f 1204 1205 1243
f 1204 1243 1242
f 1205 1206 1244
f 1205 1244 1243
f 1206 1207 1245
f 1206 1245 1244
f 1207 1208 1246
f 1207 1246 1245
f 1208 1209 1247
f 1208 1247 1246
f 1209 1210 1248
f 1209 1248 1247
f 1210 1211 1249
f 1210 1249 1248
f 1211 1212 1250
f 1211 1250 1249
f 1212 1213 1251
f 1212 1251 1250
f 1213 1214 1252
f 1213 1252 1251
f 1214 1215 1253
f 1214 1253 1252
f 1215 1216 1254
f 1215 1254 1253
f 1216 1217 1255
f 1216 1255 1254
f 1217 1218 1256
f 1217 1256 1255
f 1218 1219 1257
f 1218 1257 1256
f 1219 1220 1258
f 1219 1258 1257
f 1220 1221 1259
f 1220 1259 1258
f 1221 1222 1260
f 1221 1260 1259
f 1223 1224 1262
f 1223 1262 1261
f 1224 1225 1263
f 1224 1263 1262
f 1225 1226 1264
f 1225 1264 1263
f 1226 1227 1265
f 1226 1265 1264
f 1227 1228 1266
f 1227 1266 1265
f 1228 1229 1267
f 1228 1267 1266
f 1229 1230 1268
f 1229 1268 1267
f 1230 1231 1269
f 1230 1269 1268
f 1231 1232 1270
f 1231 1270 1269
f 1232 1233 1271
f 1232 1271 1270
f 1233 1234 1272
f 1233 1272 1271
f 1234 1235 1273
f 1234 1273 1272
f 1235 1236 1274
f 1235 1274 1273
f 1236 1237 1275
f 1236 1275 1274
f 1237 1238 1276
f 1237 1276 1275
f 1238 1239 1277
f 1238 1277 1276
f 1239 1240 1278
f 1239 1278 1277
f 1240 1241 1279
f 1240 1279 1278
f 1241 1242 1280
f 1241 1280 1279
f 1242 1243 1281
f 1242 1281 1280
f 1243 1244 1282
f 1243 1282 1281
f 1244 1245 1283
f 1244 1283 1282
f 1245 1246 1284
f 1245 1284 1283
f 1246 1247 1285
f 1246 1285 1284
f 1247 1248 1286
f 1247 1286 1285
f 1248 1249 1287
f 1248 1287 1286
f 1249 1250 1288
f 1249 1288 1287
f 1250 1251 1289
f 1250 1289 1288
f 1251 1252 1290
f 1251 1290 1289
f 1252 1253 1291
f 1252 1291 1290
f 1253 1254 1292
f 1253 1292 1291
f 1254 1255 1293
f 1254 1293 1292
f 1255 1256 1294
f 1255 1294 1293
f 1256 1257 1295
f 1256 1295 1294
f 1257 1258 1296
f 1257 1296 1295
f 1258 1259 1297
f 1258 1297 1296
f 1259 1260 1298
f 1259 1298 1297
f 1261 1262 1300
f 1261 1300 1299
f 1262 1263 1301
f 1262 1301 1300
f 1263 1264 1302
f 1263 1302 1301
f 1264 1265 1303
f 1264 1303 1302
f 1265 1266 1304
f 1265 1304 1303
f 1266 1267 1305
f 1266 1305 1304
f 1267 1268 1306
f 1267 1306 1305
f 1268 1269 1307
f 1268 1307 1306
f 1269 1270 1308
f 1269 1308 1307
f 1270 1271 1309
f 1270 1309 1308
f 1271 1272 1310
f 1271 1310 1309
f 1272 1273 1311
f 1272 1311 1310
f 1273 1274 1312
f 1273 1312 1311
f 1274 1275 1313
f 1274 1313 1312
f 1275 1276 1314
f 1275 1314 1313
f 1276 1277 1315
f 1276 1315 1314
f 1277 1278 1316
f 1277 1316 1315
f 1278 1279 1317
f 1278 1317 1316
f 1279 1280 1318
f 1279 1318 1317
f 1280 1281 1319
f 1280 1319 1318
f 1281 1282 1320
f 1281 1320 1319
f 1282 1283 1321
f 1282 1321 1320
f 1283 1284 1322
f 1283 1322 1321
f 1284 1285 1323
f 1284 1323 1322
f 1285 1286 1324
f 1285 1324 1323
f 1286 1287 1325
f 1286 1325 1324
f 1287 1288 1326
f 1287 1326 1325
f 1288 1289 1327
f 1288 1327 1326
f 1289 1290 1328
f 1289 1328 1327
f 1290 1291 1329
f 1290 1329 1328
f 1291 1292 1330
f 1291 1330 1329
f 1292 1293 1331
f 1292 1331 1330
f 1293 1294 1332
f 1293 1332 1331
f 1294 1295 1333
f 1294 1333 1332
f 1295 1296 1334
f 1295 1334 1333
f 1296 1297 1335
f 1296 1335 1334
f 1297 1298 1336
f 1297 1336 1335
f 1299 1300 1338
f 1299 1338 1337
f 1300 1301 1339
f 1300 1339 1338
f 1301 1302 1340
f 1301 1340 1339
f 1302 1303 1341
f 1302 1341 1340
f 1303 1304 1342
f 1303 1342 1341
f 1304 1305 1343
f 1304 1343 1342
f 1305 1306 1344
f 1305 1344 1343
f 1306 1307 1345
f 1306 1345 1344
f 1307 1308 1346
f 1307 1346 1345
f 1308 1309 1347
f 1308 1347 1346
f 1309 1310 1348
f 1309 1348 1347
f 1310 1311 1349
f 1310 1349 1348
f 1311 1312 1350
f 1311 1350 1349
f 1312 1313 1351
f 1312 1351 1350
f 1313 1314 1352
f 1313 1352 1351
f 1314 1315 1353
f 1314 1353 1352
f 1315 1316 1354
f 1315 1354 1353
f 1316 1317 1355
f 1316 1355 1354
f 1317 1318 1356
f 1317 1356 1355
f 1318 1319 1357
f 1318 1357 1356
f 1319 1320 1358
f 1319 1358 1357
f 1320 1321 1359
f 1320 1359 1358
f 1321 1322 1360
f 1321 1360 1359
f 1322 1323 1361
f 1322 1361 1360
f 1323 1324 1362
f 1323 1362 1361
f 1324 1325 1363
f 1324 1363 1362
f 1325 1326 1364
f 1325 1364 1363
f 1326 1327 1365
f 1326 1365 1364
f 1327 1328 1366
f 1327 1366 1365
f 1328 1329 1367
f 1328 1367 1366
f 1329 1330 1368
f 1329 1368 1367
f 1330 1331 1369
f 1330 1369 1368
f 1331 1332 1370
f 1331 1370 1369
f 1332 1333 1371
f 1332 1371 1370
f 1333 1334 1372
f 1333 1372 1371
f 1334 1335 1373
f 1334 1373 1372
f 1335 1336 1374
f 1335 1374 1373
f 1337 1338 1376
f 1337 1376 1375
f 1338 1339 1377
f 1338 1377 1376
f 1339 1340 1378
f 1339 1378 1377
f 1340 1341 1379
f 1340 1379 1378
f 1341 1342 1380
f 1341 1380 1379
f 1342 1343 1381
f 1342 1381 1380
f 1343 1344 1382
f 1343 1382 1381
f 1344 1345 1383
f 1344 1383 1382
f 1345 1346 1384
f 1345 1384 1383
f 1346 1347 1385
f 1346 1385 1384
f 1347 1348 1386
f 1347 1386 1385
f 1348 1349 1387
f 1348 1387 1386
f 1349 1350 1388
f 1349 1388 1387
f 1350 1351 1389
f 1350 1389 1388
f 1351 1352 1390
f 1351 1390 1389
f 1352 1353 1391
f 1352 1391 1390
f 1353 1354 1392
f 1353 1392 1391
f 1354 1355 1393
f 1354 1393 1392
f 1355 1356 1394
f 1355 1394 1393
f 1356 1357 1395
f 1356 1395 1394
f 1357 1358 1396
f 1357 1396 1395
f 1358 1359 1397
f 1358 1397 1396
f 1359 1360 1398
f 1359 1398 1397
f 1360 1361 1399
f 1360 1399 1398
f 1361 1362 1400
f 1361 1400 1399
f 1362 1363 1401
f 1362 1401 1400
f 1363 1364 1402
f 1363 1402 1401
f 1364 1365 1403
f 1364 1403 1402
f 1365 1366 1404
f 1365 1404 1403
f 1366 1367 1405
f 1366 1405 1404
f 1367 1368 1406
f 1367 1406 1405
f 1368 1369 1407
f 1368 1407 1406
f 1369 1370 1408
f 1369 1408 1407
f 1370 1371 1409
f 1370 1409 1408
f 1371 1372 1410
f 1371 1410 1409
f 1372 1373 1411
f 1372 1411 1410
f 1373 1374 1412
f 1373 1412 1411
f 1375 1376 1414
f 1375 1414 1413
f 1376 1377 1415
f 1376 1415 1414
f 1377 1378 1416
f 1377 1416 1415
f 1378 1379 1417
f 1378 1417 1416
f 1379 1380 1418
f 1379 1418 1417
f 1380 1381 1419
f 1380 1419 1418
f 1381 1382 1420
f 1381 1420 1419
f 1382 1383 1421
f 1382 1421 1420
f 1383 1384 1422
f 1383 1422 1421
f 1384 1385 1423
f 1384 1423 1422
f 1385 1386 1424
f 1385 1424 1423
f 1386 1387 1425
f 1386 1425 1424
f 1387 1388 1426
f 1387 1426 1425
f 1388 1389 1427
f 1388 1427 1426
f 1389 1390 1428
f 1389 1428 1427
f 1390 1391 1429
f 1390 1429 1428
f 1391 1392 1430
f 1391 1430 1429
f 1392 1393 1431
f 1392 1431 1430
f 1393 1394 1432
f 1393 1432 1431
f 1394 1395 1433
f 1394 1433 1432
f 1395 1396 1434
f 1395 1434 1433
f 1396 1397 1435
f 1396 1435 1434
f 1397 1398 1436
f 1397 1436 1435
f 1398 1399 1437
f 1398 1437 1436
f 1399 1400 1438
f 1399 1438 1437
f 1400 1401 1439
f 1400 1439 1438
f 1401 1402 1440
f 1401 1440 1439
f 1402 1403 1441
f 1402 1441 1440
f 1403 1404 1442
f 1403 1442 1441
f 1404 1405 1443
f 1404 1443 1442
f 1405 1406 1444
f 1405 1444 1443
f 1406 1407 1445
f 1406 1445 1444
f 1407 1408 1446
f 1407 1446 1445
f 1408 1409 1447
f 1408 1447 1446
f 1409 1410 1448
f 1409 1448 1447
f 1410 1411 1449
f 1410 1449 1448
f 1411 1412 1450
f 1411 1450 1449
f 1413 1414 1452
f 1413 1452 1451
f 1414 1415 1453
f 1414 1453 1452
f 1415 1416 1454
f 1415 1454 1453
f 1416 1417 1455
f 1416 1455 1454
f 1417 1418 1456
f 1417 1456 1455
f 1418 1419 1457
f 1418 1457 1456
f 1419 1420 1458
f 1419 1458 1457
f 1420 1421 1459
f 1420 1459 1458
f 1421 1422 1460
f 1421 1460 1459
f 1422 1423 1461
f 1422 1461 1460
f 1423 1424 1462
f 1423 1462 1461
f 1424 1425 1463
f 1424 1463 1462
f 1425 1426 1464
f 1425 1464 1463
f 1426 1427 1465
f 1426 1465 1464
f 1427 1428 1466
f 1427 1466 1465
f 1428 1429 1467
f 1428 1467 1466
f 1429 1430 1468
f 1429 1468 1467
f 1430 1431 1469
f 1430 1469 1468
f 1431 1432 1470
f 1431 1470 1469
f 1432 1433 1471
f 1432 1471 1470
f 1433 1434 1472
f 1433 1472 1471
f 1434 1435 1473
f 1434 1473 1472
f 1435 1436 1474
f 1435 1474 1473
f 1436 1437 1475
f 1436 1475 1474
f 1437 1438 1476
f 1437 1476 1475
f 1438 1439 1477
f 1438 1477 1476
f 1439 1440 1478
f 1439 1478 1477
f 1440 1441 1479
f 1440 1479 1478
f 1441 1442 1480
f 1441 1480 1479
f 1442 1443 1481
f 1442 1481 1480
f 1443 1444 1482
f 1443 1482 1481
f 1444 1445 1483
f 1444 1483 1482
f 1445 1446 1484
f 1445 1484 1483
f 1446 1447 1485
f 1446 1485 1484
f 1447 1448 1486
f 1447 1486 1485
f 1448 1449 1487
f 1448 1487 1486
f 1449 1450 1488
f 1449 1488 1487
f 1451 1452 1490
f 1451 1490 1489
f 1452 1453 1491
f 1452 1491 1490
f 1453 1454 1492
f 1453 1492 1491
f 1454 1455 1493
f 1454 1493 1492
f 1455 1456 1494
f 1455 1494 1493
f 1456 1457 1495
f 1456 1495 1494
f 1457 1458 1496
f 1457 1496 1495
f 1458 1459 1497
f 1458 1497 1496
f 1459 1460 1498
f 1459 1498 1497
f 1460 1461 1499
f 1460 1499 1498
f 1461 1462 1500
f 1461 1500 1499
f 1462 1463 1501
f 1462 1501 1500
f 1463 1464 1502
f 1463 1502 1501
f 1464 1465 1503
f 1464 1503 1502
f 1465 1466 1504
f 1465 1504 1503
f 1466 1467 1505
f 1466 1505 1504
f 1467 1468 1506
f 1467 1506 1505
f 1468 1469 1507
f 1468 1507 1506
f 1469 1470 1508
f 1469 1508 1507
f 1470 1471 1509
f 1470 1509 1508
f 1471 1472 1510
f 1471 1510 1509
f 1472 1473 1511
f 1472 1511 1510
f 1473 1474 1512
f 1473 1512 1511
f 1474 1475 1513
f 1474 1513 1512
f 1475 1476 1514
f 1475 1514 1513
f 1476 1477 1515
f 1476 1515 1514
f 1477 1478 1516
f 1477 1516 1515
f 1478 1479 1517
f 1478 1517 1516
f 1479 1480 1518
f 1479 1518 1517
f 1480 1481 1519
f 1480 1519 1518
f 1481 1482 1520
f 1481 1520 1519
f 1482 1483 1521
f 1482 1521 1520
f 1483 1484 1522
f 1483 1522 1521
f 1484 1485 1523
f 1484 1523 1522
f 1485 1486 1524
f 1485 1524 1523
f 1486 1487 1525
f 1486 1525 1524
f 1487 1488 1526
f 1487 1526 1525
f 1489 1490 1528
f 1489 1528 1527
f 1490 1491 1529
f 1490 1529 1528
f 1491 1492 1530
f 1491 1530 1529
f 1492 1493 1531
f 1492 1531 1530
f 1493 1494 1532
f 1493 1532 1531
f 1494 1495 1533
f 1494 1533 1532
f 1495 1496 1534
f 1495 1534 1533
f 1496 1497 1535
f 1496 1535 1534
f 1497 1498 1536
f 1497 1536 1535
f 1498 1499 1537
f 1498 1537 1536
f 1499 1500 1538
f 1499 1538 1537
f 1500 1501 1539
f 1500 1539 1538
f 1501 1502 1540
f 1501 1540 1539
f 1502 1503 1541
f 1502 1541 1540
f 1503 1504 1542
f 1503 1542 1541
f 1504 1505 1543
f 1504 1543 1542
f 1505 1506 1544
f 1505 1544 1543
f 1506 1507 1545
f 1506 1545 1544
f 1507 1508 1546
f 1507 1546 1545
f 1508 1509 1547
f 1508 1547 1546
f 1509 1510 1548
f 1509 1548 1547
f 1510 1511 1549
f 1510 1549 1548
f 1511 1512 1550
f 1511 1550 1549
f 1512 1513 1551
f 1512 1551 1550
f 1513 1514 1552
f 1513 1552 1551
f 1514 1515 1553
f 1514 1553 1552
f 1515 1516 1554
f 1515 1554 1553
f 1516 1517 1555
f 1516 1555 1554
f 1517 1518 1556
f 1517 1556 1555
f 1518 1519 1557
f 1518 1557 1556
f 1519 1520 1558
f 1519 1558 1557
f 1520 1521 1559
f 1520 1559 1558
f 1521 1522 1560
f 1521 1560 1559
f 1522 1523 1561
f 1522 1561 1560
f 1523 1524 1562
f 1523 1562 1561
f 1524 1525 1563
f 1524 1563 1562
f 1525 1526 1564
f 1525 1564 1563
f 1527 1528 1566
f 1527 1566 1565
f 1528 1529 1567
f 1528 1567 1566
f 1529 1530 1568
f 1529 1568 1567
f 1530 1531 1569
f 1530 1569 1568
f 1531 1532 1570
f 1531 1570 1569
f 1532 1533 1571
f 1532 1571 1570
f 1533 1534 1572
f 1533 1572 1571
f 1534 1535 1573
f 1534 1573 1572
f 1535 1536 1574
f 1535 1574 1573
f 1536 1537 1575
f 1536 1575 1574
f 1537 1538 1576
f 1537 1576 1575
f 1538 1539 1577
f 1538 1577 1576
f 1539 1540 1578
f 1539 1578 1577
f 1540 1541 1579
f 1540 1579 1578
f 1541 1542 1580
f 1541 1580 1579
f 1542 1543 1581
f 1542 1581 1580
f 1543 1544 1582
f 1543 1582 1581
f 1544 1545 1583
f 1544 1583 1582
f 1545 1546 1584
f 1545 1584 1583
f 1546 1547 1585
f 1546 1585 1584
f 1547 1548 1586
f 1547 1586 1585
f 1548 1549 1587
f 1548 1587 1586
f 1549 1550 1588
f 1549 1588 1587
f 1550 1551 1589
f 1550 1589 1588
f 1551 1552 1590
f 1551 1590 1589
f 1552 1553 1591
f 1552 1591 1590
f 1553 1554 1592
f 1553 1592 1591
f 1554 1555 1593
f 1554 1593 1592
f 1555 1556 1594
f 1555 1594 1593
f 1556 1557 1595
f 1556 1595 1594
f 1557 1558 1596
f 1557 1596 1595
f 1558 1559 1597
f 1558 1597 1596
f 1559 1560 1598
f 1559 1598 1597
f 1560 1561 1599
f 1560 1599 1598
f 1561 1562 1600
f 1561 1600 1599
f 1562 1563 1601
f 1562 1601 1600
f 1563 1564 1602
f 1563 1602 1601
f 1565 1566 1604
f 1565 1604 1603
f 1566 1567 1605
f 1566 1605 1604
f 1567 1568 1606
f 1567 1606 1605
f 1568 1569 1607
f 1568 1607 1606
f 1569 1570 1608
f 1569 1608 1607
f 1570 1571 1609
f 1570 1609 1608
f 1571 1572 1610
f 1571 1610 1609
f 1572 1573 1611
f 1572 1611 1610
f 1573 1574 1612
f 1573 1612 1611
f 1574 1575 1613
f 1574 1613 1612
f 1575 1576 1614
f 1575 1614 1613
f 1576 1577 1615
f 1576 1615 1614
f 1577 1578 1616
f 1577 1616 1615
f 1578 1579 1617
f 1578 1617 1616
f 1579 1580 1618
f 1579 1618 1617
f 1580 1581 1619
f 1580 1619 1618
f 1581 1582 1620
f 1581 1620 1619
f 1582 1583 1621
f 1582 1621 1620
f 1583 1584 1622
f 1583 1622 1621
f 1584 1585 1623
f 1584 1623 1622
f 1585 1586 1624
f 1585 1624 1623
f 1586 1587 1625
f 1586 1625 1624
f 1587 1588 1626
f 1587 1626 1625
f 1588 1589 1627
f 1588 1627 1626
f 1589 1590 1628
f 1589 1628 1627
f 1590 1591 1629
f 1590 1629 1628
f 1591 1592 1630
f 1591 1630 1629
f 1592 1593 1631
f 1592 1631 1630
f 1593 1594 1632
f 1593 1632 1631
f 1594 1595 1633
f 1594 1633 1632
f 1595 1596 1634
f 1595 1634 1633
f 1596 1597 1635
f 1596 1635 1634
f 1597 1598 1636
f 1597 1636 1635
f 1598 1599 1637
f 1598 1637 1636
f 1599 1600 1638
f 1599 1638 1637
f 1600 1601 1639
f 1600 1639 1638
f 1601 1602 1640
f 1601 1640 1639
f 1603 1604 1642
f 1603 1642 1641
f 1604 1605 1643
f 1604 1643 1642
f 1605 1606 1644
f 1605 1644 1643
f 1606 1607 1645
f 1606 1645 1644
f 1607 1608 1646
f 1607 1646 1645
f 1608 1609 1647
f 1608 1647 1646
f 1609 1610 1648
f 1609 1648 1647
f 1610 1611 1649
f 1610 1649 1648
f 1611 1612 1650
f 1611 1650 1649
f 1612 1613 1651
f 1612 1651 1650
f 1613 1614 1652
f 1613 1652 1651
f 1614 1615 1653
f 1614 1653 1652
f 1615 1616 1654
f 1615 1654 1653
f 1616 1617 1655
f 1616 1655 1654
f 1617 1618 1656
f 1617 1656 1655
f 1618 1619 1657
f 1618 1657 1656
f 1619 1620 1658
f 1619 1658 1657
f 1620 1621 1659
f 1620 1659 1658
f 1621 1622 1660
f 1621 1660 1659
f 1622 1623 1661
f 1622 1661 1660
f 1623 1624 1662
f 1623 1662 1661
f 1624 1625 1663
f 1624 1663 1662
f 1625 1626 1664
f 1625 1664 1663
f 1626 1627 1665
f 1626 1665 1664
f 1627 1628 1666
f 1627 1666 1665
f 1628 1629 1667
f 1628 1667 1666
f 1629 1630 1668
f 1629 1668 1667
f 1630 1631 1669
f 1630 1669 1668
f 1631 1632 1670
f 1631 1670 1669
f 1632 1633 1671
f 1632 1671 1670
f 1633 1634 1672
f 1633 1672 1671
f 1634 1635 1673
f 1634 1673 1672
f 1635 1636 1674
f 1635 1674 1673
f 1636 1637 1675
f 1636 1675 1674
f 1637 1638 1676
f 1637 1676 1675
f 1638 1639 1677
f 1638 1677 1676
f 1639 1640 1678
f 1639 1678 1677
f 1641 1642 1680
f 1641 1680 1679
f 1642 1643 1681
f 1642 1681 1680
f 1643 1644 1682
f 1643 1682 1681
f 1644 1645 1683
f 1644 1683 1682
f 1645 1646 1684
f 1645 1684 1683
f 1646 1647 1685
f 1646 1685 1684
f 1647 1648 1686
f 1647 1686 1685
f 1648 1649 1687
f 1648 1687 1686
f 1649 1650 1688
f 1649 1688 1687
f 1650 1651 1689
f 1650 1689 1688
f 1651 1652 1690
f 1651 1690 1689
f 1652 1653 1691
f 1652 1691 1690
f 1653 1654 1692
f 1653 1692 1691
f 1654 1655 1693
f 1654 1693 1692
f 1655 1656 1694
f 1655 1694 1693
f 1656 1657 1695
f 1656 1695 1694
f 1657 1658 1696
f 1657 1696 1695
f 1658 1659 1697
f 1658 1697 1696
f 1659 1660 1698
f 1659 1698 1697
f 1660 1661 1699
f 1660 1699 1698
f 1661 1662 1700
f 1661 1700 1699
f 1662 1663 1701
f 1662 1701 1700
f 1663 1664 1702
f 1663 1702 1701
f 1664 1665 1703
f 1664 1703 1702
f 1665 1666 1704
f 1665 1704 1703
f 1666 1667 1705
f 1666 1705 1704
f 1667 1668 1706
f 1667 1706 1705
f 1668 1669 1707
f 1668 1707 1706
f 1669 1670 1708
f 1669 1708 1707
f 1670 1671 1709
f 1670 1709 1708
f 1671 1672 1710
f 1671 1710 1709
f 1672 1673 1711
f 1672 1711 1710
f 1673 1674 1712
f 1673 1712 1711
f 1674 1675 1713
f 1674 1713 1712
f 1675 1676 1714
f 1675 1714 1713
f 1676 1677 1715
f 1676 1715 1714
f 1677 1678 1716
f 1677 1716 1715
f 1679 1680 1718
f 1679 1718 1717
f 1680 1681 1719
f 1680 1719 1718
f 1681 1682 1720
f 1681 1720 1719
f 1682 1683 1721
f 1682 1721 1720
f 1683 1684 1722
f 1683 1722 1721
f 1684 1685 1723
f 1684 1723 1722
f 1685 1686 1724
f 1685 1724 1723
f 1686 1687 1725
f 1686 1725 1724
f 1687 1688 1726
f 1687 1726 1725
f 1688 1689 1727
f 1688 1727 1726
f 1689 1690 1728
f 1689 1728 1727
f 1690 1691 1729
f 1690 1729 1728
f 1691 1692 1730
f 1691 1730 1729
f 1692 1693 1731
f 1692 1731 1730
f 1693 1694 1732
f 1693 1732 1731
f 1694 1695 1733
f 1694 1733 1732
f 1695 1696 1734
f 1695 1734 1733
f 1696 1697 1735
f 1696 1735 1734
f 1697 1698 1736
f 1697 1736 1735
f 1698 1699 1737
f 1698 1737 1736
f 1699 1700 1738
f 1699 1738 1737
f 1700 1701 1739
f 1700 1739 1738
f 1701 1702 1740
f 1701 1740 1739
f 1702 1703 1741
f 1702 1741 1740
f 1703 1704 1742
f 1703 1742 1741
f 1704 1705 1743
f 1704 1743 1742
f 1705 1706 1744
f 1705 1744 1743
f 1706 1707 1745
f 1706 1745 1744
f 1707 1708 1746
f 1707 1746 1745
f 1708 1709 1747
f 1708 1747 1746
f 1709 1710 1748
f 1709 1748 1747
f 1710 1711 1749
f 1710 1749 1748
f 1711 1712 1750
f 1711 1750 1749
f 1712 1713 1751
f 1712 1751 1750
f 1713 1714 1752
f 1713 1752 1751
f 1714 1715 1753
f 1714 1753 1752
f 1715 1716 1754
f 1715 1754 1753
f 1717 1718 1756
f 1717 1756 1755
f 1718 1719 1757
f 1718 1757 1756
f 1719 1720 1758
f 1719 1758 1757
f 1720 1721 1759
f 1720 1759 1758
f 1721 1722 1760
f 1721 1760 1759
f 1722 1723 1761
f 1722 1761 1760
f 1723 1724 1762
f 1723 1762 1761
f 1724 1725 1763
f 1724 1763 1762
f 1725 1726 1764
f 1725 1764 1763
f 1726 1727 1765
f 1726 1765 1764
f 1727 1728 1766
f 1727 1766 1765
f 1728 1729 1767
f 1728 1767 1766
f 1729 1730 1768
f 1729 1768 1767
f 1730 1731 1769
f 1730 1769 1768
f 1731 1732 1770
f 1731 1770 1769
f 1732 1733 1771
f 1732 1771 1770
f 1733 1734 1772
f 1733 1772 1771
f 1734 1735 1773
f 1734 1773 1772
f 1735 1736 1774
f 1735 1774 1773
f 1736 1737 1775
f 1736 1775 1774
f 1737 1738 1776
f 1737 1776 1775
f 1738 1739 1777
f 1738 1777 1776
f 1739 1740 1778
f 1739 1778 1777
f 1740 1741 1779
f 1740 1779 1778
f 1741 1742 1780
f 1741 1780 1779
f 1742 1743 1781
f 1742 1781 1780
f 1743 1744 1782
f 1743 1782 1781
f 1744 1745 1783
f 1744 1783 1782
f 1745 1746 1784
f 1745 1784 1783
f 1746 1747 1785
f 1746 1785 1784
f 1747 1748 1786
f 1747 1786 1785
f 1748 1749 1787
f 1748 1787 1786
f 1749 1750 1788
f 1749 1788 1787
f 1750 1751 1789
f 1750 1789 1788
f 1751 1752 1790
f 1751 1790 1789
f 1752 1753 1791
f 1752 1791 1790
f 1753 1754 1792
f 1753 1792 1791
f 1755 1756 274
f 1755 274 273
f 1756 1757 275
f 1756 275 274
f 1757 1758 276
f 1757 276 275
f 1758 1759 277
f 1758 277 276
f 1759 1760 278
f 1759 278 277
f 1760 1761 279
f 1760 279 278
f 1761 1762 280
f 1761 280 279
f 1762 1763 281
f 1762 281 280
f 1763 1764 282
f 1763 282 281
f 1764 1765 283
f 1764 283 282
f 1765 1766 284
f 1765 284 283
f 1766 1767 285
f 1766 285 284
f 1767 1768 286
f 1767 286 285
f 1768 1769 287
f 1768 287 286
f 1769 1770 288
f 1769 288 287
f 1770 1771 289
f 1770 289 288
f 1771 1772 290
f 1771 290 289
f 1772 1773 291
f 1772 291 290
f 1773 1774 292
f 1773 292 291
f 1774 1775 293
f 1774 293 292
f 1775 1776 294
f 1775 294 293
f 1776 1777 295
f 1776 295 294
f 1777 1778 296
f 1777 296 295
f 1778 1779 297
f 1778 297 296
f 1779 1780 298
f 1779 298 297
f 1780 1781 299
f 1780 299 298
f 1781 1782 300
f 1781 300 299
f 1782 1783 301
f 1782 301 300
f 1783 1784 302
f 1783 302 301
f 1784 1785 303
f 1784 303 302
f 1785 1786 304
f 1785 304 303
f 1786 1787 305
f 1786 305 304
f 1787 1788 306
f 1787 306 305
f 1788 1789 307
f 1788 307 306
f 1789 1790 308
f 1789 308 307
f 1790 1791 309
f 1790 309 308
f 1791 1792 310
f 1791 310 309
